[2026-07-30T04:14:00.294414+00:00] main.CRITICAL: Magento\Framework\Exception\NoSuchEntityException: There is no such media asset with path "wysiwyg/womens/womens-main.jpg" in /var/www/html/vendor/magento/module-media-gallery/Model/Asset/Command/GetByPath.php:81
Stack trace:
#0 /var/www/html/vendor/magento/module-media-content/Model/ExtractAssetsFromContent.php(88): Magento\MediaGallery\Model\Asset\Command\GetByPath->execute()
#1 /var/www/html/vendor/magento/module-media-content/Model/ExtractAssetsFromContent.php(70): Magento\MediaContent\Model\ExtractAssetsFromContent->getAssetsByPaths()
#2 /var/www/html/vendor/magento/module-media-content/Model/UpdateContentAssetLinks.php(109): Magento\MediaContent\Model\ExtractAssetsFromContent->execute()
#3 /var/www/html/vendor/magento/module-media-content/Model/UpdateContentAssetLinks.php(91): Magento\MediaContent\Model\UpdateContentAssetLinks->updateRelation()
#4 /var/www/html/vendor/magento/module-media-content-cms/Observer/Block.php(82): Magento\MediaContent\Model\UpdateContentAssetLinks->execute()
#5 /var/www/html/vendor/magento/framework/Event/Invoker/InvokerDefault.php(88): Magento\MediaContentCms\Observer\Block->execute()
#6 /var/www/html/vendor/magento/framework/Event/Invoker/InvokerDefault.php(74): Magento\Framework\Event\Invoker\InvokerDefault->_callObserverMethod()
#7 /var/www/html/vendor/magento/framework/Event/Manager.php(65): Magento\Framework\Event\Invoker\InvokerDefault->dispatch()
#8 /var/www/html/generated/code/Magento/Framework/Event/Manager/Proxy.php(105): Magento\Framework\Event\Manager->dispatch()
#9 /var/www/html/vendor/magento/framework/Model/AbstractModel.php(866): Magento\Framework\Event\Manager\Proxy->dispatch()
#10 /var/www/html/vendor/magento/framework/EntityManager/Observer/AfterEntitySave.php(34): Magento\Framework\Model\AbstractModel->afterSave()
#11 /var/www/html/vendor/magento/framework/Event/Invoker/InvokerDefault.php(88): Magento\Framework\EntityManager\Observer\AfterEntitySave->execute()
#12 /var/www/html/vendor/magento/framework/Event/Invoker/InvokerDefault.php(74): Magento\Framework\Event\Invoker\InvokerDefault->_callObserverMethod()
#13 /var/www/html/vendor/magento/framework/Event/Manager.php(65): Magento\Framework\Event\Invoker\InvokerDefault->dispatch()
#14 /var/www/html/generated/code/Magento/Framework/Event/Manager/Proxy.php(105): Magento\Framework\Event\Manager->dispatch()
#15 /var/www/html/vendor/magento/framework/EntityManager/EventManager.php(49): Magento\Framework\Event\Manager\Proxy->dispatch()
#16 /var/www/html/vendor/magento/framework/EntityManager/Operation/Create.php(123): Magento\Framework\EntityManager\EventManager->dispatchEntityEvent()
#17 /var/www/html/vendor/magento/framework/EntityManager/EntityManager.php(106): Magento\Framework\EntityManager\Operation\Create->execute()
#18 /var/www/html/vendor/magento/module-cms/Model/ResourceModel/Block.php(247): Magento\Framework\EntityManager\EntityManager->save()
#19 /var/www/html/vendor/magento/framework/Model/AbstractModel.php(682): Magento\Cms\Model\ResourceModel\Block->save()
#20 /var/www/html/vendor/magento/module-cms-sample-data/Model/Block.php(98): Magento\Framework\Model\AbstractModel->save()
#21 /var/www/html/vendor/magento/module-cms-sample-data/Model/Block.php(77): Magento\CmsSampleData\Model\Block->saveCmsBlock()
#22 /var/www/html/vendor/magento/module-cms-sample-data/Setup/Installer.php(60): Magento\CmsSampleData\Model\Block->install()
#23 [internal function]: Magento\CmsSampleData\Setup\Installer->install()
#24 /var/www/html/vendor/magento/framework/App/State.php(183): call_user_func_array()
#25 /var/www/html/generated/code/Magento/Framework/App/State/Interceptor.php(68): Magento\Framework\App\State->emulateAreaCode()
#26 /var/www/html/vendor/magento/framework/Setup/SampleData/Executor.php(54): Magento\Framework\App\State\Interceptor->emulateAreaCode()
#27 /var/www/html/vendor/magento/module-cms-sample-data/Setup/Patch/Data/InstallCmsSampleData.php(47): Magento\Framework\Setup\SampleData\Executor->exec()
#28 /var/www/html/vendor/magento/framework/Setup/Patch/PatchApplier.php(301): Magento\CmsSampleData\Setup\Patch\Data\InstallCmsSampleData->apply()
#29 /var/www/html/vendor/magento/framework/Setup/Patch/PatchApplier.php(165): Magento\Framework\Setup\Patch\PatchApplier->applyPatch()
#30 /var/www/html/setup/src/Magento/Setup/Model/Installer.php(1148): Magento\Framework\Setup\Patch\PatchApplier->applyDataPatch()
#31 /var/www/html/setup/src/Magento/Setup/Model/Installer.php(1020): Magento\Setup\Model\Installer->handleDBSchemaData()
#32 /var/www/html/setup/src/Magento/Setup/Console/Command/UpgradeCommand.php(167): Magento\Setup\Model\Installer->installDataFixtures()
#33 /var/www/html/vendor/symfony/console/Command/Command.php(341): Magento\Setup\Console\Command\UpgradeCommand->execute()
#34 /var/www/html/vendor/symfony/console/Application.php(1094): Symfony\Component\Console\Command\Command->run()
#35 /var/www/html/vendor/symfony/console/Application.php(356): Symfony\Component\Console\Application->doRunCommand()
#36 /var/www/html/vendor/magento/framework/Console/Cli.php(137): Symfony\Component\Console\Application->doRun()
#37 /var/www/html/vendor/symfony/console/Application.php(195): Magento\Framework\Console\Cli->doRun()
#38 /var/www/html/bin/magento(23): Symfony\Component\Console\Application->run()
#39 {main} {"exception":"[object] (Magento\\Framework\\Exception\\NoSuchEntityException(code: 0): There is no such media asset with path \"wysiwyg/womens/womens-main.jpg\" at /var/www/html/vendor/magento/module-media-gallery/Model/Asset/Command/GetByPath.php:81)"} []
[2026-07-30T04:14:00.294983+00:00] main.CRITICAL: Magento\Framework\Exception\NoSuchEntityException: There is no such media asset with path "wysiwyg/womens/womens-main.jpg" in /var/www/html/vendor/magento/module-media-gallery/Model/Asset/Command/GetByPath.php:81
Stack trace:
#0 /var/www/html/vendor/magento/module-media-content/Model/ExtractAssetsFromContent.php(88): Magento\MediaGallery\Model\Asset\Command\GetByPath->execute()
#1 /var/www/html/vendor/magento/module-media-content/Model/ExtractAssetsFromContent.php(70): Magento\MediaContent\Model\ExtractAssetsFromContent->getAssetsByPaths()
#2 /var/www/html/vendor/magento/module-media-content/Model/UpdateContentAssetLinks.php(109): Magento\MediaContent\Model\ExtractAssetsFromContent->execute()
#3 /var/www/html/vendor/magento/module-media-content/Model/UpdateContentAssetLinks.php(91): Magento\MediaContent\Model\UpdateContentAssetLinks->updateRelation()
#4 /var/www/html/vendor/magento/module-media-content-cms/Observer/Block.php(82): Magento\MediaContent\Model\UpdateContentAssetLinks->execute()
#5 /var/www/html/vendor/magento/framework/Event/Invoker/InvokerDefault.php(88): Magento\MediaContentCms\Observer\Block->execute()
#6 /var/www/html/vendor/magento/framework/Event/Invoker/InvokerDefault.php(74): Magento\Framework\Event\Invoker\InvokerDefault->_callObserverMethod()
#7 /var/www/html/vendor/magento/framework/Event/Manager.php(65): Magento\Framework\Event\Invoker\InvokerDefault->dispatch()
#8 /var/www/html/generated/code/Magento/Framework/Event/Manager/Proxy.php(105): Magento\Framework\Event\Manager->dispatch()
#9 /var/www/html/vendor/magento/framework/Model/AbstractModel.php(866): Magento\Framework\Event\Manager\Proxy->dispatch()
#10 /var/www/html/vendor/magento/framework/EntityManager/Observer/AfterEntitySave.php(34): Magento\Framework\Model\AbstractModel->afterSave()
#11 /var/www/html/vendor/magento/framework/Event/Invoker/InvokerDefault.php(88): Magento\Framework\EntityManager\Observer\AfterEntitySave->execute()
#12 /var/www/html/vendor/magento/framework/Event/Invoker/InvokerDefault.php(74): Magento\Framework\Event\Invoker\InvokerDefault->_callObserverMethod()
#13 /var/www/html/vendor/magento/framework/Event/Manager.php(65): Magento\Framework\Event\Invoker\InvokerDefault->dispatch()
#14 /var/www/html/generated/code/Magento/Framework/Event/Manager/Proxy.php(105): Magento\Framework\Event\Manager->dispatch()
#15 /var/www/html/vendor/magento/framework/EntityManager/EventManager.php(49): Magento\Framework\Event\Manager\Proxy->dispatch()
#16 /var/www/html/vendor/magento/framework/EntityManager/Operation/Create.php(123): Magento\Framework\EntityManager\EventManager->dispatchEntityEvent()
#17 /var/www/html/vendor/magento/framework/EntityManager/EntityManager.php(106): Magento\Framework\EntityManager\Operation\Create->execute()
#18 /var/www/html/vendor/magento/module-cms/Model/ResourceModel/Block.php(247): Magento\Framework\EntityManager\EntityManager->save()
#19 /var/www/html/vendor/magento/framework/Model/AbstractModel.php(682): Magento\Cms\Model\ResourceModel\Block->save()
#20 /var/www/html/vendor/magento/module-cms-sample-data/Model/Block.php(98): Magento\Framework\Model\AbstractModel->save()
#21 /var/www/html/vendor/magento/module-cms-sample-data/Model/Block.php(77): Magento\CmsSampleData\Model\Block->saveCmsBlock()
#22 /var/www/html/vendor/magento/module-cms-sample-data/Setup/Installer.php(60): Magento\CmsSampleData\Model\Block->install()
#23 [internal function]: Magento\CmsSampleData\Setup\Installer->install()
#24 /var/www/html/vendor/magento/framework/App/State.php(183): call_user_func_array()
#25 /var/www/html/generated/code/Magento/Framework/App/State/Interceptor.php(68): Magento\Framework\App\State->emulateAreaCode()
#26 /var/www/html/vendor/magento/framework/Setup/SampleData/Executor.php(54): Magento\Framework\App\State\Interceptor->emulateAreaCode()
#27 /var/www/html/vendor/magento/module-cms-sample-data/Setup/Patch/Data/InstallCmsSampleData.php(47): Magento\Framework\Setup\SampleData\Executor->exec()
#28 /var/www/html/vendor/magento/framework/Setup/Patch/PatchApplier.php(301): Magento\CmsSampleData\Setup\Patch\Data\InstallCmsSampleData->apply()
#29 /var/www/html/vendor/magento/framework/Setup/Patch/PatchApplier.php(165): Magento\Framework\Setup\Patch\PatchApplier->applyPatch()
#30 /var/www/html/setup/src/Magento/Setup/Model/Installer.php(1148): Magento\Framework\Setup\Patch\PatchApplier->applyDataPatch()
#31 /var/www/html/setup/src/Magento/Setup/Model/Installer.php(1020): Magento\Setup\Model\Installer->handleDBSchemaData()
#32 /var/www/html/setup/src/Magento/Setup/Console/Command/UpgradeCommand.php(167): Magento\Setup\Model\Installer->installDataFixtures()
#33 /var/www/html/vendor/symfony/console/Command/Command.php(341): Magento\Setup\Console\Command\UpgradeCommand->execute()
#34 /var/www/html/vendor/symfony/console/Application.php(1094): Symfony\Component\Console\Command\Command->run()
#35 /var/www/html/vendor/symfony/console/Application.php(356): Symfony\Component\Console\Application->doRunCommand()
#36 /var/www/html/vendor/magento/framework/Console/Cli.php(137): Symfony\Component\Console\Application->doRun()
#37 /var/www/html/vendor/symfony/console/Application.php(195): Magento\Framework\Console\Cli->doRun()
#38 /var/www/html/bin/magento(23): Symfony\Component\Console\Application->run()
#39 {main}

Next Magento\Framework\Exception\IntegrationException: An error occurred during get media asset list: There is no such media asset with path "wysiwyg/womens/womens-main.jpg" in /var/www/html/vendor/magento/module-media-gallery/Model/Asset/Command/GetByPath.php:103
Stack trace:
#0 /var/www/html/vendor/magento/module-media-content/Model/ExtractAssetsFromContent.php(88): Magento\MediaGallery\Model\Asset\Command\GetByPath->execute()
#1 /var/www/html/vendor/magento/module-media-content/Model/ExtractAssetsFromContent.php(70): Magento\MediaContent\Model\ExtractAssetsFromContent->getAssetsByPaths()
#2 /var/www/html/vendor/magento/module-media-content/Model/UpdateContentAssetLinks.php(109): Magento\MediaContent\Model\ExtractAssetsFromContent->execute()
#3 /var/www/html/vendor/magento/module-media-content/Model/UpdateContentAssetLinks.php(91): Magento\MediaContent\Model\UpdateContentAssetLinks->updateRelation()
#4 /var/www/html/vendor/magento/module-media-content-cms/Observer/Block.php(82): Magento\MediaContent\Model\UpdateContentAssetLinks->execute()
#5 /var/www/html/vendor/magento/framework/Event/Invoker/InvokerDefault.php(88): Magento\MediaContentCms\Observer\Block->execute()
#6 /var/www/html/vendor/magento/framework/Event/Invoker/InvokerDefault.php(74): Magento\Framework\Event\Invoker\InvokerDefault->_callObserverMethod()
#7 /var/www/html/vendor/magento/framework/Event/Manager.php(65): Magento\Framework\Event\Invoker\InvokerDefault->dispatch()
#8 /var/www/html/generated/code/Magento/Framework/Event/Manager/Proxy.php(105): Magento\Framework\Event\Manager->dispatch()
#9 /var/www/html/vendor/magento/framework/Model/AbstractModel.php(866): Magento\Framework\Event\Manager\Proxy->dispatch()
#10 /var/www/html/vendor/magento/framework/EntityManager/Observer/AfterEntitySave.php(34): Magento\Framework\Model\AbstractModel->afterSave()
#11 /var/www/html/vendor/magento/framework/Event/Invoker/InvokerDefault.php(88): Magento\Framework\EntityManager\Observer\AfterEntitySave->execute()
#12 /var/www/html/vendor/magento/framework/Event/Invoker/InvokerDefault.php(74): Magento\Framework\Event\Invoker\InvokerDefault->_callObserverMethod()
#13 /var/www/html/vendor/magento/framework/Event/Manager.php(65): Magento\Framework\Event\Invoker\InvokerDefault->dispatch()
#14 /var/www/html/generated/code/Magento/Framework/Event/Manager/Proxy.php(105): Magento\Framework\Event\Manager->dispatch()
#15 /var/www/html/vendor/magento/framework/EntityManager/EventManager.php(49): Magento\Framework\Event\Manager\Proxy->dispatch()
#16 /var/www/html/vendor/magento/framework/EntityManager/Operation/Create.php(123): Magento\Framework\EntityManager\EventManager->dispatchEntityEvent()
#17 /var/www/html/vendor/magento/framework/EntityManager/EntityManager.php(106): Magento\Framework\EntityManager\Operation\Create->execute()
#18 /var/www/html/vendor/magento/module-cms/Model/ResourceModel/Block.php(247): Magento\Framework\EntityManager\EntityManager->save()
#19 /var/www/html/vendor/magento/framework/Model/AbstractModel.php(682): Magento\Cms\Model\ResourceModel\Block->save()
#20 /var/www/html/vendor/magento/module-cms-sample-data/Model/Block.php(98): Magento\Framework\Model\AbstractModel->save()
#21 /var/www/html/vendor/magento/module-cms-sample-data/Model/Block.php(77): Magento\CmsSampleData\Model\Block->saveCmsBlock()
#22 /var/www/html/vendor/magento/module-cms-sample-data/Setup/Installer.php(60): Magento\CmsSampleData\Model\Block->install()
#23 [internal function]: Magento\CmsSampleData\Setup\Installer->install()
#24 /var/www/html/vendor/magento/framework/App/State.php(183): call_user_func_array()
#25 /var/www/html/generated/code/Magento/Framework/App/State/Interceptor.php(68): Magento\Framework\App\State->emulateAreaCode()
#26 /var/www/html/vendor/magento/framework/Setup/SampleData/Executor.php(54): Magento\Framework\App\State\Interceptor->emulateAreaCode()
#27 /var/www/html/vendor/magento/module-cms-sample-data/Setup/Patch/Data/InstallCmsSampleData.php(47): Magento\Framework\Setup\SampleData\Executor->exec()
#28 /var/www/html/vendor/magento/framework/Setup/Patch/PatchApplier.php(301): Magento\CmsSampleData\Setup\Patch\Data\InstallCmsSampleData->apply()
#29 /var/www/html/vendor/magento/framework/Setup/Patch/PatchApplier.php(165): Magento\Framework\Setup\Patch\PatchApplier->applyPatch()
#30 /var/www/html/setup/src/Magento/Setup/Model/Installer.php(1148): Magento\Framework\Setup\Patch\PatchApplier->applyDataPatch()
#31 /var/www/html/setup/src/Magento/Setup/Model/Installer.php(1020): Magento\Setup\Model\Installer->handleDBSchemaData()
#32 /var/www/html/setup/src/Magento/Setup/Console/Command/UpgradeCommand.php(167): Magento\Setup\Model\Installer->installDataFixtures()
#33 /var/www/html/vendor/symfony/console/Command/Command.php(341): Magento\Setup\Console\Command\UpgradeCommand->execute()
#34 /var/www/html/vendor/symfony/console/Application.php(1094): Symfony\Component\Console\Command\Command->run()
#35 /var/www/html/vendor/symfony/console/Application.php(356): Symfony\Component\Console\Application->doRunCommand()
#36 /var/www/html/vendor/magento/framework/Console/Cli.php(137): Symfony\Component\Console\Application->doRun()
#37 /var/www/html/vendor/symfony/console/Application.php(195): Magento\Framework\Console\Cli->doRun()
#38 /var/www/html/bin/magento(23): Symfony\Component\Console\Application->run()
#39 {main} {"exception":"[object] (Magento\\Framework\\Exception\\IntegrationException(code: 0): An error occurred during get media asset list: There is no such media asset with path \"wysiwyg/womens/womens-main.jpg\" at /var/www/html/vendor/magento/module-media-gallery/Model/Asset/Command/GetByPath.php:103)
[previous exception] [object] (Magento\\Framework\\Exception\\NoSuchEntityException(code: 0): There is no such media asset with path \"wysiwyg/womens/womens-main.jpg\" at /var/www/html/vendor/magento/module-media-gallery/Model/Asset/Command/GetByPath.php:81)"} []
[2026-07-30T04:14:00.295252+00:00] main.CRITICAL: Magento\Framework\Exception\NoSuchEntityException: There is no such media asset with path "wysiwyg/womens/womens-t-shirts.png" in /var/www/html/vendor/magento/module-media-gallery/Model/Asset/Command/GetByPath.php:81
Stack trace:
#0 /var/www/html/vendor/magento/module-media-content/Model/ExtractAssetsFromContent.php(88): Magento\MediaGallery\Model\Asset\Command\GetByPath->execute()
#1 /var/www/html/vendor/magento/module-media-content/Model/ExtractAssetsFromContent.php(70): Magento\MediaContent\Model\ExtractAssetsFromContent->getAssetsByPaths()
#2 /var/www/html/vendor/magento/module-media-content/Model/UpdateContentAssetLinks.php(109): Magento\MediaContent\Model\ExtractAssetsFromContent->execute()
#3 /var/www/html/vendor/magento/module-media-content/Model/UpdateContentAssetLinks.php(91): Magento\MediaContent\Model\UpdateContentAssetLinks->updateRelation()
#4 /var/www/html/vendor/magento/module-media-content-cms/Observer/Block.php(82): Magento\MediaContent\Model\UpdateContentAssetLinks->execute()
#5 /var/www/html/vendor/magento/framework/Event/Invoker/InvokerDefault.php(88): Magento\MediaContentCms\Observer\Block->execute()
#6 /var/www/html/vendor/magento/framework/Event/Invoker/InvokerDefault.php(74): Magento\Framework\Event\Invoker\InvokerDefault->_callObserverMethod()
#7 /var/www/html/vendor/magento/framework/Event/Manager.php(65): Magento\Framework\Event\Invoker\InvokerDefault->dispatch()
#8 /var/www/html/generated/code/Magento/Framework/Event/Manager/Proxy.php(105): Magento\Framework\Event\Manager->dispatch()
#9 /var/www/html/vendor/magento/framework/Model/AbstractModel.php(866): Magento\Framework\Event\Manager\Proxy->dispatch()
#10 /var/www/html/vendor/magento/framework/EntityManager/Observer/AfterEntitySave.php(34): Magento\Framework\Model\AbstractModel->afterSave()
#11 /var/www/html/vendor/magento/framework/Event/Invoker/InvokerDefault.php(88): Magento\Framework\EntityManager\Observer\AfterEntitySave->execute()
#12 /var/www/html/vendor/magento/framework/Event/Invoker/InvokerDefault.php(74): Magento\Framework\Event\Invoker\InvokerDefault->_callObserverMethod()
#13 /var/www/html/vendor/magento/framework/Event/Manager.php(65): Magento\Framework\Event\Invoker\InvokerDefault->dispatch()
#14 /var/www/html/generated/code/Magento/Framework/Event/Manager/Proxy.php(105): Magento\Framework\Event\Manager->dispatch()
#15 /var/www/html/vendor/magento/framework/EntityManager/EventManager.php(49): Magento\Framework\Event\Manager\Proxy->dispatch()
#16 /var/www/html/vendor/magento/framework/EntityManager/Operation/Create.php(123): Magento\Framework\EntityManager\EventManager->dispatchEntityEvent()
#17 /var/www/html/vendor/magento/framework/EntityManager/EntityManager.php(106): Magento\Framework\EntityManager\Operation\Create->execute()
#18 /var/www/html/vendor/magento/module-cms/Model/ResourceModel/Block.php(247): Magento\Framework\EntityManager\EntityManager->save()
#19 /var/www/html/vendor/magento/framework/Model/AbstractModel.php(682): Magento\Cms\Model\ResourceModel\Block->save()
#20 /var/www/html/vendor/magento/module-cms-sample-data/Model/Block.php(98): Magento\Framework\Model\AbstractModel->save()
#21 /var/www/html/vendor/magento/module-cms-sample-data/Model/Block.php(77): Magento\CmsSampleData\Model\Block->saveCmsBlock()
#22 /var/www/html/vendor/magento/module-cms-sample-data/Setup/Installer.php(60): Magento\CmsSampleData\Model\Block->install()
#23 [internal function]: Magento\CmsSampleData\Setup\Installer->install()
#24 /var/www/html/vendor/magento/framework/App/State.php(183): call_user_func_array()
#25 /var/www/html/generated/code/Magento/Framework/App/State/Interceptor.php(68): Magento\Framework\App\State->emulateAreaCode()
#26 /var/www/html/vendor/magento/framework/Setup/SampleData/Executor.php(54): Magento\Framework\App\State\Interceptor->emulateAreaCode()
#27 /var/www/html/vendor/magento/module-cms-sample-data/Setup/Patch/Data/InstallCmsSampleData.php(47): Magento\Framework\Setup\SampleData\Executor->exec()
#28 /var/www/html/vendor/magento/framework/Setup/Patch/PatchApplier.php(301): Magento\CmsSampleData\Setup\Patch\Data\InstallCmsSampleData->apply()
#29 /var/www/html/vendor/magento/framework/Setup/Patch/PatchApplier.php(165): Magento\Framework\Setup\Patch\PatchApplier->applyPatch()
#30 /var/www/html/setup/src/Magento/Setup/Model/Installer.php(1148): Magento\Framework\Setup\Patch\PatchApplier->applyDataPatch()
#31 /var/www/html/setup/src/Magento/Setup/Model/Installer.php(1020): Magento\Setup\Model\Installer->handleDBSchemaData()
#32 /var/www/html/setup/src/Magento/Setup/Console/Command/UpgradeCommand.php(167): Magento\Setup\Model\Installer->installDataFixtures()
#33 /var/www/html/vendor/symfony/console/Command/Command.php(341): Magento\Setup\Console\Command\UpgradeCommand->execute()
#34 /var/www/html/vendor/symfony/console/Application.php(1094): Symfony\Component\Console\Command\Command->run()
#35 /var/www/html/vendor/symfony/console/Application.php(356): Symfony\Component\Console\Application->doRunCommand()
#36 /var/www/html/vendor/magento/framework/Console/Cli.php(137): Symfony\Component\Console\Application->doRun()
#37 /var/www/html/vendor/symfony/console/Application.php(195): Magento\Framework\Console\Cli->doRun()
#38 /var/www/html/bin/magento(23): Symfony\Component\Console\Application->run()
#39 {main} {"exception":"[object] (Magento\\Framework\\Exception\\NoSuchEntityException(code: 0): There is no such media asset with path \"wysiwyg/womens/womens-t-shirts.png\" at /var/www/html/vendor/magento/module-media-gallery/Model/Asset/Command/GetByPath.php:81)"} []
[2026-07-30T04:14:00.295375+00:00] main.CRITICAL: Magento\Framework\Exception\NoSuchEntityException: There is no such media asset with path "wysiwyg/womens/womens-t-shirts.png" in /var/www/html/vendor/magento/module-media-gallery/Model/Asset/Command/GetByPath.php:81
Stack trace:
#0 /var/www/html/vendor/magento/module-media-content/Model/ExtractAssetsFromContent.php(88): Magento\MediaGallery\Model\Asset\Command\GetByPath->execute()
#1 /var/www/html/vendor/magento/module-media-content/Model/ExtractAssetsFromContent.php(70): Magento\MediaContent\Model\ExtractAssetsFromContent->getAssetsByPaths()
#2 /var/www/html/vendor/magento/module-media-content/Model/UpdateContentAssetLinks.php(109): Magento\MediaContent\Model\ExtractAssetsFromContent->execute()
#3 /var/www/html/vendor/magento/module-media-content/Model/UpdateContentAssetLinks.php(91): Magento\MediaContent\Model\UpdateContentAssetLinks->updateRelation()
#4 /var/www/html/vendor/magento/module-media-content-cms/Observer/Block.php(82): Magento\MediaContent\Model\UpdateContentAssetLinks->execute()
#5 /var/www/html/vendor/magento/framework/Event/Invoker/InvokerDefault.php(88): Magento\MediaContentCms\Observer\Block->execute()
#6 /var/www/html/vendor/magento/framework/Event/Invoker/InvokerDefault.php(74): Magento\Framework\Event\Invoker\InvokerDefault->_callObserverMethod()
#7 /var/www/html/vendor/magento/framework/Event/Manager.php(65): Magento\Framework\Event\Invoker\InvokerDefault->dispatch()
#8 /var/www/html/generated/code/Magento/Framework/Event/Manager/Proxy.php(105): Magento\Framework\Event\Manager->dispatch()
#9 /var/www/html/vendor/magento/framework/Model/AbstractModel.php(866): Magento\Framework\Event\Manager\Proxy->dispatch()
#10 /var/www/html/vendor/magento/framework/EntityManager/Observer/AfterEntitySave.php(34): Magento\Framework\Model\AbstractModel->afterSave()
#11 /var/www/html/vendor/magento/framework/Event/Invoker/InvokerDefault.php(88): Magento\Framework\EntityManager\Observer\AfterEntitySave->execute()
#12 /var/www/html/vendor/magento/framework/Event/Invoker/InvokerDefault.php(74): Magento\Framework\Event\Invoker\InvokerDefault->_callObserverMethod()
#13 /var/www/html/vendor/magento/framework/Event/Manager.php(65): Magento\Framework\Event\Invoker\InvokerDefault->dispatch()
#14 /var/www/html/generated/code/Magento/Framework/Event/Manager/Proxy.php(105): Magento\Framework\Event\Manager->dispatch()
#15 /var/www/html/vendor/magento/framework/EntityManager/EventManager.php(49): Magento\Framework\Event\Manager\Proxy->dispatch()
#16 /var/www/html/vendor/magento/framework/EntityManager/Operation/Create.php(123): Magento\Framework\EntityManager\EventManager->dispatchEntityEvent()
#17 /var/www/html/vendor/magento/framework/EntityManager/EntityManager.php(106): Magento\Framework\EntityManager\Operation\Create->execute()
#18 /var/www/html/vendor/magento/module-cms/Model/ResourceModel/Block.php(247): Magento\Framework\EntityManager\EntityManager->save()
#19 /var/www/html/vendor/magento/framework/Model/AbstractModel.php(682): Magento\Cms\Model\ResourceModel\Block->save()
#20 /var/www/html/vendor/magento/module-cms-sample-data/Model/Block.php(98): Magento\Framework\Model\AbstractModel->save()
#21 /var/www/html/vendor/magento/module-cms-sample-data/Model/Block.php(77): Magento\CmsSampleData\Model\Block->saveCmsBlock()
#22 /var/www/html/vendor/magento/module-cms-sample-data/Setup/Installer.php(60): Magento\CmsSampleData\Model\Block->install()
#23 [internal function]: Magento\CmsSampleData\Setup\Installer->install()
#24 /var/www/html/vendor/magento/framework/App/State.php(183): call_user_func_array()
#25 /var/www/html/generated/code/Magento/Framework/App/State/Interceptor.php(68): Magento\Framework\App\State->emulateAreaCode()
#26 /var/www/html/vendor/magento/framework/Setup/SampleData/Executor.php(54): Magento\Framework\App\State\Interceptor->emulateAreaCode()
#27 /var/www/html/vendor/magento/module-cms-sample-data/Setup/Patch/Data/InstallCmsSampleData.php(47): Magento\Framework\Setup\SampleData\Executor->exec()
#28 /var/www/html/vendor/magento/framework/Setup/Patch/PatchApplier.php(301): Magento\CmsSampleData\Setup\Patch\Data\InstallCmsSampleData->apply()
#29 /var/www/html/vendor/magento/framework/Setup/Patch/PatchApplier.php(165): Magento\Framework\Setup\Patch\PatchApplier->applyPatch()
#30 /var/www/html/setup/src/Magento/Setup/Model/Installer.php(1148): Magento\Framework\Setup\Patch\PatchApplier->applyDataPatch()
#31 /var/www/html/setup/src/Magento/Setup/Model/Installer.php(1020): Magento\Setup\Model\Installer->handleDBSchemaData()
#32 /var/www/html/setup/src/Magento/Setup/Console/Command/UpgradeCommand.php(167): Magento\Setup\Model\Installer->installDataFixtures()
#33 /var/www/html/vendor/symfony/console/Command/Command.php(341): Magento\Setup\Console\Command\UpgradeCommand->execute()
#34 /var/www/html/vendor/symfony/console/Application.php(1094): Symfony\Component\Console\Command\Command->run()
#35 /var/www/html/vendor/symfony/console/Application.php(356): Symfony\Component\Console\Application->doRunCommand()
#36 /var/www/html/vendor/magento/framework/Console/Cli.php(137): Symfony\Component\Console\Application->doRun()
#37 /var/www/html/vendor/symfony/console/Application.php(195): Magento\Framework\Console\Cli->doRun()
#38 /var/www/html/bin/magento(23): Symfony\Component\Console\Application->run()
#39 {main}

Next Magento\Framework\Exception\IntegrationException: An error occurred during get media asset list: There is no such media asset with path "wysiwyg/womens/womens-t-shirts.png" in /var/www/html/vendor/magento/module-media-gallery/Model/Asset/Command/GetByPath.php:103
Stack trace:
#0 /var/www/html/vendor/magento/module-media-content/Model/ExtractAssetsFromContent.php(88): Magento\MediaGallery\Model\Asset\Command\GetByPath->execute()
#1 /var/www/html/vendor/magento/module-media-content/Model/ExtractAssetsFromContent.php(70): Magento\MediaContent\Model\ExtractAssetsFromContent->getAssetsByPaths()
#2 /var/www/html/vendor/magento/module-media-content/Model/UpdateContentAssetLinks.php(109): Magento\MediaContent\Model\ExtractAssetsFromContent->execute()
#3 /var/www/html/vendor/magento/module-media-content/Model/UpdateContentAssetLinks.php(91): Magento\MediaContent\Model\UpdateContentAssetLinks->updateRelation()
#4 /var/www/html/vendor/magento/module-media-content-cms/Observer/Block.php(82): Magento\MediaContent\Model\UpdateContentAssetLinks->execute()
#5 /var/www/html/vendor/magento/framework/Event/Invoker/InvokerDefault.php(88): Magento\MediaContentCms\Observer\Block->execute()
#6 /var/www/html/vendor/magento/framework/Event/Invoker/InvokerDefault.php(74): Magento\Framework\Event\Invoker\InvokerDefault->_callObserverMethod()
#7 /var/www/html/vendor/magento/framework/Event/Manager.php(65): Magento\Framework\Event\Invoker\InvokerDefault->dispatch()
#8 /var/www/html/generated/code/Magento/Framework/Event/Manager/Proxy.php(105): Magento\Framework\Event\Manager->dispatch()
#9 /var/www/html/vendor/magento/framework/Model/AbstractModel.php(866): Magento\Framework\Event\Manager\Proxy->dispatch()
#10 /var/www/html/vendor/magento/framework/EntityManager/Observer/AfterEntitySave.php(34): Magento\Framework\Model\AbstractModel->afterSave()
#11 /var/www/html/vendor/magento/framework/Event/Invoker/InvokerDefault.php(88): Magento\Framework\EntityManager\Observer\AfterEntitySave->execute()
#12 /var/www/html/vendor/magento/framework/Event/Invoker/InvokerDefault.php(74): Magento\Framework\Event\Invoker\InvokerDefault->_callObserverMethod()
#13 /var/www/html/vendor/magento/framework/Event/Manager.php(65): Magento\Framework\Event\Invoker\InvokerDefault->dispatch()
#14 /var/www/html/generated/code/Magento/Framework/Event/Manager/Proxy.php(105): Magento\Framework\Event\Manager->dispatch()
#15 /var/www/html/vendor/magento/framework/EntityManager/EventManager.php(49): Magento\Framework\Event\Manager\Proxy->dispatch()
#16 /var/www/html/vendor/magento/framework/EntityManager/Operation/Create.php(123): Magento\Framework\EntityManager\EventManager->dispatchEntityEvent()
#17 /var/www/html/vendor/magento/framework/EntityManager/EntityManager.php(106): Magento\Framework\EntityManager\Operation\Create->execute()
#18 /var/www/html/vendor/magento/module-cms/Model/ResourceModel/Block.php(247): Magento\Framework\EntityManager\EntityManager->save()
#19 /var/www/html/vendor/magento/framework/Model/AbstractModel.php(682): Magento\Cms\Model\ResourceModel\Block->save()
#20 /var/www/html/vendor/magento/module-cms-sample-data/Model/Block.php(98): Magento\Framework\Model\AbstractModel->save()
#21 /var/www/html/vendor/magento/module-cms-sample-data/Model/Block.php(77): Magento\CmsSampleData\Model\Block->saveCmsBlock()
#22 /var/www/html/vendor/magento/module-cms-sample-data/Setup/Installer.php(60): Magento\CmsSampleData\Model\Block->install()
#23 [internal function]: Magento\CmsSampleData\Setup\Installer->install()
#24 /var/www/html/vendor/magento/framework/App/State.php(183): call_user_func_array()
#25 /var/www/html/generated/code/Magento/Framework/App/State/Interceptor.php(68): Magento\Framework\App\State->emulateAreaCode()
#26 /var/www/html/vendor/magento/framework/Setup/SampleData/Executor.php(54): Magento\Framework\App\State\Interceptor->emulateAreaCode()
#27 /var/www/html/vendor/magento/module-cms-sample-data/Setup/Patch/Data/InstallCmsSampleData.php(47): Magento\Framework\Setup\SampleData\Executor->exec()
#28 /var/www/html/vendor/magento/framework/Setup/Patch/PatchApplier.php(301): Magento\CmsSampleData\Setup\Patch\Data\InstallCmsSampleData->apply()
#29 /var/www/html/vendor/magento/framework/Setup/Patch/PatchApplier.php(165): Magento\Framework\Setup\Patch\PatchApplier->applyPatch()
#30 /var/www/html/setup/src/Magento/Setup/Model/Installer.php(1148): Magento\Framework\Setup\Patch\PatchApplier->applyDataPatch()
#31 /var/www/html/setup/src/Magento/Setup/Model/Installer.php(1020): Magento\Setup\Model\Installer->handleDBSchemaData()
#32 /var/www/html/setup/src/Magento/Setup/Console/Command/UpgradeCommand.php(167): Magento\Setup\Model\Installer->installDataFixtures()
#33 /var/www/html/vendor/symfony/console/Command/Command.php(341): Magento\Setup\Console\Command\UpgradeCommand->execute()
#34 /var/www/html/vendor/symfony/console/Application.php(1094): Symfony\Component\Console\Command\Command->run()
#35 /var/www/html/vendor/symfony/console/Application.php(356): Symfony\Component\Console\Application->doRunCommand()
#36 /var/www/html/vendor/magento/framework/Console/Cli.php(137): Symfony\Component\Console\Application->doRun()
#37 /var/www/html/vendor/symfony/console/Application.php(195): Magento\Framework\Console\Cli->doRun()
#38 /var/www/html/bin/magento(23): Symfony\Component\Console\Application->run()
#39 {main} {"exception":"[object] (Magento\\Framework\\Exception\\IntegrationException(code: 0): An error occurred during get media asset list: There is no such media asset with path \"wysiwyg/womens/womens-t-shirts.png\" at /var/www/html/vendor/magento/module-media-gallery/Model/Asset/Command/GetByPath.php:103)
[previous exception] [object] (Magento\\Framework\\Exception\\NoSuchEntityException(code: 0): There is no such media asset with path \"wysiwyg/womens/womens-t-shirts.png\" at /var/www/html/vendor/magento/module-media-gallery/Model/Asset/Command/GetByPath.php:81)"} []
[2026-07-30T04:14:00.295637+00:00] main.CRITICAL: Magento\Framework\Exception\NoSuchEntityException: There is no such media asset with path "wysiwyg/womens/womens-pants.jpg" in /var/www/html/vendor/magento/module-media-gallery/Model/Asset/Command/GetByPath.php:81
Stack trace:
#0 /var/www/html/vendor/magento/module-media-content/Model/ExtractAssetsFromContent.php(88): Magento\MediaGallery\Model\Asset\Command\GetByPath->execute()
#1 /var/www/html/vendor/magento/module-media-content/Model/ExtractAssetsFromContent.php(70): Magento\MediaContent\Model\ExtractAssetsFromContent->getAssetsByPaths()
#2 /var/www/html/vendor/magento/module-media-content/Model/UpdateContentAssetLinks.php(109): Magento\MediaContent\Model\ExtractAssetsFromContent->execute()
#3 /var/www/html/vendor/magento/module-media-content/Model/UpdateContentAssetLinks.php(91): Magento\MediaContent\Model\UpdateContentAssetLinks->updateRelation()
#4 /var/www/html/vendor/magento/module-media-content-cms/Observer/Block.php(82): Magento\MediaContent\Model\UpdateContentAssetLinks->execute()
#5 /var/www/html/vendor/magento/framework/Event/Invoker/InvokerDefault.php(88): Magento\MediaContentCms\Observer\Block->execute()
#6 /var/www/html/vendor/magento/framework/Event/Invoker/InvokerDefault.php(74): Magento\Framework\Event\Invoker\InvokerDefault->_callObserverMethod()
#7 /var/www/html/vendor/magento/framework/Event/Manager.php(65): Magento\Framework\Event\Invoker\InvokerDefault->dispatch()
#8 /var/www/html/generated/code/Magento/Framework/Event/Manager/Proxy.php(105): Magento\Framework\Event\Manager->dispatch()
#9 /var/www/html/vendor/magento/framework/Model/AbstractModel.php(866): Magento\Framework\Event\Manager\Proxy->dispatch()
#10 /var/www/html/vendor/magento/framework/EntityManager/Observer/AfterEntitySave.php(34): Magento\Framework\Model\AbstractModel->afterSave()
#11 /var/www/html/vendor/magento/framework/Event/Invoker/InvokerDefault.php(88): Magento\Framework\EntityManager\Observer\AfterEntitySave->execute()
#12 /var/www/html/vendor/magento/framework/Event/Invoker/InvokerDefault.php(74): Magento\Framework\Event\Invoker\InvokerDefault->_callObserverMethod()
#13 /var/www/html/vendor/magento/framework/Event/Manager.php(65): Magento\Framework\Event\Invoker\InvokerDefault->dispatch()
#14 /var/www/html/generated/code/Magento/Framework/Event/Manager/Proxy.php(105): Magento\Framework\Event\Manager->dispatch()
#15 /var/www/html/vendor/magento/framework/EntityManager/EventManager.php(49): Magento\Framework\Event\Manager\Proxy->dispatch()
#16 /var/www/html/vendor/magento/framework/EntityManager/Operation/Create.php(123): Magento\Framework\EntityManager\EventManager->dispatchEntityEvent()
#17 /var/www/html/vendor/magento/framework/EntityManager/EntityManager.php(106): Magento\Framework\EntityManager\Operation\Create->execute()
#18 /var/www/html/vendor/magento/module-cms/Model/ResourceModel/Block.php(247): Magento\Framework\EntityManager\EntityManager->save()
#19 /var/www/html/vendor/magento/framework/Model/AbstractModel.php(682): Magento\Cms\Model\ResourceModel\Block->save()
#20 /var/www/html/vendor/magento/module-cms-sample-data/Model/Block.php(98): Magento\Framework\Model\AbstractModel->save()
#21 /var/www/html/vendor/magento/module-cms-sample-data/Model/Block.php(77): Magento\CmsSampleData\Model\Block->saveCmsBlock()
#22 /var/www/html/vendor/magento/module-cms-sample-data/Setup/Installer.php(60): Magento\CmsSampleData\Model\Block->install()
#23 [internal function]: Magento\CmsSampleData\Setup\Installer->install()
#24 /var/www/html/vendor/magento/framework/App/State.php(183): call_user_func_array()
#25 /var/www/html/generated/code/Magento/Framework/App/State/Interceptor.php(68): Magento\Framework\App\State->emulateAreaCode()
#26 /var/www/html/vendor/magento/framework/Setup/SampleData/Executor.php(54): Magento\Framework\App\State\Interceptor->emulateAreaCode()
#27 /var/www/html/vendor/magento/module-cms-sample-data/Setup/Patch/Data/InstallCmsSampleData.php(47): Magento\Framework\Setup\SampleData\Executor->exec()
#28 /var/www/html/vendor/magento/framework/Setup/Patch/PatchApplier.php(301): Magento\CmsSampleData\Setup\Patch\Data\InstallCmsSampleData->apply()
#29 /var/www/html/vendor/magento/framework/Setup/Patch/PatchApplier.php(165): Magento\Framework\Setup\Patch\PatchApplier->applyPatch()
#30 /var/www/html/setup/src/Magento/Setup/Model/Installer.php(1148): Magento\Framework\Setup\Patch\PatchApplier->applyDataPatch()
#31 /var/www/html/setup/src/Magento/Setup/Model/Installer.php(1020): Magento\Setup\Model\Installer->handleDBSchemaData()
#32 /var/www/html/setup/src/Magento/Setup/Console/Command/UpgradeCommand.php(167): Magento\Setup\Model\Installer->installDataFixtures()
#33 /var/www/html/vendor/symfony/console/Command/Command.php(341): Magento\Setup\Console\Command\UpgradeCommand->execute()
#34 /var/www/html/vendor/symfony/console/Application.php(1094): Symfony\Component\Console\Command\Command->run()
#35 /var/www/html/vendor/symfony/console/Application.php(356): Symfony\Component\Console\Application->doRunCommand()
#36 /var/www/html/vendor/magento/framework/Console/Cli.php(137): Symfony\Component\Console\Application->doRun()
#37 /var/www/html/vendor/symfony/console/Application.php(195): Magento\Framework\Console\Cli->doRun()
#38 /var/www/html/bin/magento(23): Symfony\Component\Console\Application->run()
#39 {main} {"exception":"[object] (Magento\\Framework\\Exception\\NoSuchEntityException(code: 0): There is no such media asset with path \"wysiwyg/womens/womens-pants.jpg\" at /var/www/html/vendor/magento/module-media-gallery/Model/Asset/Command/GetByPath.php:81)"} []
[2026-07-30T04:14:00.295732+00:00] main.CRITICAL: Magento\Framework\Exception\NoSuchEntityException: There is no such media asset with path "wysiwyg/womens/womens-pants.jpg" in /var/www/html/vendor/magento/module-media-gallery/Model/Asset/Command/GetByPath.php:81
Stack trace:
#0 /var/www/html/vendor/magento/module-media-content/Model/ExtractAssetsFromContent.php(88): Magento\MediaGallery\Model\Asset\Command\GetByPath->execute()
#1 /var/www/html/vendor/magento/module-media-content/Model/ExtractAssetsFromContent.php(70): Magento\MediaContent\Model\ExtractAssetsFromContent->getAssetsByPaths()
#2 /var/www/html/vendor/magento/module-media-content/Model/UpdateContentAssetLinks.php(109): Magento\MediaContent\Model\ExtractAssetsFromContent->execute()
#3 /var/www/html/vendor/magento/module-media-content/Model/UpdateContentAssetLinks.php(91): Magento\MediaContent\Model\UpdateContentAssetLinks->updateRelation()
#4 /var/www/html/vendor/magento/module-media-content-cms/Observer/Block.php(82): Magento\MediaContent\Model\UpdateContentAssetLinks->execute()
#5 /var/www/html/vendor/magento/framework/Event/Invoker/InvokerDefault.php(88): Magento\MediaContentCms\Observer\Block->execute()
#6 /var/www/html/vendor/magento/framework/Event/Invoker/InvokerDefault.php(74): Magento\Framework\Event\Invoker\InvokerDefault->_callObserverMethod()
#7 /var/www/html/vendor/magento/framework/Event/Manager.php(65): Magento\Framework\Event\Invoker\InvokerDefault->dispatch()
#8 /var/www/html/generated/code/Magento/Framework/Event/Manager/Proxy.php(105): Magento\Framework\Event\Manager->dispatch()
#9 /var/www/html/vendor/magento/framework/Model/AbstractModel.php(866): Magento\Framework\Event\Manager\Proxy->dispatch()
#10 /var/www/html/vendor/magento/framework/EntityManager/Observer/AfterEntitySave.php(34): Magento\Framework\Model\AbstractModel->afterSave()
#11 /var/www/html/vendor/magento/framework/Event/Invoker/InvokerDefault.php(88): Magento\Framework\EntityManager\Observer\AfterEntitySave->execute()
#12 /var/www/html/vendor/magento/framework/Event/Invoker/InvokerDefault.php(74): Magento\Framework\Event\Invoker\InvokerDefault->_callObserverMethod()
#13 /var/www/html/vendor/magento/framework/Event/Manager.php(65): Magento\Framework\Event\Invoker\InvokerDefault->dispatch()
#14 /var/www/html/generated/code/Magento/Framework/Event/Manager/Proxy.php(105): Magento\Framework\Event\Manager->dispatch()
#15 /var/www/html/vendor/magento/framework/EntityManager/EventManager.php(49): Magento\Framework\Event\Manager\Proxy->dispatch()
#16 /var/www/html/vendor/magento/framework/EntityManager/Operation/Create.php(123): Magento\Framework\EntityManager\EventManager->dispatchEntityEvent()
#17 /var/www/html/vendor/magento/framework/EntityManager/EntityManager.php(106): Magento\Framework\EntityManager\Operation\Create->execute()
#18 /var/www/html/vendor/magento/module-cms/Model/ResourceModel/Block.php(247): Magento\Framework\EntityManager\EntityManager->save()
#19 /var/www/html/vendor/magento/framework/Model/AbstractModel.php(682): Magento\Cms\Model\ResourceModel\Block->save()
#20 /var/www/html/vendor/magento/module-cms-sample-data/Model/Block.php(98): Magento\Framework\Model\AbstractModel->save()
#21 /var/www/html/vendor/magento/module-cms-sample-data/Model/Block.php(77): Magento\CmsSampleData\Model\Block->saveCmsBlock()
#22 /var/www/html/vendor/magento/module-cms-sample-data/Setup/Installer.php(60): Magento\CmsSampleData\Model\Block->install()
#23 [internal function]: Magento\CmsSampleData\Setup\Installer->install()
#24 /var/www/html/vendor/magento/framework/App/State.php(183): call_user_func_array()
#25 /var/www/html/generated/code/Magento/Framework/App/State/Interceptor.php(68): Magento\Framework\App\State->emulateAreaCode()
#26 /var/www/html/vendor/magento/framework/Setup/SampleData/Executor.php(54): Magento\Framework\App\State\Interceptor->emulateAreaCode()
#27 /var/www/html/vendor/magento/module-cms-sample-data/Setup/Patch/Data/InstallCmsSampleData.php(47): Magento\Framework\Setup\SampleData\Executor->exec()
#28 /var/www/html/vendor/magento/framework/Setup/Patch/PatchApplier.php(301): Magento\CmsSampleData\Setup\Patch\Data\InstallCmsSampleData->apply()
#29 /var/www/html/vendor/magento/framework/Setup/Patch/PatchApplier.php(165): Magento\Framework\Setup\Patch\PatchApplier->applyPatch()
#30 /var/www/html/setup/src/Magento/Setup/Model/Installer.php(1148): Magento\Framework\Setup\Patch\PatchApplier->applyDataPatch()
#31 /var/www/html/setup/src/Magento/Setup/Model/Installer.php(1020): Magento\Setup\Model\Installer->handleDBSchemaData()
#32 /var/www/html/setup/src/Magento/Setup/Console/Command/UpgradeCommand.php(167): Magento\Setup\Model\Installer->installDataFixtures()
#33 /var/www/html/vendor/symfony/console/Command/Command.php(341): Magento\Setup\Console\Command\UpgradeCommand->execute()
#34 /var/www/html/vendor/symfony/console/Application.php(1094): Symfony\Component\Console\Command\Command->run()
#35 /var/www/html/vendor/symfony/console/Application.php(356): Symfony\Component\Console\Application->doRunCommand()
#36 /var/www/html/vendor/magento/framework/Console/Cli.php(137): Symfony\Component\Console\Application->doRun()
#37 /var/www/html/vendor/symfony/console/Application.php(195): Magento\Framework\Console\Cli->doRun()
#38 /var/www/html/bin/magento(23): Symfony\Component\Console\Application->run()
#39 {main}

Next Magento\Framework\Exception\IntegrationException: An error occurred during get media asset list: There is no such media asset with path "wysiwyg/womens/womens-pants.jpg" in /var/www/html/vendor/magento/module-media-gallery/Model/Asset/Command/GetByPath.php:103
Stack trace:
#0 /var/www/html/vendor/magento/module-media-content/Model/ExtractAssetsFromContent.php(88): Magento\MediaGallery\Model\Asset\Command\GetByPath->execute()
#1 /var/www/html/vendor/magento/module-media-content/Model/ExtractAssetsFromContent.php(70): Magento\MediaContent\Model\ExtractAssetsFromContent->getAssetsByPaths()
#2 /var/www/html/vendor/magento/module-media-content/Model/UpdateContentAssetLinks.php(109): Magento\MediaContent\Model\ExtractAssetsFromContent->execute()
#3 /var/www/html/vendor/magento/module-media-content/Model/UpdateContentAssetLinks.php(91): Magento\MediaContent\Model\UpdateContentAssetLinks->updateRelation()
#4 /var/www/html/vendor/magento/module-media-content-cms/Observer/Block.php(82): Magento\MediaContent\Model\UpdateContentAssetLinks->execute()
#5 /var/www/html/vendor/magento/framework/Event/Invoker/InvokerDefault.php(88): Magento\MediaContentCms\Observer\Block->execute()
#6 /var/www/html/vendor/magento/framework/Event/Invoker/InvokerDefault.php(74): Magento\Framework\Event\Invoker\InvokerDefault->_callObserverMethod()
#7 /var/www/html/vendor/magento/framework/Event/Manager.php(65): Magento\Framework\Event\Invoker\InvokerDefault->dispatch()
#8 /var/www/html/generated/code/Magento/Framework/Event/Manager/Proxy.php(105): Magento\Framework\Event\Manager->dispatch()
#9 /var/www/html/vendor/magento/framework/Model/AbstractModel.php(866): Magento\Framework\Event\Manager\Proxy->dispatch()
#10 /var/www/html/vendor/magento/framework/EntityManager/Observer/AfterEntitySave.php(34): Magento\Framework\Model\AbstractModel->afterSave()
#11 /var/www/html/vendor/magento/framework/Event/Invoker/InvokerDefault.php(88): Magento\Framework\EntityManager\Observer\AfterEntitySave->execute()
#12 /var/www/html/vendor/magento/framework/Event/Invoker/InvokerDefault.php(74): Magento\Framework\Event\Invoker\InvokerDefault->_callObserverMethod()
#13 /var/www/html/vendor/magento/framework/Event/Manager.php(65): Magento\Framework\Event\Invoker\InvokerDefault->dispatch()
#14 /var/www/html/generated/code/Magento/Framework/Event/Manager/Proxy.php(105): Magento\Framework\Event\Manager->dispatch()
#15 /var/www/html/vendor/magento/framework/EntityManager/EventManager.php(49): Magento\Framework\Event\Manager\Proxy->dispatch()
#16 /var/www/html/vendor/magento/framework/EntityManager/Operation/Create.php(123): Magento\Framework\EntityManager\EventManager->dispatchEntityEvent()
#17 /var/www/html/vendor/magento/framework/EntityManager/EntityManager.php(106): Magento\Framework\EntityManager\Operation\Create->execute()
#18 /var/www/html/vendor/magento/module-cms/Model/ResourceModel/Block.php(247): Magento\Framework\EntityManager\EntityManager->save()
#19 /var/www/html/vendor/magento/framework/Model/AbstractModel.php(682): Magento\Cms\Model\ResourceModel\Block->save()
#20 /var/www/html/vendor/magento/module-cms-sample-data/Model/Block.php(98): Magento\Framework\Model\AbstractModel->save()
#21 /var/www/html/vendor/magento/module-cms-sample-data/Model/Block.php(77): Magento\CmsSampleData\Model\Block->saveCmsBlock()
#22 /var/www/html/vendor/magento/module-cms-sample-data/Setup/Installer.php(60): Magento\CmsSampleData\Model\Block->install()
#23 [internal function]: Magento\CmsSampleData\Setup\Installer->install()
#24 /var/www/html/vendor/magento/framework/App/State.php(183): call_user_func_array()
#25 /var/www/html/generated/code/Magento/Framework/App/State/Interceptor.php(68): Magento\Framework\App\State->emulateAreaCode()
#26 /var/www/html/vendor/magento/framework/Setup/SampleData/Executor.php(54): Magento\Framework\App\State\Interceptor->emulateAreaCode()
#27 /var/www/html/vendor/magento/module-cms-sample-data/Setup/Patch/Data/InstallCmsSampleData.php(47): Magento\Framework\Setup\SampleData\Executor->exec()
#28 /var/www/html/vendor/magento/framework/Setup/Patch/PatchApplier.php(301): Magento\CmsSampleData\Setup\Patch\Data\InstallCmsSampleData->apply()
#29 /var/www/html/vendor/magento/framework/Setup/Patch/PatchApplier.php(165): Magento\Framework\Setup\Patch\PatchApplier->applyPatch()
#30 /var/www/html/setup/src/Magento/Setup/Model/Installer.php(1148): Magento\Framework\Setup\Patch\PatchApplier->applyDataPatch()
#31 /var/www/html/setup/src/Magento/Setup/Model/Installer.php(1020): Magento\Setup\Model\Installer->handleDBSchemaData()
#32 /var/www/html/setup/src/Magento/Setup/Console/Command/UpgradeCommand.php(167): Magento\Setup\Model\Installer->installDataFixtures()
#33 /var/www/html/vendor/symfony/console/Command/Command.php(341): Magento\Setup\Console\Command\UpgradeCommand->execute()
#34 /var/www/html/vendor/symfony/console/Application.php(1094): Symfony\Component\Console\Command\Command->run()
#35 /var/www/html/vendor/symfony/console/Application.php(356): Symfony\Component\Console\Application->doRunCommand()
#36 /var/www/html/vendor/magento/framework/Console/Cli.php(137): Symfony\Component\Console\Application->doRun()
#37 /var/www/html/vendor/symfony/console/Application.php(195): Magento\Framework\Console\Cli->doRun()
#38 /var/www/html/bin/magento(23): Symfony\Component\Console\Application->run()
#39 {main} {"exception":"[object] (Magento\\Framework\\Exception\\IntegrationException(code: 0): An error occurred during get media asset list: There is no such media asset with path \"wysiwyg/womens/womens-pants.jpg\" at /var/www/html/vendor/magento/module-media-gallery/Model/Asset/Command/GetByPath.php:103)
[previous exception] [object] (Magento\\Framework\\Exception\\NoSuchEntityException(code: 0): There is no such media asset with path \"wysiwyg/womens/womens-pants.jpg\" at /var/www/html/vendor/magento/module-media-gallery/Model/Asset/Command/GetByPath.php:81)"} []
[2026-07-30T04:14:00.295943+00:00] main.CRITICAL: Magento\Framework\Exception\NoSuchEntityException: There is no such media asset with path "wysiwyg/womens/womens-erin.jpg" in /var/www/html/vendor/magento/module-media-gallery/Model/Asset/Command/GetByPath.php:81
Stack trace:
#0 /var/www/html/vendor/magento/module-media-content/Model/ExtractAssetsFromContent.php(88): Magento\MediaGallery\Model\Asset\Command\GetByPath->execute()
#1 /var/www/html/vendor/magento/module-media-content/Model/ExtractAssetsFromContent.php(70): Magento\MediaContent\Model\ExtractAssetsFromContent->getAssetsByPaths()
#2 /var/www/html/vendor/magento/module-media-content/Model/UpdateContentAssetLinks.php(109): Magento\MediaContent\Model\ExtractAssetsFromContent->execute()
#3 /var/www/html/vendor/magento/module-media-content/Model/UpdateContentAssetLinks.php(91): Magento\MediaContent\Model\UpdateContentAssetLinks->updateRelation()
#4 /var/www/html/vendor/magento/module-media-content-cms/Observer/Block.php(82): Magento\MediaContent\Model\UpdateContentAssetLinks->execute()
#5 /var/www/html/vendor/magento/framework/Event/Invoker/InvokerDefault.php(88): Magento\MediaContentCms\Observer\Block->execute()
#6 /var/www/html/vendor/magento/framework/Event/Invoker/InvokerDefault.php(74): Magento\Framework\Event\Invoker\InvokerDefault->_callObserverMethod()
#7 /var/www/html/vendor/magento/framework/Event/Manager.php(65): Magento\Framework\Event\Invoker\InvokerDefault->dispatch()
#8 /var/www/html/generated/code/Magento/Framework/Event/Manager/Proxy.php(105): Magento\Framework\Event\Manager->dispatch()
#9 /var/www/html/vendor/magento/framework/Model/AbstractModel.php(866): Magento\Framework\Event\Manager\Proxy->dispatch()
#10 /var/www/html/vendor/magento/framework/EntityManager/Observer/AfterEntitySave.php(34): Magento\Framework\Model\AbstractModel->afterSave()
#11 /var/www/html/vendor/magento/framework/Event/Invoker/InvokerDefault.php(88): Magento\Framework\EntityManager\Observer\AfterEntitySave->execute()
#12 /var/www/html/vendor/magento/framework/Event/Invoker/InvokerDefault.php(74): Magento\Framework\Event\Invoker\InvokerDefault->_callObserverMethod()
#13 /var/www/html/vendor/magento/framework/Event/Manager.php(65): Magento\Framework\Event\Invoker\InvokerDefault->dispatch()
#14 /var/www/html/generated/code/Magento/Framework/Event/Manager/Proxy.php(105): Magento\Framework\Event\Manager->dispatch()
#15 /var/www/html/vendor/magento/framework/EntityManager/EventManager.php(49): Magento\Framework\Event\Manager\Proxy->dispatch()
#16 /var/www/html/vendor/magento/framework/EntityManager/Operation/Create.php(123): Magento\Framework\EntityManager\EventManager->dispatchEntityEvent()
#17 /var/www/html/vendor/magento/framework/EntityManager/EntityManager.php(106): Magento\Framework\EntityManager\Operation\Create->execute()
#18 /var/www/html/vendor/magento/module-cms/Model/ResourceModel/Block.php(247): Magento\Framework\EntityManager\EntityManager->save()
#19 /var/www/html/vendor/magento/framework/Model/AbstractModel.php(682): Magento\Cms\Model\ResourceModel\Block->save()
#20 /var/www/html/vendor/magento/module-cms-sample-data/Model/Block.php(98): Magento\Framework\Model\AbstractModel->save()
#21 /var/www/html/vendor/magento/module-cms-sample-data/Model/Block.php(77): Magento\CmsSampleData\Model\Block->saveCmsBlock()
#22 /var/www/html/vendor/magento/module-cms-sample-data/Setup/Installer.php(60): Magento\CmsSampleData\Model\Block->install()
#23 [internal function]: Magento\CmsSampleData\Setup\Installer->install()
#24 /var/www/html/vendor/magento/framework/App/State.php(183): call_user_func_array()
#25 /var/www/html/generated/code/Magento/Framework/App/State/Interceptor.php(68): Magento\Framework\App\State->emulateAreaCode()
#26 /var/www/html/vendor/magento/framework/Setup/SampleData/Executor.php(54): Magento\Framework\App\State\Interceptor->emulateAreaCode()
#27 /var/www/html/vendor/magento/module-cms-sample-data/Setup/Patch/Data/InstallCmsSampleData.php(47): Magento\Framework\Setup\SampleData\Executor->exec()
#28 /var/www/html/vendor/magento/framework/Setup/Patch/PatchApplier.php(301): Magento\CmsSampleData\Setup\Patch\Data\InstallCmsSampleData->apply()
#29 /var/www/html/vendor/magento/framework/Setup/Patch/PatchApplier.php(165): Magento\Framework\Setup\Patch\PatchApplier->applyPatch()
#30 /var/www/html/setup/src/Magento/Setup/Model/Installer.php(1148): Magento\Framework\Setup\Patch\PatchApplier->applyDataPatch()
#31 /var/www/html/setup/src/Magento/Setup/Model/Installer.php(1020): Magento\Setup\Model\Installer->handleDBSchemaData()
#32 /var/www/html/setup/src/Magento/Setup/Console/Command/UpgradeCommand.php(167): Magento\Setup\Model\Installer->installDataFixtures()
#33 /var/www/html/vendor/symfony/console/Command/Command.php(341): Magento\Setup\Console\Command\UpgradeCommand->execute()
#34 /var/www/html/vendor/symfony/console/Application.php(1094): Symfony\Component\Console\Command\Command->run()
#35 /var/www/html/vendor/symfony/console/Application.php(356): Symfony\Component\Console\Application->doRunCommand()
#36 /var/www/html/vendor/magento/framework/Console/Cli.php(137): Symfony\Component\Console\Application->doRun()
#37 /var/www/html/vendor/symfony/console/Application.php(195): Magento\Framework\Console\Cli->doRun()
#38 /var/www/html/bin/magento(23): Symfony\Component\Console\Application->run()
#39 {main} {"exception":"[object] (Magento\\Framework\\Exception\\NoSuchEntityException(code: 0): There is no such media asset with path \"wysiwyg/womens/womens-erin.jpg\" at /var/www/html/vendor/magento/module-media-gallery/Model/Asset/Command/GetByPath.php:81)"} []
[2026-07-30T04:14:00.296050+00:00] main.CRITICAL: Magento\Framework\Exception\NoSuchEntityException: There is no such media asset with path "wysiwyg/womens/womens-erin.jpg" in /var/www/html/vendor/magento/module-media-gallery/Model/Asset/Command/GetByPath.php:81
Stack trace:
#0 /var/www/html/vendor/magento/module-media-content/Model/ExtractAssetsFromContent.php(88): Magento\MediaGallery\Model\Asset\Command\GetByPath->execute()
#1 /var/www/html/vendor/magento/module-media-content/Model/ExtractAssetsFromContent.php(70): Magento\MediaContent\Model\ExtractAssetsFromContent->getAssetsByPaths()
#2 /var/www/html/vendor/magento/module-media-content/Model/UpdateContentAssetLinks.php(109): Magento\MediaContent\Model\ExtractAssetsFromContent->execute()
#3 /var/www/html/vendor/magento/module-media-content/Model/UpdateContentAssetLinks.php(91): Magento\MediaContent\Model\UpdateContentAssetLinks->updateRelation()
#4 /var/www/html/vendor/magento/module-media-content-cms/Observer/Block.php(82): Magento\MediaContent\Model\UpdateContentAssetLinks->execute()
#5 /var/www/html/vendor/magento/framework/Event/Invoker/InvokerDefault.php(88): Magento\MediaContentCms\Observer\Block->execute()
#6 /var/www/html/vendor/magento/framework/Event/Invoker/InvokerDefault.php(74): Magento\Framework\Event\Invoker\InvokerDefault->_callObserverMethod()
#7 /var/www/html/vendor/magento/framework/Event/Manager.php(65): Magento\Framework\Event\Invoker\InvokerDefault->dispatch()
#8 /var/www/html/generated/code/Magento/Framework/Event/Manager/Proxy.php(105): Magento\Framework\Event\Manager->dispatch()
#9 /var/www/html/vendor/magento/framework/Model/AbstractModel.php(866): Magento\Framework\Event\Manager\Proxy->dispatch()
#10 /var/www/html/vendor/magento/framework/EntityManager/Observer/AfterEntitySave.php(34): Magento\Framework\Model\AbstractModel->afterSave()
#11 /var/www/html/vendor/magento/framework/Event/Invoker/InvokerDefault.php(88): Magento\Framework\EntityManager\Observer\AfterEntitySave->execute()
#12 /var/www/html/vendor/magento/framework/Event/Invoker/InvokerDefault.php(74): Magento\Framework\Event\Invoker\InvokerDefault->_callObserverMethod()
#13 /var/www/html/vendor/magento/framework/Event/Manager.php(65): Magento\Framework\Event\Invoker\InvokerDefault->dispatch()
#14 /var/www/html/generated/code/Magento/Framework/Event/Manager/Proxy.php(105): Magento\Framework\Event\Manager->dispatch()
#15 /var/www/html/vendor/magento/framework/EntityManager/EventManager.php(49): Magento\Framework\Event\Manager\Proxy->dispatch()
#16 /var/www/html/vendor/magento/framework/EntityManager/Operation/Create.php(123): Magento\Framework\EntityManager\EventManager->dispatchEntityEvent()
#17 /var/www/html/vendor/magento/framework/EntityManager/EntityManager.php(106): Magento\Framework\EntityManager\Operation\Create->execute()
#18 /var/www/html/vendor/magento/module-cms/Model/ResourceModel/Block.php(247): Magento\Framework\EntityManager\EntityManager->save()
#19 /var/www/html/vendor/magento/framework/Model/AbstractModel.php(682): Magento\Cms\Model\ResourceModel\Block->save()
#20 /var/www/html/vendor/magento/module-cms-sample-data/Model/Block.php(98): Magento\Framework\Model\AbstractModel->save()
#21 /var/www/html/vendor/magento/module-cms-sample-data/Model/Block.php(77): Magento\CmsSampleData\Model\Block->saveCmsBlock()
#22 /var/www/html/vendor/magento/module-cms-sample-data/Setup/Installer.php(60): Magento\CmsSampleData\Model\Block->install()
#23 [internal function]: Magento\CmsSampleData\Setup\Installer->install()
#24 /var/www/html/vendor/magento/framework/App/State.php(183): call_user_func_array()
#25 /var/www/html/generated/code/Magento/Framework/App/State/Interceptor.php(68): Magento\Framework\App\State->emulateAreaCode()
#26 /var/www/html/vendor/magento/framework/Setup/SampleData/Executor.php(54): Magento\Framework\App\State\Interceptor->emulateAreaCode()
#27 /var/www/html/vendor/magento/module-cms-sample-data/Setup/Patch/Data/InstallCmsSampleData.php(47): Magento\Framework\Setup\SampleData\Executor->exec()
#28 /var/www/html/vendor/magento/framework/Setup/Patch/PatchApplier.php(301): Magento\CmsSampleData\Setup\Patch\Data\InstallCmsSampleData->apply()
#29 /var/www/html/vendor/magento/framework/Setup/Patch/PatchApplier.php(165): Magento\Framework\Setup\Patch\PatchApplier->applyPatch()
#30 /var/www/html/setup/src/Magento/Setup/Model/Installer.php(1148): Magento\Framework\Setup\Patch\PatchApplier->applyDataPatch()
#31 /var/www/html/setup/src/Magento/Setup/Model/Installer.php(1020): Magento\Setup\Model\Installer->handleDBSchemaData()
#32 /var/www/html/setup/src/Magento/Setup/Console/Command/UpgradeCommand.php(167): Magento\Setup\Model\Installer->installDataFixtures()
#33 /var/www/html/vendor/symfony/console/Command/Command.php(341): Magento\Setup\Console\Command\UpgradeCommand->execute()
#34 /var/www/html/vendor/symfony/console/Application.php(1094): Symfony\Component\Console\Command\Command->run()
#35 /var/www/html/vendor/symfony/console/Application.php(356): Symfony\Component\Console\Application->doRunCommand()
#36 /var/www/html/vendor/magento/framework/Console/Cli.php(137): Symfony\Component\Console\Application->doRun()
#37 /var/www/html/vendor/symfony/console/Application.php(195): Magento\Framework\Console\Cli->doRun()
#38 /var/www/html/bin/magento(23): Symfony\Component\Console\Application->run()
#39 {main}

Next Magento\Framework\Exception\IntegrationException: An error occurred during get media asset list: There is no such media asset with path "wysiwyg/womens/womens-erin.jpg" in /var/www/html/vendor/magento/module-media-gallery/Model/Asset/Command/GetByPath.php:103
Stack trace:
#0 /var/www/html/vendor/magento/module-media-content/Model/ExtractAssetsFromContent.php(88): Magento\MediaGallery\Model\Asset\Command\GetByPath->execute()
#1 /var/www/html/vendor/magento/module-media-content/Model/ExtractAssetsFromContent.php(70): Magento\MediaContent\Model\ExtractAssetsFromContent->getAssetsByPaths()
#2 /var/www/html/vendor/magento/module-media-content/Model/UpdateContentAssetLinks.php(109): Magento\MediaContent\Model\ExtractAssetsFromContent->execute()
#3 /var/www/html/vendor/magento/module-media-content/Model/UpdateContentAssetLinks.php(91): Magento\MediaContent\Model\UpdateContentAssetLinks->updateRelation()
#4 /var/www/html/vendor/magento/module-media-content-cms/Observer/Block.php(82): Magento\MediaContent\Model\UpdateContentAssetLinks->execute()
#5 /var/www/html/vendor/magento/framework/Event/Invoker/InvokerDefault.php(88): Magento\MediaContentCms\Observer\Block->execute()
#6 /var/www/html/vendor/magento/framework/Event/Invoker/InvokerDefault.php(74): Magento\Framework\Event\Invoker\InvokerDefault->_callObserverMethod()
#7 /var/www/html/vendor/magento/framework/Event/Manager.php(65): Magento\Framework\Event\Invoker\InvokerDefault->dispatch()
#8 /var/www/html/generated/code/Magento/Framework/Event/Manager/Proxy.php(105): Magento\Framework\Event\Manager->dispatch()
#9 /var/www/html/vendor/magento/framework/Model/AbstractModel.php(866): Magento\Framework\Event\Manager\Proxy->dispatch()
#10 /var/www/html/vendor/magento/framework/EntityManager/Observer/AfterEntitySave.php(34): Magento\Framework\Model\AbstractModel->afterSave()
#11 /var/www/html/vendor/magento/framework/Event/Invoker/InvokerDefault.php(88): Magento\Framework\EntityManager\Observer\AfterEntitySave->execute()
#12 /var/www/html/vendor/magento/framework/Event/Invoker/InvokerDefault.php(74): Magento\Framework\Event\Invoker\InvokerDefault->_callObserverMethod()
#13 /var/www/html/vendor/magento/framework/Event/Manager.php(65): Magento\Framework\Event\Invoker\InvokerDefault->dispatch()
#14 /var/www/html/generated/code/Magento/Framework/Event/Manager/Proxy.php(105): Magento\Framework\Event\Manager->dispatch()
#15 /var/www/html/vendor/magento/framework/EntityManager/EventManager.php(49): Magento\Framework\Event\Manager\Proxy->dispatch()
#16 /var/www/html/vendor/magento/framework/EntityManager/Operation/Create.php(123): Magento\Framework\EntityManager\EventManager->dispatchEntityEvent()
#17 /var/www/html/vendor/magento/framework/EntityManager/EntityManager.php(106): Magento\Framework\EntityManager\Operation\Create->execute()
#18 /var/www/html/vendor/magento/module-cms/Model/ResourceModel/Block.php(247): Magento\Framework\EntityManager\EntityManager->save()
#19 /var/www/html/vendor/magento/framework/Model/AbstractModel.php(682): Magento\Cms\Model\ResourceModel\Block->save()
#20 /var/www/html/vendor/magento/module-cms-sample-data/Model/Block.php(98): Magento\Framework\Model\AbstractModel->save()
#21 /var/www/html/vendor/magento/module-cms-sample-data/Model/Block.php(77): Magento\CmsSampleData\Model\Block->saveCmsBlock()
#22 /var/www/html/vendor/magento/module-cms-sample-data/Setup/Installer.php(60): Magento\CmsSampleData\Model\Block->install()
#23 [internal function]: Magento\CmsSampleData\Setup\Installer->install()
#24 /var/www/html/vendor/magento/framework/App/State.php(183): call_user_func_array()
#25 /var/www/html/generated/code/Magento/Framework/App/State/Interceptor.php(68): Magento\Framework\App\State->emulateAreaCode()
#26 /var/www/html/vendor/magento/framework/Setup/SampleData/Executor.php(54): Magento\Framework\App\State\Interceptor->emulateAreaCode()
#27 /var/www/html/vendor/magento/module-cms-sample-data/Setup/Patch/Data/InstallCmsSampleData.php(47): Magento\Framework\Setup\SampleData\Executor->exec()
#28 /var/www/html/vendor/magento/framework/Setup/Patch/PatchApplier.php(301): Magento\CmsSampleData\Setup\Patch\Data\InstallCmsSampleData->apply()
#29 /var/www/html/vendor/magento/framework/Setup/Patch/PatchApplier.php(165): Magento\Framework\Setup\Patch\PatchApplier->applyPatch()
#30 /var/www/html/setup/src/Magento/Setup/Model/Installer.php(1148): Magento\Framework\Setup\Patch\PatchApplier->applyDataPatch()
#31 /var/www/html/setup/src/Magento/Setup/Model/Installer.php(1020): Magento\Setup\Model\Installer->handleDBSchemaData()
#32 /var/www/html/setup/src/Magento/Setup/Console/Command/UpgradeCommand.php(167): Magento\Setup\Model\Installer->installDataFixtures()
#33 /var/www/html/vendor/symfony/console/Command/Command.php(341): Magento\Setup\Console\Command\UpgradeCommand->execute()
#34 /var/www/html/vendor/symfony/console/Application.php(1094): Symfony\Component\Console\Command\Command->run()
#35 /var/www/html/vendor/symfony/console/Application.php(356): Symfony\Component\Console\Application->doRunCommand()
#36 /var/www/html/vendor/magento/framework/Console/Cli.php(137): Symfony\Component\Console\Application->doRun()
#37 /var/www/html/vendor/symfony/console/Application.php(195): Magento\Framework\Console\Cli->doRun()
#38 /var/www/html/bin/magento(23): Symfony\Component\Console\Application->run()
#39 {main} {"exception":"[object] (Magento\\Framework\\Exception\\IntegrationException(code: 0): An error occurred during get media asset list: There is no such media asset with path \"wysiwyg/womens/womens-erin.jpg\" at /var/www/html/vendor/magento/module-media-gallery/Model/Asset/Command/GetByPath.php:103)
[previous exception] [object] (Magento\\Framework\\Exception\\NoSuchEntityException(code: 0): There is no such media asset with path \"wysiwyg/womens/womens-erin.jpg\" at /var/www/html/vendor/magento/module-media-gallery/Model/Asset/Command/GetByPath.php:81)"} []
[2026-07-30T04:14:00.296280+00:00] main.CRITICAL: Magento\Framework\Exception\NoSuchEntityException: There is no such media asset with path "wysiwyg/womens/womens-category-pants.jpg" in /var/www/html/vendor/magento/module-media-gallery/Model/Asset/Command/GetByPath.php:81
Stack trace:
#0 /var/www/html/vendor/magento/module-media-content/Model/ExtractAssetsFromContent.php(88): Magento\MediaGallery\Model\Asset\Command\GetByPath->execute()
#1 /var/www/html/vendor/magento/module-media-content/Model/ExtractAssetsFromContent.php(70): Magento\MediaContent\Model\ExtractAssetsFromContent->getAssetsByPaths()
#2 /var/www/html/vendor/magento/module-media-content/Model/UpdateContentAssetLinks.php(109): Magento\MediaContent\Model\ExtractAssetsFromContent->execute()
#3 /var/www/html/vendor/magento/module-media-content/Model/UpdateContentAssetLinks.php(91): Magento\MediaContent\Model\UpdateContentAssetLinks->updateRelation()
#4 /var/www/html/vendor/magento/module-media-content-cms/Observer/Block.php(82): Magento\MediaContent\Model\UpdateContentAssetLinks->execute()
#5 /var/www/html/vendor/magento/framework/Event/Invoker/InvokerDefault.php(88): Magento\MediaContentCms\Observer\Block->execute()
#6 /var/www/html/vendor/magento/framework/Event/Invoker/InvokerDefault.php(74): Magento\Framework\Event\Invoker\InvokerDefault->_callObserverMethod()
#7 /var/www/html/vendor/magento/framework/Event/Manager.php(65): Magento\Framework\Event\Invoker\InvokerDefault->dispatch()
#8 /var/www/html/generated/code/Magento/Framework/Event/Manager/Proxy.php(105): Magento\Framework\Event\Manager->dispatch()
#9 /var/www/html/vendor/magento/framework/Model/AbstractModel.php(866): Magento\Framework\Event\Manager\Proxy->dispatch()
#10 /var/www/html/vendor/magento/framework/EntityManager/Observer/AfterEntitySave.php(34): Magento\Framework\Model\AbstractModel->afterSave()
#11 /var/www/html/vendor/magento/framework/Event/Invoker/InvokerDefault.php(88): Magento\Framework\EntityManager\Observer\AfterEntitySave->execute()
#12 /var/www/html/vendor/magento/framework/Event/Invoker/InvokerDefault.php(74): Magento\Framework\Event\Invoker\InvokerDefault->_callObserverMethod()
#13 /var/www/html/vendor/magento/framework/Event/Manager.php(65): Magento\Framework\Event\Invoker\InvokerDefault->dispatch()
#14 /var/www/html/generated/code/Magento/Framework/Event/Manager/Proxy.php(105): Magento\Framework\Event\Manager->dispatch()
#15 /var/www/html/vendor/magento/framework/EntityManager/EventManager.php(49): Magento\Framework\Event\Manager\Proxy->dispatch()
#16 /var/www/html/vendor/magento/framework/EntityManager/Operation/Create.php(123): Magento\Framework\EntityManager\EventManager->dispatchEntityEvent()
#17 /var/www/html/vendor/magento/framework/EntityManager/EntityManager.php(106): Magento\Framework\EntityManager\Operation\Create->execute()
#18 /var/www/html/vendor/magento/module-cms/Model/ResourceModel/Block.php(247): Magento\Framework\EntityManager\EntityManager->save()
#19 /var/www/html/vendor/magento/framework/Model/AbstractModel.php(682): Magento\Cms\Model\ResourceModel\Block->save()
#20 /var/www/html/vendor/magento/module-cms-sample-data/Model/Block.php(98): Magento\Framework\Model\AbstractModel->save()
#21 /var/www/html/vendor/magento/module-cms-sample-data/Model/Block.php(77): Magento\CmsSampleData\Model\Block->saveCmsBlock()
#22 /var/www/html/vendor/magento/module-cms-sample-data/Setup/Installer.php(60): Magento\CmsSampleData\Model\Block->install()
#23 [internal function]: Magento\CmsSampleData\Setup\Installer->install()
#24 /var/www/html/vendor/magento/framework/App/State.php(183): call_user_func_array()
#25 /var/www/html/generated/code/Magento/Framework/App/State/Interceptor.php(68): Magento\Framework\App\State->emulateAreaCode()
#26 /var/www/html/vendor/magento/framework/Setup/SampleData/Executor.php(54): Magento\Framework\App\State\Interceptor->emulateAreaCode()
#27 /var/www/html/vendor/magento/module-cms-sample-data/Setup/Patch/Data/InstallCmsSampleData.php(47): Magento\Framework\Setup\SampleData\Executor->exec()
#28 /var/www/html/vendor/magento/framework/Setup/Patch/PatchApplier.php(301): Magento\CmsSampleData\Setup\Patch\Data\InstallCmsSampleData->apply()
#29 /var/www/html/vendor/magento/framework/Setup/Patch/PatchApplier.php(165): Magento\Framework\Setup\Patch\PatchApplier->applyPatch()
#30 /var/www/html/setup/src/Magento/Setup/Model/Installer.php(1148): Magento\Framework\Setup\Patch\PatchApplier->applyDataPatch()
#31 /var/www/html/setup/src/Magento/Setup/Model/Installer.php(1020): Magento\Setup\Model\Installer->handleDBSchemaData()
#32 /var/www/html/setup/src/Magento/Setup/Console/Command/UpgradeCommand.php(167): Magento\Setup\Model\Installer->installDataFixtures()
#33 /var/www/html/vendor/symfony/console/Command/Command.php(341): Magento\Setup\Console\Command\UpgradeCommand->execute()
#34 /var/www/html/vendor/symfony/console/Application.php(1094): Symfony\Component\Console\Command\Command->run()
#35 /var/www/html/vendor/symfony/console/Application.php(356): Symfony\Component\Console\Application->doRunCommand()
#36 /var/www/html/vendor/magento/framework/Console/Cli.php(137): Symfony\Component\Console\Application->doRun()
#37 /var/www/html/vendor/symfony/console/Application.php(195): Magento\Framework\Console\Cli->doRun()
#38 /var/www/html/bin/magento(23): Symfony\Component\Console\Application->run()
#39 {main} {"exception":"[object] (Magento\\Framework\\Exception\\NoSuchEntityException(code: 0): There is no such media asset with path \"wysiwyg/womens/womens-category-pants.jpg\" at /var/www/html/vendor/magento/module-media-gallery/Model/Asset/Command/GetByPath.php:81)"} []
[2026-07-30T04:14:00.296383+00:00] main.CRITICAL: Magento\Framework\Exception\NoSuchEntityException: There is no such media asset with path "wysiwyg/womens/womens-category-pants.jpg" in /var/www/html/vendor/magento/module-media-gallery/Model/Asset/Command/GetByPath.php:81
Stack trace:
#0 /var/www/html/vendor/magento/module-media-content/Model/ExtractAssetsFromContent.php(88): Magento\MediaGallery\Model\Asset\Command\GetByPath->execute()
#1 /var/www/html/vendor/magento/module-media-content/Model/ExtractAssetsFromContent.php(70): Magento\MediaContent\Model\ExtractAssetsFromContent->getAssetsByPaths()
#2 /var/www/html/vendor/magento/module-media-content/Model/UpdateContentAssetLinks.php(109): Magento\MediaContent\Model\ExtractAssetsFromContent->execute()
#3 /var/www/html/vendor/magento/module-media-content/Model/UpdateContentAssetLinks.php(91): Magento\MediaContent\Model\UpdateContentAssetLinks->updateRelation()
#4 /var/www/html/vendor/magento/module-media-content-cms/Observer/Block.php(82): Magento\MediaContent\Model\UpdateContentAssetLinks->execute()
#5 /var/www/html/vendor/magento/framework/Event/Invoker/InvokerDefault.php(88): Magento\MediaContentCms\Observer\Block->execute()
#6 /var/www/html/vendor/magento/framework/Event/Invoker/InvokerDefault.php(74): Magento\Framework\Event\Invoker\InvokerDefault->_callObserverMethod()
#7 /var/www/html/vendor/magento/framework/Event/Manager.php(65): Magento\Framework\Event\Invoker\InvokerDefault->dispatch()
#8 /var/www/html/generated/code/Magento/Framework/Event/Manager/Proxy.php(105): Magento\Framework\Event\Manager->dispatch()
#9 /var/www/html/vendor/magento/framework/Model/AbstractModel.php(866): Magento\Framework\Event\Manager\Proxy->dispatch()
#10 /var/www/html/vendor/magento/framework/EntityManager/Observer/AfterEntitySave.php(34): Magento\Framework\Model\AbstractModel->afterSave()
#11 /var/www/html/vendor/magento/framework/Event/Invoker/InvokerDefault.php(88): Magento\Framework\EntityManager\Observer\AfterEntitySave->execute()
#12 /var/www/html/vendor/magento/framework/Event/Invoker/InvokerDefault.php(74): Magento\Framework\Event\Invoker\InvokerDefault->_callObserverMethod()
#13 /var/www/html/vendor/magento/framework/Event/Manager.php(65): Magento\Framework\Event\Invoker\InvokerDefault->dispatch()
#14 /var/www/html/generated/code/Magento/Framework/Event/Manager/Proxy.php(105): Magento\Framework\Event\Manager->dispatch()
#15 /var/www/html/vendor/magento/framework/EntityManager/EventManager.php(49): Magento\Framework\Event\Manager\Proxy->dispatch()
#16 /var/www/html/vendor/magento/framework/EntityManager/Operation/Create.php(123): Magento\Framework\EntityManager\EventManager->dispatchEntityEvent()
#17 /var/www/html/vendor/magento/framework/EntityManager/EntityManager.php(106): Magento\Framework\EntityManager\Operation\Create->execute()
#18 /var/www/html/vendor/magento/module-cms/Model/ResourceModel/Block.php(247): Magento\Framework\EntityManager\EntityManager->save()
#19 /var/www/html/vendor/magento/framework/Model/AbstractModel.php(682): Magento\Cms\Model\ResourceModel\Block->save()
#20 /var/www/html/vendor/magento/module-cms-sample-data/Model/Block.php(98): Magento\Framework\Model\AbstractModel->save()
#21 /var/www/html/vendor/magento/module-cms-sample-data/Model/Block.php(77): Magento\CmsSampleData\Model\Block->saveCmsBlock()
#22 /var/www/html/vendor/magento/module-cms-sample-data/Setup/Installer.php(60): Magento\CmsSampleData\Model\Block->install()
#23 [internal function]: Magento\CmsSampleData\Setup\Installer->install()
#24 /var/www/html/vendor/magento/framework/App/State.php(183): call_user_func_array()
#25 /var/www/html/generated/code/Magento/Framework/App/State/Interceptor.php(68): Magento\Framework\App\State->emulateAreaCode()
#26 /var/www/html/vendor/magento/framework/Setup/SampleData/Executor.php(54): Magento\Framework\App\State\Interceptor->emulateAreaCode()
#27 /var/www/html/vendor/magento/module-cms-sample-data/Setup/Patch/Data/InstallCmsSampleData.php(47): Magento\Framework\Setup\SampleData\Executor->exec()
#28 /var/www/html/vendor/magento/framework/Setup/Patch/PatchApplier.php(301): Magento\CmsSampleData\Setup\Patch\Data\InstallCmsSampleData->apply()
#29 /var/www/html/vendor/magento/framework/Setup/Patch/PatchApplier.php(165): Magento\Framework\Setup\Patch\PatchApplier->applyPatch()
#30 /var/www/html/setup/src/Magento/Setup/Model/Installer.php(1148): Magento\Framework\Setup\Patch\PatchApplier->applyDataPatch()
#31 /var/www/html/setup/src/Magento/Setup/Model/Installer.php(1020): Magento\Setup\Model\Installer->handleDBSchemaData()
#32 /var/www/html/setup/src/Magento/Setup/Console/Command/UpgradeCommand.php(167): Magento\Setup\Model\Installer->installDataFixtures()
#33 /var/www/html/vendor/symfony/console/Command/Command.php(341): Magento\Setup\Console\Command\UpgradeCommand->execute()
#34 /var/www/html/vendor/symfony/console/Application.php(1094): Symfony\Component\Console\Command\Command->run()
#35 /var/www/html/vendor/symfony/console/Application.php(356): Symfony\Component\Console\Application->doRunCommand()
#36 /var/www/html/vendor/magento/framework/Console/Cli.php(137): Symfony\Component\Console\Application->doRun()
#37 /var/www/html/vendor/symfony/console/Application.php(195): Magento\Framework\Console\Cli->doRun()
#38 /var/www/html/bin/magento(23): Symfony\Component\Console\Application->run()
#39 {main}

Next Magento\Framework\Exception\IntegrationException: An error occurred during get media asset list: There is no such media asset with path "wysiwyg/womens/womens-category-pants.jpg" in /var/www/html/vendor/magento/module-media-gallery/Model/Asset/Command/GetByPath.php:103
Stack trace:
#0 /var/www/html/vendor/magento/module-media-content/Model/ExtractAssetsFromContent.php(88): Magento\MediaGallery\Model\Asset\Command\GetByPath->execute()
#1 /var/www/html/vendor/magento/module-media-content/Model/ExtractAssetsFromContent.php(70): Magento\MediaContent\Model\ExtractAssetsFromContent->getAssetsByPaths()
#2 /var/www/html/vendor/magento/module-media-content/Model/UpdateContentAssetLinks.php(109): Magento\MediaContent\Model\ExtractAssetsFromContent->execute()
#3 /var/www/html/vendor/magento/module-media-content/Model/UpdateContentAssetLinks.php(91): Magento\MediaContent\Model\UpdateContentAssetLinks->updateRelation()
#4 /var/www/html/vendor/magento/module-media-content-cms/Observer/Block.php(82): Magento\MediaContent\Model\UpdateContentAssetLinks->execute()
#5 /var/www/html/vendor/magento/framework/Event/Invoker/InvokerDefault.php(88): Magento\MediaContentCms\Observer\Block->execute()
#6 /var/www/html/vendor/magento/framework/Event/Invoker/InvokerDefault.php(74): Magento\Framework\Event\Invoker\InvokerDefault->_callObserverMethod()
#7 /var/www/html/vendor/magento/framework/Event/Manager.php(65): Magento\Framework\Event\Invoker\InvokerDefault->dispatch()
#8 /var/www/html/generated/code/Magento/Framework/Event/Manager/Proxy.php(105): Magento\Framework\Event\Manager->dispatch()
#9 /var/www/html/vendor/magento/framework/Model/AbstractModel.php(866): Magento\Framework\Event\Manager\Proxy->dispatch()
#10 /var/www/html/vendor/magento/framework/EntityManager/Observer/AfterEntitySave.php(34): Magento\Framework\Model\AbstractModel->afterSave()
#11 /var/www/html/vendor/magento/framework/Event/Invoker/InvokerDefault.php(88): Magento\Framework\EntityManager\Observer\AfterEntitySave->execute()
#12 /var/www/html/vendor/magento/framework/Event/Invoker/InvokerDefault.php(74): Magento\Framework\Event\Invoker\InvokerDefault->_callObserverMethod()
#13 /var/www/html/vendor/magento/framework/Event/Manager.php(65): Magento\Framework\Event\Invoker\InvokerDefault->dispatch()
#14 /var/www/html/generated/code/Magento/Framework/Event/Manager/Proxy.php(105): Magento\Framework\Event\Manager->dispatch()
#15 /var/www/html/vendor/magento/framework/EntityManager/EventManager.php(49): Magento\Framework\Event\Manager\Proxy->dispatch()
#16 /var/www/html/vendor/magento/framework/EntityManager/Operation/Create.php(123): Magento\Framework\EntityManager\EventManager->dispatchEntityEvent()
#17 /var/www/html/vendor/magento/framework/EntityManager/EntityManager.php(106): Magento\Framework\EntityManager\Operation\Create->execute()
#18 /var/www/html/vendor/magento/module-cms/Model/ResourceModel/Block.php(247): Magento\Framework\EntityManager\EntityManager->save()
#19 /var/www/html/vendor/magento/framework/Model/AbstractModel.php(682): Magento\Cms\Model\ResourceModel\Block->save()
#20 /var/www/html/vendor/magento/module-cms-sample-data/Model/Block.php(98): Magento\Framework\Model\AbstractModel->save()
#21 /var/www/html/vendor/magento/module-cms-sample-data/Model/Block.php(77): Magento\CmsSampleData\Model\Block->saveCmsBlock()
#22 /var/www/html/vendor/magento/module-cms-sample-data/Setup/Installer.php(60): Magento\CmsSampleData\Model\Block->install()
#23 [internal function]: Magento\CmsSampleData\Setup\Installer->install()
#24 /var/www/html/vendor/magento/framework/App/State.php(183): call_user_func_array()
#25 /var/www/html/generated/code/Magento/Framework/App/State/Interceptor.php(68): Magento\Framework\App\State->emulateAreaCode()
#26 /var/www/html/vendor/magento/framework/Setup/SampleData/Executor.php(54): Magento\Framework\App\State\Interceptor->emulateAreaCode()
#27 /var/www/html/vendor/magento/module-cms-sample-data/Setup/Patch/Data/InstallCmsSampleData.php(47): Magento\Framework\Setup\SampleData\Executor->exec()
#28 /var/www/html/vendor/magento/framework/Setup/Patch/PatchApplier.php(301): Magento\CmsSampleData\Setup\Patch\Data\InstallCmsSampleData->apply()
#29 /var/www/html/vendor/magento/framework/Setup/Patch/PatchApplier.php(165): Magento\Framework\Setup\Patch\PatchApplier->applyPatch()
#30 /var/www/html/setup/src/Magento/Setup/Model/Installer.php(1148): Magento\Framework\Setup\Patch\PatchApplier->applyDataPatch()
#31 /var/www/html/setup/src/Magento/Setup/Model/Installer.php(1020): Magento\Setup\Model\Installer->handleDBSchemaData()
#32 /var/www/html/setup/src/Magento/Setup/Console/Command/UpgradeCommand.php(167): Magento\Setup\Model\Installer->installDataFixtures()
#33 /var/www/html/vendor/symfony/console/Command/Command.php(341): Magento\Setup\Console\Command\UpgradeCommand->execute()
#34 /var/www/html/vendor/symfony/console/Application.php(1094): Symfony\Component\Console\Command\Command->run()
#35 /var/www/html/vendor/symfony/console/Application.php(356): Symfony\Component\Console\Application->doRunCommand()
#36 /var/www/html/vendor/magento/framework/Console/Cli.php(137): Symfony\Component\Console\Application->doRun()
#37 /var/www/html/vendor/symfony/console/Application.php(195): Magento\Framework\Console\Cli->doRun()
#38 /var/www/html/bin/magento(23): Symfony\Component\Console\Application->run()
#39 {main} {"exception":"[object] (Magento\\Framework\\Exception\\IntegrationException(code: 0): An error occurred during get media asset list: There is no such media asset with path \"wysiwyg/womens/womens-category-pants.jpg\" at /var/www/html/vendor/magento/module-media-gallery/Model/Asset/Command/GetByPath.php:103)
[previous exception] [object] (Magento\\Framework\\Exception\\NoSuchEntityException(code: 0): There is no such media asset with path \"wysiwyg/womens/womens-category-pants.jpg\" at /var/www/html/vendor/magento/module-media-gallery/Model/Asset/Command/GetByPath.php:81)"} []
[2026-07-30T04:14:00.296615+00:00] main.CRITICAL: Magento\Framework\Exception\NoSuchEntityException: There is no such media asset with path "wysiwyg/womens/womens-category-shorts.jpg" in /var/www/html/vendor/magento/module-media-gallery/Model/Asset/Command/GetByPath.php:81
Stack trace:
#0 /var/www/html/vendor/magento/module-media-content/Model/ExtractAssetsFromContent.php(88): Magento\MediaGallery\Model\Asset\Command\GetByPath->execute()
#1 /var/www/html/vendor/magento/module-media-content/Model/ExtractAssetsFromContent.php(70): Magento\MediaContent\Model\ExtractAssetsFromContent->getAssetsByPaths()
#2 /var/www/html/vendor/magento/module-media-content/Model/UpdateContentAssetLinks.php(109): Magento\MediaContent\Model\ExtractAssetsFromContent->execute()
#3 /var/www/html/vendor/magento/module-media-content/Model/UpdateContentAssetLinks.php(91): Magento\MediaContent\Model\UpdateContentAssetLinks->updateRelation()
#4 /var/www/html/vendor/magento/module-media-content-cms/Observer/Block.php(82): Magento\MediaContent\Model\UpdateContentAssetLinks->execute()
#5 /var/www/html/vendor/magento/framework/Event/Invoker/InvokerDefault.php(88): Magento\MediaContentCms\Observer\Block->execute()
#6 /var/www/html/vendor/magento/framework/Event/Invoker/InvokerDefault.php(74): Magento\Framework\Event\Invoker\InvokerDefault->_callObserverMethod()
#7 /var/www/html/vendor/magento/framework/Event/Manager.php(65): Magento\Framework\Event\Invoker\InvokerDefault->dispatch()
#8 /var/www/html/generated/code/Magento/Framework/Event/Manager/Proxy.php(105): Magento\Framework\Event\Manager->dispatch()
#9 /var/www/html/vendor/magento/framework/Model/AbstractModel.php(866): Magento\Framework\Event\Manager\Proxy->dispatch()
#10 /var/www/html/vendor/magento/framework/EntityManager/Observer/AfterEntitySave.php(34): Magento\Framework\Model\AbstractModel->afterSave()
#11 /var/www/html/vendor/magento/framework/Event/Invoker/InvokerDefault.php(88): Magento\Framework\EntityManager\Observer\AfterEntitySave->execute()
#12 /var/www/html/vendor/magento/framework/Event/Invoker/InvokerDefault.php(74): Magento\Framework\Event\Invoker\InvokerDefault->_callObserverMethod()
#13 /var/www/html/vendor/magento/framework/Event/Manager.php(65): Magento\Framework\Event\Invoker\InvokerDefault->dispatch()
#14 /var/www/html/generated/code/Magento/Framework/Event/Manager/Proxy.php(105): Magento\Framework\Event\Manager->dispatch()
#15 /var/www/html/vendor/magento/framework/EntityManager/EventManager.php(49): Magento\Framework\Event\Manager\Proxy->dispatch()
#16 /var/www/html/vendor/magento/framework/EntityManager/Operation/Create.php(123): Magento\Framework\EntityManager\EventManager->dispatchEntityEvent()
#17 /var/www/html/vendor/magento/framework/EntityManager/EntityManager.php(106): Magento\Framework\EntityManager\Operation\Create->execute()
#18 /var/www/html/vendor/magento/module-cms/Model/ResourceModel/Block.php(247): Magento\Framework\EntityManager\EntityManager->save()
#19 /var/www/html/vendor/magento/framework/Model/AbstractModel.php(682): Magento\Cms\Model\ResourceModel\Block->save()
#20 /var/www/html/vendor/magento/module-cms-sample-data/Model/Block.php(98): Magento\Framework\Model\AbstractModel->save()
#21 /var/www/html/vendor/magento/module-cms-sample-data/Model/Block.php(77): Magento\CmsSampleData\Model\Block->saveCmsBlock()
#22 /var/www/html/vendor/magento/module-cms-sample-data/Setup/Installer.php(60): Magento\CmsSampleData\Model\Block->install()
#23 [internal function]: Magento\CmsSampleData\Setup\Installer->install()
#24 /var/www/html/vendor/magento/framework/App/State.php(183): call_user_func_array()
#25 /var/www/html/generated/code/Magento/Framework/App/State/Interceptor.php(68): Magento\Framework\App\State->emulateAreaCode()
#26 /var/www/html/vendor/magento/framework/Setup/SampleData/Executor.php(54): Magento\Framework\App\State\Interceptor->emulateAreaCode()
#27 /var/www/html/vendor/magento/module-cms-sample-data/Setup/Patch/Data/InstallCmsSampleData.php(47): Magento\Framework\Setup\SampleData\Executor->exec()
#28 /var/www/html/vendor/magento/framework/Setup/Patch/PatchApplier.php(301): Magento\CmsSampleData\Setup\Patch\Data\InstallCmsSampleData->apply()
#29 /var/www/html/vendor/magento/framework/Setup/Patch/PatchApplier.php(165): Magento\Framework\Setup\Patch\PatchApplier->applyPatch()
#30 /var/www/html/setup/src/Magento/Setup/Model/Installer.php(1148): Magento\Framework\Setup\Patch\PatchApplier->applyDataPatch()
#31 /var/www/html/setup/src/Magento/Setup/Model/Installer.php(1020): Magento\Setup\Model\Installer->handleDBSchemaData()
#32 /var/www/html/setup/src/Magento/Setup/Console/Command/UpgradeCommand.php(167): Magento\Setup\Model\Installer->installDataFixtures()
#33 /var/www/html/vendor/symfony/console/Command/Command.php(341): Magento\Setup\Console\Command\UpgradeCommand->execute()
#34 /var/www/html/vendor/symfony/console/Application.php(1094): Symfony\Component\Console\Command\Command->run()
#35 /var/www/html/vendor/symfony/console/Application.php(356): Symfony\Component\Console\Application->doRunCommand()
#36 /var/www/html/vendor/magento/framework/Console/Cli.php(137): Symfony\Component\Console\Application->doRun()
#37 /var/www/html/vendor/symfony/console/Application.php(195): Magento\Framework\Console\Cli->doRun()
#38 /var/www/html/bin/magento(23): Symfony\Component\Console\Application->run()
#39 {main} {"exception":"[object] (Magento\\Framework\\Exception\\NoSuchEntityException(code: 0): There is no such media asset with path \"wysiwyg/womens/womens-category-shorts.jpg\" at /var/www/html/vendor/magento/module-media-gallery/Model/Asset/Command/GetByPath.php:81)"} []
[2026-07-30T04:14:00.296738+00:00] main.CRITICAL: Magento\Framework\Exception\NoSuchEntityException: There is no such media asset with path "wysiwyg/womens/womens-category-shorts.jpg" in /var/www/html/vendor/magento/module-media-gallery/Model/Asset/Command/GetByPath.php:81
Stack trace:
#0 /var/www/html/vendor/magento/module-media-content/Model/ExtractAssetsFromContent.php(88): Magento\MediaGallery\Model\Asset\Command\GetByPath->execute()
#1 /var/www/html/vendor/magento/module-media-content/Model/ExtractAssetsFromContent.php(70): Magento\MediaContent\Model\ExtractAssetsFromContent->getAssetsByPaths()
#2 /var/www/html/vendor/magento/module-media-content/Model/UpdateContentAssetLinks.php(109): Magento\MediaContent\Model\ExtractAssetsFromContent->execute()
#3 /var/www/html/vendor/magento/module-media-content/Model/UpdateContentAssetLinks.php(91): Magento\MediaContent\Model\UpdateContentAssetLinks->updateRelation()
#4 /var/www/html/vendor/magento/module-media-content-cms/Observer/Block.php(82): Magento\MediaContent\Model\UpdateContentAssetLinks->execute()
#5 /var/www/html/vendor/magento/framework/Event/Invoker/InvokerDefault.php(88): Magento\MediaContentCms\Observer\Block->execute()
#6 /var/www/html/vendor/magento/framework/Event/Invoker/InvokerDefault.php(74): Magento\Framework\Event\Invoker\InvokerDefault->_callObserverMethod()
#7 /var/www/html/vendor/magento/framework/Event/Manager.php(65): Magento\Framework\Event\Invoker\InvokerDefault->dispatch()
#8 /var/www/html/generated/code/Magento/Framework/Event/Manager/Proxy.php(105): Magento\Framework\Event\Manager->dispatch()
#9 /var/www/html/vendor/magento/framework/Model/AbstractModel.php(866): Magento\Framework\Event\Manager\Proxy->dispatch()
#10 /var/www/html/vendor/magento/framework/EntityManager/Observer/AfterEntitySave.php(34): Magento\Framework\Model\AbstractModel->afterSave()
#11 /var/www/html/vendor/magento/framework/Event/Invoker/InvokerDefault.php(88): Magento\Framework\EntityManager\Observer\AfterEntitySave->execute()
#12 /var/www/html/vendor/magento/framework/Event/Invoker/InvokerDefault.php(74): Magento\Framework\Event\Invoker\InvokerDefault->_callObserverMethod()
#13 /var/www/html/vendor/magento/framework/Event/Manager.php(65): Magento\Framework\Event\Invoker\InvokerDefault->dispatch()
#14 /var/www/html/generated/code/Magento/Framework/Event/Manager/Proxy.php(105): Magento\Framework\Event\Manager->dispatch()
#15 /var/www/html/vendor/magento/framework/EntityManager/EventManager.php(49): Magento\Framework\Event\Manager\Proxy->dispatch()
#16 /var/www/html/vendor/magento/framework/EntityManager/Operation/Create.php(123): Magento\Framework\EntityManager\EventManager->dispatchEntityEvent()
#17 /var/www/html/vendor/magento/framework/EntityManager/EntityManager.php(106): Magento\Framework\EntityManager\Operation\Create->execute()
#18 /var/www/html/vendor/magento/module-cms/Model/ResourceModel/Block.php(247): Magento\Framework\EntityManager\EntityManager->save()
#19 /var/www/html/vendor/magento/framework/Model/AbstractModel.php(682): Magento\Cms\Model\ResourceModel\Block->save()
#20 /var/www/html/vendor/magento/module-cms-sample-data/Model/Block.php(98): Magento\Framework\Model\AbstractModel->save()
#21 /var/www/html/vendor/magento/module-cms-sample-data/Model/Block.php(77): Magento\CmsSampleData\Model\Block->saveCmsBlock()
#22 /var/www/html/vendor/magento/module-cms-sample-data/Setup/Installer.php(60): Magento\CmsSampleData\Model\Block->install()
#23 [internal function]: Magento\CmsSampleData\Setup\Installer->install()
#24 /var/www/html/vendor/magento/framework/App/State.php(183): call_user_func_array()
#25 /var/www/html/generated/code/Magento/Framework/App/State/Interceptor.php(68): Magento\Framework\App\State->emulateAreaCode()
#26 /var/www/html/vendor/magento/framework/Setup/SampleData/Executor.php(54): Magento\Framework\App\State\Interceptor->emulateAreaCode()
#27 /var/www/html/vendor/magento/module-cms-sample-data/Setup/Patch/Data/InstallCmsSampleData.php(47): Magento\Framework\Setup\SampleData\Executor->exec()
#28 /var/www/html/vendor/magento/framework/Setup/Patch/PatchApplier.php(301): Magento\CmsSampleData\Setup\Patch\Data\InstallCmsSampleData->apply()
#29 /var/www/html/vendor/magento/framework/Setup/Patch/PatchApplier.php(165): Magento\Framework\Setup\Patch\PatchApplier->applyPatch()
#30 /var/www/html/setup/src/Magento/Setup/Model/Installer.php(1148): Magento\Framework\Setup\Patch\PatchApplier->applyDataPatch()
#31 /var/www/html/setup/src/Magento/Setup/Model/Installer.php(1020): Magento\Setup\Model\Installer->handleDBSchemaData()
#32 /var/www/html/setup/src/Magento/Setup/Console/Command/UpgradeCommand.php(167): Magento\Setup\Model\Installer->installDataFixtures()
#33 /var/www/html/vendor/symfony/console/Command/Command.php(341): Magento\Setup\Console\Command\UpgradeCommand->execute()
#34 /var/www/html/vendor/symfony/console/Application.php(1094): Symfony\Component\Console\Command\Command->run()
#35 /var/www/html/vendor/symfony/console/Application.php(356): Symfony\Component\Console\Application->doRunCommand()
#36 /var/www/html/vendor/magento/framework/Console/Cli.php(137): Symfony\Component\Console\Application->doRun()
#37 /var/www/html/vendor/symfony/console/Application.php(195): Magento\Framework\Console\Cli->doRun()
#38 /var/www/html/bin/magento(23): Symfony\Component\Console\Application->run()
#39 {main}

Next Magento\Framework\Exception\IntegrationException: An error occurred during get media asset list: There is no such media asset with path "wysiwyg/womens/womens-category-shorts.jpg" in /var/www/html/vendor/magento/module-media-gallery/Model/Asset/Command/GetByPath.php:103
Stack trace:
#0 /var/www/html/vendor/magento/module-media-content/Model/ExtractAssetsFromContent.php(88): Magento\MediaGallery\Model\Asset\Command\GetByPath->execute()
#1 /var/www/html/vendor/magento/module-media-content/Model/ExtractAssetsFromContent.php(70): Magento\MediaContent\Model\ExtractAssetsFromContent->getAssetsByPaths()
#2 /var/www/html/vendor/magento/module-media-content/Model/UpdateContentAssetLinks.php(109): Magento\MediaContent\Model\ExtractAssetsFromContent->execute()
#3 /var/www/html/vendor/magento/module-media-content/Model/UpdateContentAssetLinks.php(91): Magento\MediaContent\Model\UpdateContentAssetLinks->updateRelation()
#4 /var/www/html/vendor/magento/module-media-content-cms/Observer/Block.php(82): Magento\MediaContent\Model\UpdateContentAssetLinks->execute()
#5 /var/www/html/vendor/magento/framework/Event/Invoker/InvokerDefault.php(88): Magento\MediaContentCms\Observer\Block->execute()
#6 /var/www/html/vendor/magento/framework/Event/Invoker/InvokerDefault.php(74): Magento\Framework\Event\Invoker\InvokerDefault->_callObserverMethod()
#7 /var/www/html/vendor/magento/framework/Event/Manager.php(65): Magento\Framework\Event\Invoker\InvokerDefault->dispatch()
#8 /var/www/html/generated/code/Magento/Framework/Event/Manager/Proxy.php(105): Magento\Framework\Event\Manager->dispatch()
#9 /var/www/html/vendor/magento/framework/Model/AbstractModel.php(866): Magento\Framework\Event\Manager\Proxy->dispatch()
#10 /var/www/html/vendor/magento/framework/EntityManager/Observer/AfterEntitySave.php(34): Magento\Framework\Model\AbstractModel->afterSave()
#11 /var/www/html/vendor/magento/framework/Event/Invoker/InvokerDefault.php(88): Magento\Framework\EntityManager\Observer\AfterEntitySave->execute()
#12 /var/www/html/vendor/magento/framework/Event/Invoker/InvokerDefault.php(74): Magento\Framework\Event\Invoker\InvokerDefault->_callObserverMethod()
#13 /var/www/html/vendor/magento/framework/Event/Manager.php(65): Magento\Framework\Event\Invoker\InvokerDefault->dispatch()
#14 /var/www/html/generated/code/Magento/Framework/Event/Manager/Proxy.php(105): Magento\Framework\Event\Manager->dispatch()
#15 /var/www/html/vendor/magento/framework/EntityManager/EventManager.php(49): Magento\Framework\Event\Manager\Proxy->dispatch()
#16 /var/www/html/vendor/magento/framework/EntityManager/Operation/Create.php(123): Magento\Framework\EntityManager\EventManager->dispatchEntityEvent()
#17 /var/www/html/vendor/magento/framework/EntityManager/EntityManager.php(106): Magento\Framework\EntityManager\Operation\Create->execute()
#18 /var/www/html/vendor/magento/module-cms/Model/ResourceModel/Block.php(247): Magento\Framework\EntityManager\EntityManager->save()
#19 /var/www/html/vendor/magento/framework/Model/AbstractModel.php(682): Magento\Cms\Model\ResourceModel\Block->save()
#20 /var/www/html/vendor/magento/module-cms-sample-data/Model/Block.php(98): Magento\Framework\Model\AbstractModel->save()
#21 /var/www/html/vendor/magento/module-cms-sample-data/Model/Block.php(77): Magento\CmsSampleData\Model\Block->saveCmsBlock()
#22 /var/www/html/vendor/magento/module-cms-sample-data/Setup/Installer.php(60): Magento\CmsSampleData\Model\Block->install()
#23 [internal function]: Magento\CmsSampleData\Setup\Installer->install()
#24 /var/www/html/vendor/magento/framework/App/State.php(183): call_user_func_array()
#25 /var/www/html/generated/code/Magento/Framework/App/State/Interceptor.php(68): Magento\Framework\App\State->emulateAreaCode()
#26 /var/www/html/vendor/magento/framework/Setup/SampleData/Executor.php(54): Magento\Framework\App\State\Interceptor->emulateAreaCode()
#27 /var/www/html/vendor/magento/module-cms-sample-data/Setup/Patch/Data/InstallCmsSampleData.php(47): Magento\Framework\Setup\SampleData\Executor->exec()
#28 /var/www/html/vendor/magento/framework/Setup/Patch/PatchApplier.php(301): Magento\CmsSampleData\Setup\Patch\Data\InstallCmsSampleData->apply()
#29 /var/www/html/vendor/magento/framework/Setup/Patch/PatchApplier.php(165): Magento\Framework\Setup\Patch\PatchApplier->applyPatch()
#30 /var/www/html/setup/src/Magento/Setup/Model/Installer.php(1148): Magento\Framework\Setup\Patch\PatchApplier->applyDataPatch()
#31 /var/www/html/setup/src/Magento/Setup/Model/Installer.php(1020): Magento\Setup\Model\Installer->handleDBSchemaData()
#32 /var/www/html/setup/src/Magento/Setup/Console/Command/UpgradeCommand.php(167): Magento\Setup\Model\Installer->installDataFixtures()
#33 /var/www/html/vendor/symfony/console/Command/Command.php(341): Magento\Setup\Console\Command\UpgradeCommand->execute()
#34 /var/www/html/vendor/symfony/console/Application.php(1094): Symfony\Component\Console\Command\Command->run()
#35 /var/www/html/vendor/symfony/console/Application.php(356): Symfony\Component\Console\Application->doRunCommand()
#36 /var/www/html/vendor/magento/framework/Console/Cli.php(137): Symfony\Component\Console\Application->doRun()
#37 /var/www/html/vendor/symfony/console/Application.php(195): Magento\Framework\Console\Cli->doRun()
#38 /var/www/html/bin/magento(23): Symfony\Component\Console\Application->run()
#39 {main} {"exception":"[object] (Magento\\Framework\\Exception\\IntegrationException(code: 0): An error occurred during get media asset list: There is no such media asset with path \"wysiwyg/womens/womens-category-shorts.jpg\" at /var/www/html/vendor/magento/module-media-gallery/Model/Asset/Command/GetByPath.php:103)
[previous exception] [object] (Magento\\Framework\\Exception\\NoSuchEntityException(code: 0): There is no such media asset with path \"wysiwyg/womens/womens-category-shorts.jpg\" at /var/www/html/vendor/magento/module-media-gallery/Model/Asset/Command/GetByPath.php:81)"} []
[2026-07-30T04:14:00.296947+00:00] main.CRITICAL: Magento\Framework\Exception\NoSuchEntityException: There is no such media asset with path "wysiwyg/womens/womens-category-tanks.jpg" in /var/www/html/vendor/magento/module-media-gallery/Model/Asset/Command/GetByPath.php:81
Stack trace:
#0 /var/www/html/vendor/magento/module-media-content/Model/ExtractAssetsFromContent.php(88): Magento\MediaGallery\Model\Asset\Command\GetByPath->execute()
#1 /var/www/html/vendor/magento/module-media-content/Model/ExtractAssetsFromContent.php(70): Magento\MediaContent\Model\ExtractAssetsFromContent->getAssetsByPaths()
#2 /var/www/html/vendor/magento/module-media-content/Model/UpdateContentAssetLinks.php(109): Magento\MediaContent\Model\ExtractAssetsFromContent->execute()
#3 /var/www/html/vendor/magento/module-media-content/Model/UpdateContentAssetLinks.php(91): Magento\MediaContent\Model\UpdateContentAssetLinks->updateRelation()
#4 /var/www/html/vendor/magento/module-media-content-cms/Observer/Block.php(82): Magento\MediaContent\Model\UpdateContentAssetLinks->execute()
#5 /var/www/html/vendor/magento/framework/Event/Invoker/InvokerDefault.php(88): Magento\MediaContentCms\Observer\Block->execute()
#6 /var/www/html/vendor/magento/framework/Event/Invoker/InvokerDefault.php(74): Magento\Framework\Event\Invoker\InvokerDefault->_callObserverMethod()
#7 /var/www/html/vendor/magento/framework/Event/Manager.php(65): Magento\Framework\Event\Invoker\InvokerDefault->dispatch()
#8 /var/www/html/generated/code/Magento/Framework/Event/Manager/Proxy.php(105): Magento\Framework\Event\Manager->dispatch()
#9 /var/www/html/vendor/magento/framework/Model/AbstractModel.php(866): Magento\Framework\Event\Manager\Proxy->dispatch()
#10 /var/www/html/vendor/magento/framework/EntityManager/Observer/AfterEntitySave.php(34): Magento\Framework\Model\AbstractModel->afterSave()
#11 /var/www/html/vendor/magento/framework/Event/Invoker/InvokerDefault.php(88): Magento\Framework\EntityManager\Observer\AfterEntitySave->execute()
#12 /var/www/html/vendor/magento/framework/Event/Invoker/InvokerDefault.php(74): Magento\Framework\Event\Invoker\InvokerDefault->_callObserverMethod()
#13 /var/www/html/vendor/magento/framework/Event/Manager.php(65): Magento\Framework\Event\Invoker\InvokerDefault->dispatch()
#14 /var/www/html/generated/code/Magento/Framework/Event/Manager/Proxy.php(105): Magento\Framework\Event\Manager->dispatch()
#15 /var/www/html/vendor/magento/framework/EntityManager/EventManager.php(49): Magento\Framework\Event\Manager\Proxy->dispatch()
#16 /var/www/html/vendor/magento/framework/EntityManager/Operation/Create.php(123): Magento\Framework\EntityManager\EventManager->dispatchEntityEvent()
#17 /var/www/html/vendor/magento/framework/EntityManager/EntityManager.php(106): Magento\Framework\EntityManager\Operation\Create->execute()
#18 /var/www/html/vendor/magento/module-cms/Model/ResourceModel/Block.php(247): Magento\Framework\EntityManager\EntityManager->save()
#19 /var/www/html/vendor/magento/framework/Model/AbstractModel.php(682): Magento\Cms\Model\ResourceModel\Block->save()
#20 /var/www/html/vendor/magento/module-cms-sample-data/Model/Block.php(98): Magento\Framework\Model\AbstractModel->save()
#21 /var/www/html/vendor/magento/module-cms-sample-data/Model/Block.php(77): Magento\CmsSampleData\Model\Block->saveCmsBlock()
#22 /var/www/html/vendor/magento/module-cms-sample-data/Setup/Installer.php(60): Magento\CmsSampleData\Model\Block->install()
#23 [internal function]: Magento\CmsSampleData\Setup\Installer->install()
#24 /var/www/html/vendor/magento/framework/App/State.php(183): call_user_func_array()
#25 /var/www/html/generated/code/Magento/Framework/App/State/Interceptor.php(68): Magento\Framework\App\State->emulateAreaCode()
#26 /var/www/html/vendor/magento/framework/Setup/SampleData/Executor.php(54): Magento\Framework\App\State\Interceptor->emulateAreaCode()
#27 /var/www/html/vendor/magento/module-cms-sample-data/Setup/Patch/Data/InstallCmsSampleData.php(47): Magento\Framework\Setup\SampleData\Executor->exec()
#28 /var/www/html/vendor/magento/framework/Setup/Patch/PatchApplier.php(301): Magento\CmsSampleData\Setup\Patch\Data\InstallCmsSampleData->apply()
#29 /var/www/html/vendor/magento/framework/Setup/Patch/PatchApplier.php(165): Magento\Framework\Setup\Patch\PatchApplier->applyPatch()
#30 /var/www/html/setup/src/Magento/Setup/Model/Installer.php(1148): Magento\Framework\Setup\Patch\PatchApplier->applyDataPatch()
#31 /var/www/html/setup/src/Magento/Setup/Model/Installer.php(1020): Magento\Setup\Model\Installer->handleDBSchemaData()
#32 /var/www/html/setup/src/Magento/Setup/Console/Command/UpgradeCommand.php(167): Magento\Setup\Model\Installer->installDataFixtures()
#33 /var/www/html/vendor/symfony/console/Command/Command.php(341): Magento\Setup\Console\Command\UpgradeCommand->execute()
#34 /var/www/html/vendor/symfony/console/Application.php(1094): Symfony\Component\Console\Command\Command->run()
#35 /var/www/html/vendor/symfony/console/Application.php(356): Symfony\Component\Console\Application->doRunCommand()
#36 /var/www/html/vendor/magento/framework/Console/Cli.php(137): Symfony\Component\Console\Application->doRun()
#37 /var/www/html/vendor/symfony/console/Application.php(195): Magento\Framework\Console\Cli->doRun()
#38 /var/www/html/bin/magento(23): Symfony\Component\Console\Application->run()
#39 {main} {"exception":"[object] (Magento\\Framework\\Exception\\NoSuchEntityException(code: 0): There is no such media asset with path \"wysiwyg/womens/womens-category-tanks.jpg\" at /var/www/html/vendor/magento/module-media-gallery/Model/Asset/Command/GetByPath.php:81)"} []
[2026-07-30T04:14:00.297074+00:00] main.CRITICAL: Magento\Framework\Exception\NoSuchEntityException: There is no such media asset with path "wysiwyg/womens/womens-category-tanks.jpg" in /var/www/html/vendor/magento/module-media-gallery/Model/Asset/Command/GetByPath.php:81
Stack trace:
#0 /var/www/html/vendor/magento/module-media-content/Model/ExtractAssetsFromContent.php(88): Magento\MediaGallery\Model\Asset\Command\GetByPath->execute()
#1 /var/www/html/vendor/magento/module-media-content/Model/ExtractAssetsFromContent.php(70): Magento\MediaContent\Model\ExtractAssetsFromContent->getAssetsByPaths()
#2 /var/www/html/vendor/magento/module-media-content/Model/UpdateContentAssetLinks.php(109): Magento\MediaContent\Model\ExtractAssetsFromContent->execute()
#3 /var/www/html/vendor/magento/module-media-content/Model/UpdateContentAssetLinks.php(91): Magento\MediaContent\Model\UpdateContentAssetLinks->updateRelation()
#4 /var/www/html/vendor/magento/module-media-content-cms/Observer/Block.php(82): Magento\MediaContent\Model\UpdateContentAssetLinks->execute()
#5 /var/www/html/vendor/magento/framework/Event/Invoker/InvokerDefault.php(88): Magento\MediaContentCms\Observer\Block->execute()
#6 /var/www/html/vendor/magento/framework/Event/Invoker/InvokerDefault.php(74): Magento\Framework\Event\Invoker\InvokerDefault->_callObserverMethod()
#7 /var/www/html/vendor/magento/framework/Event/Manager.php(65): Magento\Framework\Event\Invoker\InvokerDefault->dispatch()
#8 /var/www/html/generated/code/Magento/Framework/Event/Manager/Proxy.php(105): Magento\Framework\Event\Manager->dispatch()
#9 /var/www/html/vendor/magento/framework/Model/AbstractModel.php(866): Magento\Framework\Event\Manager\Proxy->dispatch()
#10 /var/www/html/vendor/magento/framework/EntityManager/Observer/AfterEntitySave.php(34): Magento\Framework\Model\AbstractModel->afterSave()
#11 /var/www/html/vendor/magento/framework/Event/Invoker/InvokerDefault.php(88): Magento\Framework\EntityManager\Observer\AfterEntitySave->execute()
#12 /var/www/html/vendor/magento/framework/Event/Invoker/InvokerDefault.php(74): Magento\Framework\Event\Invoker\InvokerDefault->_callObserverMethod()
#13 /var/www/html/vendor/magento/framework/Event/Manager.php(65): Magento\Framework\Event\Invoker\InvokerDefault->dispatch()
#14 /var/www/html/generated/code/Magento/Framework/Event/Manager/Proxy.php(105): Magento\Framework\Event\Manager->dispatch()
#15 /var/www/html/vendor/magento/framework/EntityManager/EventManager.php(49): Magento\Framework\Event\Manager\Proxy->dispatch()
#16 /var/www/html/vendor/magento/framework/EntityManager/Operation/Create.php(123): Magento\Framework\EntityManager\EventManager->dispatchEntityEvent()
#17 /var/www/html/vendor/magento/framework/EntityManager/EntityManager.php(106): Magento\Framework\EntityManager\Operation\Create->execute()
#18 /var/www/html/vendor/magento/module-cms/Model/ResourceModel/Block.php(247): Magento\Framework\EntityManager\EntityManager->save()
#19 /var/www/html/vendor/magento/framework/Model/AbstractModel.php(682): Magento\Cms\Model\ResourceModel\Block->save()
#20 /var/www/html/vendor/magento/module-cms-sample-data/Model/Block.php(98): Magento\Framework\Model\AbstractModel->save()
#21 /var/www/html/vendor/magento/module-cms-sample-data/Model/Block.php(77): Magento\CmsSampleData\Model\Block->saveCmsBlock()
#22 /var/www/html/vendor/magento/module-cms-sample-data/Setup/Installer.php(60): Magento\CmsSampleData\Model\Block->install()
#23 [internal function]: Magento\CmsSampleData\Setup\Installer->install()
#24 /var/www/html/vendor/magento/framework/App/State.php(183): call_user_func_array()
#25 /var/www/html/generated/code/Magento/Framework/App/State/Interceptor.php(68): Magento\Framework\App\State->emulateAreaCode()
#26 /var/www/html/vendor/magento/framework/Setup/SampleData/Executor.php(54): Magento\Framework\App\State\Interceptor->emulateAreaCode()
#27 /var/www/html/vendor/magento/module-cms-sample-data/Setup/Patch/Data/InstallCmsSampleData.php(47): Magento\Framework\Setup\SampleData\Executor->exec()
#28 /var/www/html/vendor/magento/framework/Setup/Patch/PatchApplier.php(301): Magento\CmsSampleData\Setup\Patch\Data\InstallCmsSampleData->apply()
#29 /var/www/html/vendor/magento/framework/Setup/Patch/PatchApplier.php(165): Magento\Framework\Setup\Patch\PatchApplier->applyPatch()
#30 /var/www/html/setup/src/Magento/Setup/Model/Installer.php(1148): Magento\Framework\Setup\Patch\PatchApplier->applyDataPatch()
#31 /var/www/html/setup/src/Magento/Setup/Model/Installer.php(1020): Magento\Setup\Model\Installer->handleDBSchemaData()
#32 /var/www/html/setup/src/Magento/Setup/Console/Command/UpgradeCommand.php(167): Magento\Setup\Model\Installer->installDataFixtures()
#33 /var/www/html/vendor/symfony/console/Command/Command.php(341): Magento\Setup\Console\Command\UpgradeCommand->execute()
#34 /var/www/html/vendor/symfony/console/Application.php(1094): Symfony\Component\Console\Command\Command->run()
#35 /var/www/html/vendor/symfony/console/Application.php(356): Symfony\Component\Console\Application->doRunCommand()
#36 /var/www/html/vendor/magento/framework/Console/Cli.php(137): Symfony\Component\Console\Application->doRun()
#37 /var/www/html/vendor/symfony/console/Application.php(195): Magento\Framework\Console\Cli->doRun()
#38 /var/www/html/bin/magento(23): Symfony\Component\Console\Application->run()
#39 {main}

Next Magento\Framework\Exception\IntegrationException: An error occurred during get media asset list: There is no such media asset with path "wysiwyg/womens/womens-category-tanks.jpg" in /var/www/html/vendor/magento/module-media-gallery/Model/Asset/Command/GetByPath.php:103
Stack trace:
#0 /var/www/html/vendor/magento/module-media-content/Model/ExtractAssetsFromContent.php(88): Magento\MediaGallery\Model\Asset\Command\GetByPath->execute()
#1 /var/www/html/vendor/magento/module-media-content/Model/ExtractAssetsFromContent.php(70): Magento\MediaContent\Model\ExtractAssetsFromContent->getAssetsByPaths()
#2 /var/www/html/vendor/magento/module-media-content/Model/UpdateContentAssetLinks.php(109): Magento\MediaContent\Model\ExtractAssetsFromContent->execute()
#3 /var/www/html/vendor/magento/module-media-content/Model/UpdateContentAssetLinks.php(91): Magento\MediaContent\Model\UpdateContentAssetLinks->updateRelation()
#4 /var/www/html/vendor/magento/module-media-content-cms/Observer/Block.php(82): Magento\MediaContent\Model\UpdateContentAssetLinks->execute()
#5 /var/www/html/vendor/magento/framework/Event/Invoker/InvokerDefault.php(88): Magento\MediaContentCms\Observer\Block->execute()
#6 /var/www/html/vendor/magento/framework/Event/Invoker/InvokerDefault.php(74): Magento\Framework\Event\Invoker\InvokerDefault->_callObserverMethod()
#7 /var/www/html/vendor/magento/framework/Event/Manager.php(65): Magento\Framework\Event\Invoker\InvokerDefault->dispatch()
#8 /var/www/html/generated/code/Magento/Framework/Event/Manager/Proxy.php(105): Magento\Framework\Event\Manager->dispatch()
#9 /var/www/html/vendor/magento/framework/Model/AbstractModel.php(866): Magento\Framework\Event\Manager\Proxy->dispatch()
#10 /var/www/html/vendor/magento/framework/EntityManager/Observer/AfterEntitySave.php(34): Magento\Framework\Model\AbstractModel->afterSave()
#11 /var/www/html/vendor/magento/framework/Event/Invoker/InvokerDefault.php(88): Magento\Framework\EntityManager\Observer\AfterEntitySave->execute()
#12 /var/www/html/vendor/magento/framework/Event/Invoker/InvokerDefault.php(74): Magento\Framework\Event\Invoker\InvokerDefault->_callObserverMethod()
#13 /var/www/html/vendor/magento/framework/Event/Manager.php(65): Magento\Framework\Event\Invoker\InvokerDefault->dispatch()
#14 /var/www/html/generated/code/Magento/Framework/Event/Manager/Proxy.php(105): Magento\Framework\Event\Manager->dispatch()
#15 /var/www/html/vendor/magento/framework/EntityManager/EventManager.php(49): Magento\Framework\Event\Manager\Proxy->dispatch()
#16 /var/www/html/vendor/magento/framework/EntityManager/Operation/Create.php(123): Magento\Framework\EntityManager\EventManager->dispatchEntityEvent()
#17 /var/www/html/vendor/magento/framework/EntityManager/EntityManager.php(106): Magento\Framework\EntityManager\Operation\Create->execute()
#18 /var/www/html/vendor/magento/module-cms/Model/ResourceModel/Block.php(247): Magento\Framework\EntityManager\EntityManager->save()
#19 /var/www/html/vendor/magento/framework/Model/AbstractModel.php(682): Magento\Cms\Model\ResourceModel\Block->save()
#20 /var/www/html/vendor/magento/module-cms-sample-data/Model/Block.php(98): Magento\Framework\Model\AbstractModel->save()
#21 /var/www/html/vendor/magento/module-cms-sample-data/Model/Block.php(77): Magento\CmsSampleData\Model\Block->saveCmsBlock()
#22 /var/www/html/vendor/magento/module-cms-sample-data/Setup/Installer.php(60): Magento\CmsSampleData\Model\Block->install()
#23 [internal function]: Magento\CmsSampleData\Setup\Installer->install()
#24 /var/www/html/vendor/magento/framework/App/State.php(183): call_user_func_array()
#25 /var/www/html/generated/code/Magento/Framework/App/State/Interceptor.php(68): Magento\Framework\App\State->emulateAreaCode()
#26 /var/www/html/vendor/magento/framework/Setup/SampleData/Executor.php(54): Magento\Framework\App\State\Interceptor->emulateAreaCode()
#27 /var/www/html/vendor/magento/module-cms-sample-data/Setup/Patch/Data/InstallCmsSampleData.php(47): Magento\Framework\Setup\SampleData\Executor->exec()
#28 /var/www/html/vendor/magento/framework/Setup/Patch/PatchApplier.php(301): Magento\CmsSampleData\Setup\Patch\Data\InstallCmsSampleData->apply()
#29 /var/www/html/vendor/magento/framework/Setup/Patch/PatchApplier.php(165): Magento\Framework\Setup\Patch\PatchApplier->applyPatch()
#30 /var/www/html/setup/src/Magento/Setup/Model/Installer.php(1148): Magento\Framework\Setup\Patch\PatchApplier->applyDataPatch()
#31 /var/www/html/setup/src/Magento/Setup/Model/Installer.php(1020): Magento\Setup\Model\Installer->handleDBSchemaData()
#32 /var/www/html/setup/src/Magento/Setup/Console/Command/UpgradeCommand.php(167): Magento\Setup\Model\Installer->installDataFixtures()
#33 /var/www/html/vendor/symfony/console/Command/Command.php(341): Magento\Setup\Console\Command\UpgradeCommand->execute()
#34 /var/www/html/vendor/symfony/console/Application.php(1094): Symfony\Component\Console\Command\Command->run()
#35 /var/www/html/vendor/symfony/console/Application.php(356): Symfony\Component\Console\Application->doRunCommand()
#36 /var/www/html/vendor/magento/framework/Console/Cli.php(137): Symfony\Component\Console\Application->doRun()
#37 /var/www/html/vendor/symfony/console/Application.php(195): Magento\Framework\Console\Cli->doRun()
#38 /var/www/html/bin/magento(23): Symfony\Component\Console\Application->run()
#39 {main} {"exception":"[object] (Magento\\Framework\\Exception\\IntegrationException(code: 0): An error occurred during get media asset list: There is no such media asset with path \"wysiwyg/womens/womens-category-tanks.jpg\" at /var/www/html/vendor/magento/module-media-gallery/Model/Asset/Command/GetByPath.php:103)
[previous exception] [object] (Magento\\Framework\\Exception\\NoSuchEntityException(code: 0): There is no such media asset with path \"wysiwyg/womens/womens-category-tanks.jpg\" at /var/www/html/vendor/magento/module-media-gallery/Model/Asset/Command/GetByPath.php:81)"} []
[2026-07-30T04:14:00.299025+00:00] main.CRITICAL: Magento\Framework\Exception\NoSuchEntityException: There is no such media asset with path "wysiwyg/training/training-main.jpg" in /var/www/html/vendor/magento/module-media-gallery/Model/Asset/Command/GetByPath.php:81
Stack trace:
#0 /var/www/html/vendor/magento/module-media-content/Model/ExtractAssetsFromContent.php(88): Magento\MediaGallery\Model\Asset\Command\GetByPath->execute()
#1 /var/www/html/vendor/magento/module-media-content/Model/ExtractAssetsFromContent.php(70): Magento\MediaContent\Model\ExtractAssetsFromContent->getAssetsByPaths()
#2 /var/www/html/vendor/magento/module-media-content/Model/UpdateContentAssetLinks.php(109): Magento\MediaContent\Model\ExtractAssetsFromContent->execute()
#3 /var/www/html/vendor/magento/module-media-content/Model/UpdateContentAssetLinks.php(91): Magento\MediaContent\Model\UpdateContentAssetLinks->updateRelation()
#4 /var/www/html/vendor/magento/module-media-content-cms/Observer/Block.php(82): Magento\MediaContent\Model\UpdateContentAssetLinks->execute()
#5 /var/www/html/vendor/magento/framework/Event/Invoker/InvokerDefault.php(88): Magento\MediaContentCms\Observer\Block->execute()
#6 /var/www/html/vendor/magento/framework/Event/Invoker/InvokerDefault.php(74): Magento\Framework\Event\Invoker\InvokerDefault->_callObserverMethod()
#7 /var/www/html/vendor/magento/framework/Event/Manager.php(65): Magento\Framework\Event\Invoker\InvokerDefault->dispatch()
#8 /var/www/html/generated/code/Magento/Framework/Event/Manager/Proxy.php(105): Magento\Framework\Event\Manager->dispatch()
#9 /var/www/html/vendor/magento/framework/Model/AbstractModel.php(866): Magento\Framework\Event\Manager\Proxy->dispatch()
#10 /var/www/html/vendor/magento/framework/EntityManager/Observer/AfterEntitySave.php(34): Magento\Framework\Model\AbstractModel->afterSave()
#11 /var/www/html/vendor/magento/framework/Event/Invoker/InvokerDefault.php(88): Magento\Framework\EntityManager\Observer\AfterEntitySave->execute()
#12 /var/www/html/vendor/magento/framework/Event/Invoker/InvokerDefault.php(74): Magento\Framework\Event\Invoker\InvokerDefault->_callObserverMethod()
#13 /var/www/html/vendor/magento/framework/Event/Manager.php(65): Magento\Framework\Event\Invoker\InvokerDefault->dispatch()
#14 /var/www/html/generated/code/Magento/Framework/Event/Manager/Proxy.php(105): Magento\Framework\Event\Manager->dispatch()
#15 /var/www/html/vendor/magento/framework/EntityManager/EventManager.php(49): Magento\Framework\Event\Manager\Proxy->dispatch()
#16 /var/www/html/vendor/magento/framework/EntityManager/Operation/Create.php(123): Magento\Framework\EntityManager\EventManager->dispatchEntityEvent()
#17 /var/www/html/vendor/magento/framework/EntityManager/EntityManager.php(106): Magento\Framework\EntityManager\Operation\Create->execute()
#18 /var/www/html/vendor/magento/module-cms/Model/ResourceModel/Block.php(247): Magento\Framework\EntityManager\EntityManager->save()
#19 /var/www/html/vendor/magento/framework/Model/AbstractModel.php(682): Magento\Cms\Model\ResourceModel\Block->save()
#20 /var/www/html/vendor/magento/module-cms-sample-data/Model/Block.php(98): Magento\Framework\Model\AbstractModel->save()
#21 /var/www/html/vendor/magento/module-cms-sample-data/Model/Block.php(77): Magento\CmsSampleData\Model\Block->saveCmsBlock()
#22 /var/www/html/vendor/magento/module-cms-sample-data/Setup/Installer.php(60): Magento\CmsSampleData\Model\Block->install()
#23 [internal function]: Magento\CmsSampleData\Setup\Installer->install()
#24 /var/www/html/vendor/magento/framework/App/State.php(183): call_user_func_array()
#25 /var/www/html/generated/code/Magento/Framework/App/State/Interceptor.php(68): Magento\Framework\App\State->emulateAreaCode()
#26 /var/www/html/vendor/magento/framework/Setup/SampleData/Executor.php(54): Magento\Framework\App\State\Interceptor->emulateAreaCode()
#27 /var/www/html/vendor/magento/module-cms-sample-data/Setup/Patch/Data/InstallCmsSampleData.php(47): Magento\Framework\Setup\SampleData\Executor->exec()
#28 /var/www/html/vendor/magento/framework/Setup/Patch/PatchApplier.php(301): Magento\CmsSampleData\Setup\Patch\Data\InstallCmsSampleData->apply()
#29 /var/www/html/vendor/magento/framework/Setup/Patch/PatchApplier.php(165): Magento\Framework\Setup\Patch\PatchApplier->applyPatch()
#30 /var/www/html/setup/src/Magento/Setup/Model/Installer.php(1148): Magento\Framework\Setup\Patch\PatchApplier->applyDataPatch()
#31 /var/www/html/setup/src/Magento/Setup/Model/Installer.php(1020): Magento\Setup\Model\Installer->handleDBSchemaData()
#32 /var/www/html/setup/src/Magento/Setup/Console/Command/UpgradeCommand.php(167): Magento\Setup\Model\Installer->installDataFixtures()
#33 /var/www/html/vendor/symfony/console/Command/Command.php(341): Magento\Setup\Console\Command\UpgradeCommand->execute()
#34 /var/www/html/vendor/symfony/console/Application.php(1094): Symfony\Component\Console\Command\Command->run()
#35 /var/www/html/vendor/symfony/console/Application.php(356): Symfony\Component\Console\Application->doRunCommand()
#36 /var/www/html/vendor/magento/framework/Console/Cli.php(137): Symfony\Component\Console\Application->doRun()
#37 /var/www/html/vendor/symfony/console/Application.php(195): Magento\Framework\Console\Cli->doRun()
#38 /var/www/html/bin/magento(23): Symfony\Component\Console\Application->run()
#39 {main} {"exception":"[object] (Magento\\Framework\\Exception\\NoSuchEntityException(code: 0): There is no such media asset with path \"wysiwyg/training/training-main.jpg\" at /var/www/html/vendor/magento/module-media-gallery/Model/Asset/Command/GetByPath.php:81)"} []
[2026-07-30T04:14:00.299138+00:00] main.CRITICAL: Magento\Framework\Exception\NoSuchEntityException: There is no such media asset with path "wysiwyg/training/training-main.jpg" in /var/www/html/vendor/magento/module-media-gallery/Model/Asset/Command/GetByPath.php:81
Stack trace:
#0 /var/www/html/vendor/magento/module-media-content/Model/ExtractAssetsFromContent.php(88): Magento\MediaGallery\Model\Asset\Command\GetByPath->execute()
#1 /var/www/html/vendor/magento/module-media-content/Model/ExtractAssetsFromContent.php(70): Magento\MediaContent\Model\ExtractAssetsFromContent->getAssetsByPaths()
#2 /var/www/html/vendor/magento/module-media-content/Model/UpdateContentAssetLinks.php(109): Magento\MediaContent\Model\ExtractAssetsFromContent->execute()
#3 /var/www/html/vendor/magento/module-media-content/Model/UpdateContentAssetLinks.php(91): Magento\MediaContent\Model\UpdateContentAssetLinks->updateRelation()
#4 /var/www/html/vendor/magento/module-media-content-cms/Observer/Block.php(82): Magento\MediaContent\Model\UpdateContentAssetLinks->execute()
#5 /var/www/html/vendor/magento/framework/Event/Invoker/InvokerDefault.php(88): Magento\MediaContentCms\Observer\Block->execute()
#6 /var/www/html/vendor/magento/framework/Event/Invoker/InvokerDefault.php(74): Magento\Framework\Event\Invoker\InvokerDefault->_callObserverMethod()
#7 /var/www/html/vendor/magento/framework/Event/Manager.php(65): Magento\Framework\Event\Invoker\InvokerDefault->dispatch()
#8 /var/www/html/generated/code/Magento/Framework/Event/Manager/Proxy.php(105): Magento\Framework\Event\Manager->dispatch()
#9 /var/www/html/vendor/magento/framework/Model/AbstractModel.php(866): Magento\Framework\Event\Manager\Proxy->dispatch()
#10 /var/www/html/vendor/magento/framework/EntityManager/Observer/AfterEntitySave.php(34): Magento\Framework\Model\AbstractModel->afterSave()
#11 /var/www/html/vendor/magento/framework/Event/Invoker/InvokerDefault.php(88): Magento\Framework\EntityManager\Observer\AfterEntitySave->execute()
#12 /var/www/html/vendor/magento/framework/Event/Invoker/InvokerDefault.php(74): Magento\Framework\Event\Invoker\InvokerDefault->_callObserverMethod()
#13 /var/www/html/vendor/magento/framework/Event/Manager.php(65): Magento\Framework\Event\Invoker\InvokerDefault->dispatch()
#14 /var/www/html/generated/code/Magento/Framework/Event/Manager/Proxy.php(105): Magento\Framework\Event\Manager->dispatch()
#15 /var/www/html/vendor/magento/framework/EntityManager/EventManager.php(49): Magento\Framework\Event\Manager\Proxy->dispatch()
#16 /var/www/html/vendor/magento/framework/EntityManager/Operation/Create.php(123): Magento\Framework\EntityManager\EventManager->dispatchEntityEvent()
#17 /var/www/html/vendor/magento/framework/EntityManager/EntityManager.php(106): Magento\Framework\EntityManager\Operation\Create->execute()
#18 /var/www/html/vendor/magento/module-cms/Model/ResourceModel/Block.php(247): Magento\Framework\EntityManager\EntityManager->save()
#19 /var/www/html/vendor/magento/framework/Model/AbstractModel.php(682): Magento\Cms\Model\ResourceModel\Block->save()
#20 /var/www/html/vendor/magento/module-cms-sample-data/Model/Block.php(98): Magento\Framework\Model\AbstractModel->save()
#21 /var/www/html/vendor/magento/module-cms-sample-data/Model/Block.php(77): Magento\CmsSampleData\Model\Block->saveCmsBlock()
#22 /var/www/html/vendor/magento/module-cms-sample-data/Setup/Installer.php(60): Magento\CmsSampleData\Model\Block->install()
#23 [internal function]: Magento\CmsSampleData\Setup\Installer->install()
#24 /var/www/html/vendor/magento/framework/App/State.php(183): call_user_func_array()
#25 /var/www/html/generated/code/Magento/Framework/App/State/Interceptor.php(68): Magento\Framework\App\State->emulateAreaCode()
#26 /var/www/html/vendor/magento/framework/Setup/SampleData/Executor.php(54): Magento\Framework\App\State\Interceptor->emulateAreaCode()
#27 /var/www/html/vendor/magento/module-cms-sample-data/Setup/Patch/Data/InstallCmsSampleData.php(47): Magento\Framework\Setup\SampleData\Executor->exec()
#28 /var/www/html/vendor/magento/framework/Setup/Patch/PatchApplier.php(301): Magento\CmsSampleData\Setup\Patch\Data\InstallCmsSampleData->apply()
#29 /var/www/html/vendor/magento/framework/Setup/Patch/PatchApplier.php(165): Magento\Framework\Setup\Patch\PatchApplier->applyPatch()
#30 /var/www/html/setup/src/Magento/Setup/Model/Installer.php(1148): Magento\Framework\Setup\Patch\PatchApplier->applyDataPatch()
#31 /var/www/html/setup/src/Magento/Setup/Model/Installer.php(1020): Magento\Setup\Model\Installer->handleDBSchemaData()
#32 /var/www/html/setup/src/Magento/Setup/Console/Command/UpgradeCommand.php(167): Magento\Setup\Model\Installer->installDataFixtures()
#33 /var/www/html/vendor/symfony/console/Command/Command.php(341): Magento\Setup\Console\Command\UpgradeCommand->execute()
#34 /var/www/html/vendor/symfony/console/Application.php(1094): Symfony\Component\Console\Command\Command->run()
#35 /var/www/html/vendor/symfony/console/Application.php(356): Symfony\Component\Console\Application->doRunCommand()
#36 /var/www/html/vendor/magento/framework/Console/Cli.php(137): Symfony\Component\Console\Application->doRun()
#37 /var/www/html/vendor/symfony/console/Application.php(195): Magento\Framework\Console\Cli->doRun()
#38 /var/www/html/bin/magento(23): Symfony\Component\Console\Application->run()
#39 {main}

Next Magento\Framework\Exception\IntegrationException: An error occurred during get media asset list: There is no such media asset with path "wysiwyg/training/training-main.jpg" in /var/www/html/vendor/magento/module-media-gallery/Model/Asset/Command/GetByPath.php:103
Stack trace:
#0 /var/www/html/vendor/magento/module-media-content/Model/ExtractAssetsFromContent.php(88): Magento\MediaGallery\Model\Asset\Command\GetByPath->execute()
#1 /var/www/html/vendor/magento/module-media-content/Model/ExtractAssetsFromContent.php(70): Magento\MediaContent\Model\ExtractAssetsFromContent->getAssetsByPaths()
#2 /var/www/html/vendor/magento/module-media-content/Model/UpdateContentAssetLinks.php(109): Magento\MediaContent\Model\ExtractAssetsFromContent->execute()
#3 /var/www/html/vendor/magento/module-media-content/Model/UpdateContentAssetLinks.php(91): Magento\MediaContent\Model\UpdateContentAssetLinks->updateRelation()
#4 /var/www/html/vendor/magento/module-media-content-cms/Observer/Block.php(82): Magento\MediaContent\Model\UpdateContentAssetLinks->execute()
#5 /var/www/html/vendor/magento/framework/Event/Invoker/InvokerDefault.php(88): Magento\MediaContentCms\Observer\Block->execute()
#6 /var/www/html/vendor/magento/framework/Event/Invoker/InvokerDefault.php(74): Magento\Framework\Event\Invoker\InvokerDefault->_callObserverMethod()
#7 /var/www/html/vendor/magento/framework/Event/Manager.php(65): Magento\Framework\Event\Invoker\InvokerDefault->dispatch()
#8 /var/www/html/generated/code/Magento/Framework/Event/Manager/Proxy.php(105): Magento\Framework\Event\Manager->dispatch()
#9 /var/www/html/vendor/magento/framework/Model/AbstractModel.php(866): Magento\Framework\Event\Manager\Proxy->dispatch()
#10 /var/www/html/vendor/magento/framework/EntityManager/Observer/AfterEntitySave.php(34): Magento\Framework\Model\AbstractModel->afterSave()
#11 /var/www/html/vendor/magento/framework/Event/Invoker/InvokerDefault.php(88): Magento\Framework\EntityManager\Observer\AfterEntitySave->execute()
#12 /var/www/html/vendor/magento/framework/Event/Invoker/InvokerDefault.php(74): Magento\Framework\Event\Invoker\InvokerDefault->_callObserverMethod()
#13 /var/www/html/vendor/magento/framework/Event/Manager.php(65): Magento\Framework\Event\Invoker\InvokerDefault->dispatch()
#14 /var/www/html/generated/code/Magento/Framework/Event/Manager/Proxy.php(105): Magento\Framework\Event\Manager->dispatch()
#15 /var/www/html/vendor/magento/framework/EntityManager/EventManager.php(49): Magento\Framework\Event\Manager\Proxy->dispatch()
#16 /var/www/html/vendor/magento/framework/EntityManager/Operation/Create.php(123): Magento\Framework\EntityManager\EventManager->dispatchEntityEvent()
#17 /var/www/html/vendor/magento/framework/EntityManager/EntityManager.php(106): Magento\Framework\EntityManager\Operation\Create->execute()
#18 /var/www/html/vendor/magento/module-cms/Model/ResourceModel/Block.php(247): Magento\Framework\EntityManager\EntityManager->save()
#19 /var/www/html/vendor/magento/framework/Model/AbstractModel.php(682): Magento\Cms\Model\ResourceModel\Block->save()
#20 /var/www/html/vendor/magento/module-cms-sample-data/Model/Block.php(98): Magento\Framework\Model\AbstractModel->save()
#21 /var/www/html/vendor/magento/module-cms-sample-data/Model/Block.php(77): Magento\CmsSampleData\Model\Block->saveCmsBlock()
#22 /var/www/html/vendor/magento/module-cms-sample-data/Setup/Installer.php(60): Magento\CmsSampleData\Model\Block->install()
#23 [internal function]: Magento\CmsSampleData\Setup\Installer->install()
#24 /var/www/html/vendor/magento/framework/App/State.php(183): call_user_func_array()
#25 /var/www/html/generated/code/Magento/Framework/App/State/Interceptor.php(68): Magento\Framework\App\State->emulateAreaCode()
#26 /var/www/html/vendor/magento/framework/Setup/SampleData/Executor.php(54): Magento\Framework\App\State\Interceptor->emulateAreaCode()
#27 /var/www/html/vendor/magento/module-cms-sample-data/Setup/Patch/Data/InstallCmsSampleData.php(47): Magento\Framework\Setup\SampleData\Executor->exec()
#28 /var/www/html/vendor/magento/framework/Setup/Patch/PatchApplier.php(301): Magento\CmsSampleData\Setup\Patch\Data\InstallCmsSampleData->apply()
#29 /var/www/html/vendor/magento/framework/Setup/Patch/PatchApplier.php(165): Magento\Framework\Setup\Patch\PatchApplier->applyPatch()
#30 /var/www/html/setup/src/Magento/Setup/Model/Installer.php(1148): Magento\Framework\Setup\Patch\PatchApplier->applyDataPatch()
#31 /var/www/html/setup/src/Magento/Setup/Model/Installer.php(1020): Magento\Setup\Model\Installer->handleDBSchemaData()
#32 /var/www/html/setup/src/Magento/Setup/Console/Command/UpgradeCommand.php(167): Magento\Setup\Model\Installer->installDataFixtures()
#33 /var/www/html/vendor/symfony/console/Command/Command.php(341): Magento\Setup\Console\Command\UpgradeCommand->execute()
#34 /var/www/html/vendor/symfony/console/Application.php(1094): Symfony\Component\Console\Command\Command->run()
#35 /var/www/html/vendor/symfony/console/Application.php(356): Symfony\Component\Console\Application->doRunCommand()
#36 /var/www/html/vendor/magento/framework/Console/Cli.php(137): Symfony\Component\Console\Application->doRun()
#37 /var/www/html/vendor/symfony/console/Application.php(195): Magento\Framework\Console\Cli->doRun()
#38 /var/www/html/bin/magento(23): Symfony\Component\Console\Application->run()
#39 {main} {"exception":"[object] (Magento\\Framework\\Exception\\IntegrationException(code: 0): An error occurred during get media asset list: There is no such media asset with path \"wysiwyg/training/training-main.jpg\" at /var/www/html/vendor/magento/module-media-gallery/Model/Asset/Command/GetByPath.php:103)
[previous exception] [object] (Magento\\Framework\\Exception\\NoSuchEntityException(code: 0): There is no such media asset with path \"wysiwyg/training/training-main.jpg\" at /var/www/html/vendor/magento/module-media-gallery/Model/Asset/Command/GetByPath.php:81)"} []
[2026-07-30T04:14:00.299388+00:00] main.CRITICAL: Magento\Framework\Exception\NoSuchEntityException: There is no such media asset with path "wysiwyg/training/training-erin.jpg" in /var/www/html/vendor/magento/module-media-gallery/Model/Asset/Command/GetByPath.php:81
Stack trace:
#0 /var/www/html/vendor/magento/module-media-content/Model/ExtractAssetsFromContent.php(88): Magento\MediaGallery\Model\Asset\Command\GetByPath->execute()
#1 /var/www/html/vendor/magento/module-media-content/Model/ExtractAssetsFromContent.php(70): Magento\MediaContent\Model\ExtractAssetsFromContent->getAssetsByPaths()
#2 /var/www/html/vendor/magento/module-media-content/Model/UpdateContentAssetLinks.php(109): Magento\MediaContent\Model\ExtractAssetsFromContent->execute()
#3 /var/www/html/vendor/magento/module-media-content/Model/UpdateContentAssetLinks.php(91): Magento\MediaContent\Model\UpdateContentAssetLinks->updateRelation()
#4 /var/www/html/vendor/magento/module-media-content-cms/Observer/Block.php(82): Magento\MediaContent\Model\UpdateContentAssetLinks->execute()
#5 /var/www/html/vendor/magento/framework/Event/Invoker/InvokerDefault.php(88): Magento\MediaContentCms\Observer\Block->execute()
#6 /var/www/html/vendor/magento/framework/Event/Invoker/InvokerDefault.php(74): Magento\Framework\Event\Invoker\InvokerDefault->_callObserverMethod()
#7 /var/www/html/vendor/magento/framework/Event/Manager.php(65): Magento\Framework\Event\Invoker\InvokerDefault->dispatch()
#8 /var/www/html/generated/code/Magento/Framework/Event/Manager/Proxy.php(105): Magento\Framework\Event\Manager->dispatch()
#9 /var/www/html/vendor/magento/framework/Model/AbstractModel.php(866): Magento\Framework\Event\Manager\Proxy->dispatch()
#10 /var/www/html/vendor/magento/framework/EntityManager/Observer/AfterEntitySave.php(34): Magento\Framework\Model\AbstractModel->afterSave()
#11 /var/www/html/vendor/magento/framework/Event/Invoker/InvokerDefault.php(88): Magento\Framework\EntityManager\Observer\AfterEntitySave->execute()
#12 /var/www/html/vendor/magento/framework/Event/Invoker/InvokerDefault.php(74): Magento\Framework\Event\Invoker\InvokerDefault->_callObserverMethod()
#13 /var/www/html/vendor/magento/framework/Event/Manager.php(65): Magento\Framework\Event\Invoker\InvokerDefault->dispatch()
#14 /var/www/html/generated/code/Magento/Framework/Event/Manager/Proxy.php(105): Magento\Framework\Event\Manager->dispatch()
#15 /var/www/html/vendor/magento/framework/EntityManager/EventManager.php(49): Magento\Framework\Event\Manager\Proxy->dispatch()
#16 /var/www/html/vendor/magento/framework/EntityManager/Operation/Create.php(123): Magento\Framework\EntityManager\EventManager->dispatchEntityEvent()
#17 /var/www/html/vendor/magento/framework/EntityManager/EntityManager.php(106): Magento\Framework\EntityManager\Operation\Create->execute()
#18 /var/www/html/vendor/magento/module-cms/Model/ResourceModel/Block.php(247): Magento\Framework\EntityManager\EntityManager->save()
#19 /var/www/html/vendor/magento/framework/Model/AbstractModel.php(682): Magento\Cms\Model\ResourceModel\Block->save()
#20 /var/www/html/vendor/magento/module-cms-sample-data/Model/Block.php(98): Magento\Framework\Model\AbstractModel->save()
#21 /var/www/html/vendor/magento/module-cms-sample-data/Model/Block.php(77): Magento\CmsSampleData\Model\Block->saveCmsBlock()
#22 /var/www/html/vendor/magento/module-cms-sample-data/Setup/Installer.php(60): Magento\CmsSampleData\Model\Block->install()
#23 [internal function]: Magento\CmsSampleData\Setup\Installer->install()
#24 /var/www/html/vendor/magento/framework/App/State.php(183): call_user_func_array()
#25 /var/www/html/generated/code/Magento/Framework/App/State/Interceptor.php(68): Magento\Framework\App\State->emulateAreaCode()
#26 /var/www/html/vendor/magento/framework/Setup/SampleData/Executor.php(54): Magento\Framework\App\State\Interceptor->emulateAreaCode()
#27 /var/www/html/vendor/magento/module-cms-sample-data/Setup/Patch/Data/InstallCmsSampleData.php(47): Magento\Framework\Setup\SampleData\Executor->exec()
#28 /var/www/html/vendor/magento/framework/Setup/Patch/PatchApplier.php(301): Magento\CmsSampleData\Setup\Patch\Data\InstallCmsSampleData->apply()
#29 /var/www/html/vendor/magento/framework/Setup/Patch/PatchApplier.php(165): Magento\Framework\Setup\Patch\PatchApplier->applyPatch()
#30 /var/www/html/setup/src/Magento/Setup/Model/Installer.php(1148): Magento\Framework\Setup\Patch\PatchApplier->applyDataPatch()
#31 /var/www/html/setup/src/Magento/Setup/Model/Installer.php(1020): Magento\Setup\Model\Installer->handleDBSchemaData()
#32 /var/www/html/setup/src/Magento/Setup/Console/Command/UpgradeCommand.php(167): Magento\Setup\Model\Installer->installDataFixtures()
#33 /var/www/html/vendor/symfony/console/Command/Command.php(341): Magento\Setup\Console\Command\UpgradeCommand->execute()
#34 /var/www/html/vendor/symfony/console/Application.php(1094): Symfony\Component\Console\Command\Command->run()
#35 /var/www/html/vendor/symfony/console/Application.php(356): Symfony\Component\Console\Application->doRunCommand()
#36 /var/www/html/vendor/magento/framework/Console/Cli.php(137): Symfony\Component\Console\Application->doRun()
#37 /var/www/html/vendor/symfony/console/Application.php(195): Magento\Framework\Console\Cli->doRun()
#38 /var/www/html/bin/magento(23): Symfony\Component\Console\Application->run()
#39 {main} {"exception":"[object] (Magento\\Framework\\Exception\\NoSuchEntityException(code: 0): There is no such media asset with path \"wysiwyg/training/training-erin.jpg\" at /var/www/html/vendor/magento/module-media-gallery/Model/Asset/Command/GetByPath.php:81)"} []
[2026-07-30T04:14:00.299507+00:00] main.CRITICAL: Magento\Framework\Exception\NoSuchEntityException: There is no such media asset with path "wysiwyg/training/training-erin.jpg" in /var/www/html/vendor/magento/module-media-gallery/Model/Asset/Command/GetByPath.php:81
Stack trace:
#0 /var/www/html/vendor/magento/module-media-content/Model/ExtractAssetsFromContent.php(88): Magento\MediaGallery\Model\Asset\Command\GetByPath->execute()
#1 /var/www/html/vendor/magento/module-media-content/Model/ExtractAssetsFromContent.php(70): Magento\MediaContent\Model\ExtractAssetsFromContent->getAssetsByPaths()
#2 /var/www/html/vendor/magento/module-media-content/Model/UpdateContentAssetLinks.php(109): Magento\MediaContent\Model\ExtractAssetsFromContent->execute()
#3 /var/www/html/vendor/magento/module-media-content/Model/UpdateContentAssetLinks.php(91): Magento\MediaContent\Model\UpdateContentAssetLinks->updateRelation()
#4 /var/www/html/vendor/magento/module-media-content-cms/Observer/Block.php(82): Magento\MediaContent\Model\UpdateContentAssetLinks->execute()
#5 /var/www/html/vendor/magento/framework/Event/Invoker/InvokerDefault.php(88): Magento\MediaContentCms\Observer\Block->execute()
#6 /var/www/html/vendor/magento/framework/Event/Invoker/InvokerDefault.php(74): Magento\Framework\Event\Invoker\InvokerDefault->_callObserverMethod()
#7 /var/www/html/vendor/magento/framework/Event/Manager.php(65): Magento\Framework\Event\Invoker\InvokerDefault->dispatch()
#8 /var/www/html/generated/code/Magento/Framework/Event/Manager/Proxy.php(105): Magento\Framework\Event\Manager->dispatch()
#9 /var/www/html/vendor/magento/framework/Model/AbstractModel.php(866): Magento\Framework\Event\Manager\Proxy->dispatch()
#10 /var/www/html/vendor/magento/framework/EntityManager/Observer/AfterEntitySave.php(34): Magento\Framework\Model\AbstractModel->afterSave()
#11 /var/www/html/vendor/magento/framework/Event/Invoker/InvokerDefault.php(88): Magento\Framework\EntityManager\Observer\AfterEntitySave->execute()
#12 /var/www/html/vendor/magento/framework/Event/Invoker/InvokerDefault.php(74): Magento\Framework\Event\Invoker\InvokerDefault->_callObserverMethod()
#13 /var/www/html/vendor/magento/framework/Event/Manager.php(65): Magento\Framework\Event\Invoker\InvokerDefault->dispatch()
#14 /var/www/html/generated/code/Magento/Framework/Event/Manager/Proxy.php(105): Magento\Framework\Event\Manager->dispatch()
#15 /var/www/html/vendor/magento/framework/EntityManager/EventManager.php(49): Magento\Framework\Event\Manager\Proxy->dispatch()
#16 /var/www/html/vendor/magento/framework/EntityManager/Operation/Create.php(123): Magento\Framework\EntityManager\EventManager->dispatchEntityEvent()
#17 /var/www/html/vendor/magento/framework/EntityManager/EntityManager.php(106): Magento\Framework\EntityManager\Operation\Create->execute()
#18 /var/www/html/vendor/magento/module-cms/Model/ResourceModel/Block.php(247): Magento\Framework\EntityManager\EntityManager->save()
#19 /var/www/html/vendor/magento/framework/Model/AbstractModel.php(682): Magento\Cms\Model\ResourceModel\Block->save()
#20 /var/www/html/vendor/magento/module-cms-sample-data/Model/Block.php(98): Magento\Framework\Model\AbstractModel->save()
#21 /var/www/html/vendor/magento/module-cms-sample-data/Model/Block.php(77): Magento\CmsSampleData\Model\Block->saveCmsBlock()
#22 /var/www/html/vendor/magento/module-cms-sample-data/Setup/Installer.php(60): Magento\CmsSampleData\Model\Block->install()
#23 [internal function]: Magento\CmsSampleData\Setup\Installer->install()
#24 /var/www/html/vendor/magento/framework/App/State.php(183): call_user_func_array()
#25 /var/www/html/generated/code/Magento/Framework/App/State/Interceptor.php(68): Magento\Framework\App\State->emulateAreaCode()
#26 /var/www/html/vendor/magento/framework/Setup/SampleData/Executor.php(54): Magento\Framework\App\State\Interceptor->emulateAreaCode()
#27 /var/www/html/vendor/magento/module-cms-sample-data/Setup/Patch/Data/InstallCmsSampleData.php(47): Magento\Framework\Setup\SampleData\Executor->exec()
#28 /var/www/html/vendor/magento/framework/Setup/Patch/PatchApplier.php(301): Magento\CmsSampleData\Setup\Patch\Data\InstallCmsSampleData->apply()
#29 /var/www/html/vendor/magento/framework/Setup/Patch/PatchApplier.php(165): Magento\Framework\Setup\Patch\PatchApplier->applyPatch()
#30 /var/www/html/setup/src/Magento/Setup/Model/Installer.php(1148): Magento\Framework\Setup\Patch\PatchApplier->applyDataPatch()
#31 /var/www/html/setup/src/Magento/Setup/Model/Installer.php(1020): Magento\Setup\Model\Installer->handleDBSchemaData()
#32 /var/www/html/setup/src/Magento/Setup/Console/Command/UpgradeCommand.php(167): Magento\Setup\Model\Installer->installDataFixtures()
#33 /var/www/html/vendor/symfony/console/Command/Command.php(341): Magento\Setup\Console\Command\UpgradeCommand->execute()
#34 /var/www/html/vendor/symfony/console/Application.php(1094): Symfony\Component\Console\Command\Command->run()
#35 /var/www/html/vendor/symfony/console/Application.php(356): Symfony\Component\Console\Application->doRunCommand()
#36 /var/www/html/vendor/magento/framework/Console/Cli.php(137): Symfony\Component\Console\Application->doRun()
#37 /var/www/html/vendor/symfony/console/Application.php(195): Magento\Framework\Console\Cli->doRun()
#38 /var/www/html/bin/magento(23): Symfony\Component\Console\Application->run()
#39 {main}

Next Magento\Framework\Exception\IntegrationException: An error occurred during get media asset list: There is no such media asset with path "wysiwyg/training/training-erin.jpg" in /var/www/html/vendor/magento/module-media-gallery/Model/Asset/Command/GetByPath.php:103
Stack trace:
#0 /var/www/html/vendor/magento/module-media-content/Model/ExtractAssetsFromContent.php(88): Magento\MediaGallery\Model\Asset\Command\GetByPath->execute()
#1 /var/www/html/vendor/magento/module-media-content/Model/ExtractAssetsFromContent.php(70): Magento\MediaContent\Model\ExtractAssetsFromContent->getAssetsByPaths()
#2 /var/www/html/vendor/magento/module-media-content/Model/UpdateContentAssetLinks.php(109): Magento\MediaContent\Model\ExtractAssetsFromContent->execute()
#3 /var/www/html/vendor/magento/module-media-content/Model/UpdateContentAssetLinks.php(91): Magento\MediaContent\Model\UpdateContentAssetLinks->updateRelation()
#4 /var/www/html/vendor/magento/module-media-content-cms/Observer/Block.php(82): Magento\MediaContent\Model\UpdateContentAssetLinks->execute()
#5 /var/www/html/vendor/magento/framework/Event/Invoker/InvokerDefault.php(88): Magento\MediaContentCms\Observer\Block->execute()
#6 /var/www/html/vendor/magento/framework/Event/Invoker/InvokerDefault.php(74): Magento\Framework\Event\Invoker\InvokerDefault->_callObserverMethod()
#7 /var/www/html/vendor/magento/framework/Event/Manager.php(65): Magento\Framework\Event\Invoker\InvokerDefault->dispatch()
#8 /var/www/html/generated/code/Magento/Framework/Event/Manager/Proxy.php(105): Magento\Framework\Event\Manager->dispatch()
#9 /var/www/html/vendor/magento/framework/Model/AbstractModel.php(866): Magento\Framework\Event\Manager\Proxy->dispatch()
#10 /var/www/html/vendor/magento/framework/EntityManager/Observer/AfterEntitySave.php(34): Magento\Framework\Model\AbstractModel->afterSave()
#11 /var/www/html/vendor/magento/framework/Event/Invoker/InvokerDefault.php(88): Magento\Framework\EntityManager\Observer\AfterEntitySave->execute()
#12 /var/www/html/vendor/magento/framework/Event/Invoker/InvokerDefault.php(74): Magento\Framework\Event\Invoker\InvokerDefault->_callObserverMethod()
#13 /var/www/html/vendor/magento/framework/Event/Manager.php(65): Magento\Framework\Event\Invoker\InvokerDefault->dispatch()
#14 /var/www/html/generated/code/Magento/Framework/Event/Manager/Proxy.php(105): Magento\Framework\Event\Manager->dispatch()
#15 /var/www/html/vendor/magento/framework/EntityManager/EventManager.php(49): Magento\Framework\Event\Manager\Proxy->dispatch()
#16 /var/www/html/vendor/magento/framework/EntityManager/Operation/Create.php(123): Magento\Framework\EntityManager\EventManager->dispatchEntityEvent()
#17 /var/www/html/vendor/magento/framework/EntityManager/EntityManager.php(106): Magento\Framework\EntityManager\Operation\Create->execute()
#18 /var/www/html/vendor/magento/module-cms/Model/ResourceModel/Block.php(247): Magento\Framework\EntityManager\EntityManager->save()
#19 /var/www/html/vendor/magento/framework/Model/AbstractModel.php(682): Magento\Cms\Model\ResourceModel\Block->save()
#20 /var/www/html/vendor/magento/module-cms-sample-data/Model/Block.php(98): Magento\Framework\Model\AbstractModel->save()
#21 /var/www/html/vendor/magento/module-cms-sample-data/Model/Block.php(77): Magento\CmsSampleData\Model\Block->saveCmsBlock()
#22 /var/www/html/vendor/magento/module-cms-sample-data/Setup/Installer.php(60): Magento\CmsSampleData\Model\Block->install()
#23 [internal function]: Magento\CmsSampleData\Setup\Installer->install()
#24 /var/www/html/vendor/magento/framework/App/State.php(183): call_user_func_array()
#25 /var/www/html/generated/code/Magento/Framework/App/State/Interceptor.php(68): Magento\Framework\App\State->emulateAreaCode()
#26 /var/www/html/vendor/magento/framework/Setup/SampleData/Executor.php(54): Magento\Framework\App\State\Interceptor->emulateAreaCode()
#27 /var/www/html/vendor/magento/module-cms-sample-data/Setup/Patch/Data/InstallCmsSampleData.php(47): Magento\Framework\Setup\SampleData\Executor->exec()
#28 /var/www/html/vendor/magento/framework/Setup/Patch/PatchApplier.php(301): Magento\CmsSampleData\Setup\Patch\Data\InstallCmsSampleData->apply()
#29 /var/www/html/vendor/magento/framework/Setup/Patch/PatchApplier.php(165): Magento\Framework\Setup\Patch\PatchApplier->applyPatch()
#30 /var/www/html/setup/src/Magento/Setup/Model/Installer.php(1148): Magento\Framework\Setup\Patch\PatchApplier->applyDataPatch()
#31 /var/www/html/setup/src/Magento/Setup/Model/Installer.php(1020): Magento\Setup\Model\Installer->handleDBSchemaData()
#32 /var/www/html/setup/src/Magento/Setup/Console/Command/UpgradeCommand.php(167): Magento\Setup\Model\Installer->installDataFixtures()
#33 /var/www/html/vendor/symfony/console/Command/Command.php(341): Magento\Setup\Console\Command\UpgradeCommand->execute()
#34 /var/www/html/vendor/symfony/console/Application.php(1094): Symfony\Component\Console\Command\Command->run()
#35 /var/www/html/vendor/symfony/console/Application.php(356): Symfony\Component\Console\Application->doRunCommand()
#36 /var/www/html/vendor/magento/framework/Console/Cli.php(137): Symfony\Component\Console\Application->doRun()
#37 /var/www/html/vendor/symfony/console/Application.php(195): Magento\Framework\Console\Cli->doRun()
#38 /var/www/html/bin/magento(23): Symfony\Component\Console\Application->run()
#39 {main} {"exception":"[object] (Magento\\Framework\\Exception\\IntegrationException(code: 0): An error occurred during get media asset list: There is no such media asset with path \"wysiwyg/training/training-erin.jpg\" at /var/www/html/vendor/magento/module-media-gallery/Model/Asset/Command/GetByPath.php:103)
[previous exception] [object] (Magento\\Framework\\Exception\\NoSuchEntityException(code: 0): There is no such media asset with path \"wysiwyg/training/training-erin.jpg\" at /var/www/html/vendor/magento/module-media-gallery/Model/Asset/Command/GetByPath.php:81)"} []
[2026-07-30T04:14:00.305616+00:00] main.CRITICAL: Magento\Framework\Exception\NoSuchEntityException: There is no such media asset with path "wysiwyg/mens/mens-main.jpg" in /var/www/html/vendor/magento/module-media-gallery/Model/Asset/Command/GetByPath.php:81
Stack trace:
#0 /var/www/html/vendor/magento/module-media-content/Model/ExtractAssetsFromContent.php(88): Magento\MediaGallery\Model\Asset\Command\GetByPath->execute()
#1 /var/www/html/vendor/magento/module-media-content/Model/ExtractAssetsFromContent.php(70): Magento\MediaContent\Model\ExtractAssetsFromContent->getAssetsByPaths()
#2 /var/www/html/vendor/magento/module-media-content/Model/UpdateContentAssetLinks.php(109): Magento\MediaContent\Model\ExtractAssetsFromContent->execute()
#3 /var/www/html/vendor/magento/module-media-content/Model/UpdateContentAssetLinks.php(91): Magento\MediaContent\Model\UpdateContentAssetLinks->updateRelation()
#4 /var/www/html/vendor/magento/module-media-content-cms/Observer/Block.php(82): Magento\MediaContent\Model\UpdateContentAssetLinks->execute()
#5 /var/www/html/vendor/magento/framework/Event/Invoker/InvokerDefault.php(88): Magento\MediaContentCms\Observer\Block->execute()
#6 /var/www/html/vendor/magento/framework/Event/Invoker/InvokerDefault.php(74): Magento\Framework\Event\Invoker\InvokerDefault->_callObserverMethod()
#7 /var/www/html/vendor/magento/framework/Event/Manager.php(65): Magento\Framework\Event\Invoker\InvokerDefault->dispatch()
#8 /var/www/html/generated/code/Magento/Framework/Event/Manager/Proxy.php(105): Magento\Framework\Event\Manager->dispatch()
#9 /var/www/html/vendor/magento/framework/Model/AbstractModel.php(866): Magento\Framework\Event\Manager\Proxy->dispatch()
#10 /var/www/html/vendor/magento/framework/EntityManager/Observer/AfterEntitySave.php(34): Magento\Framework\Model\AbstractModel->afterSave()
#11 /var/www/html/vendor/magento/framework/Event/Invoker/InvokerDefault.php(88): Magento\Framework\EntityManager\Observer\AfterEntitySave->execute()
#12 /var/www/html/vendor/magento/framework/Event/Invoker/InvokerDefault.php(74): Magento\Framework\Event\Invoker\InvokerDefault->_callObserverMethod()
#13 /var/www/html/vendor/magento/framework/Event/Manager.php(65): Magento\Framework\Event\Invoker\InvokerDefault->dispatch()
#14 /var/www/html/generated/code/Magento/Framework/Event/Manager/Proxy.php(105): Magento\Framework\Event\Manager->dispatch()
#15 /var/www/html/vendor/magento/framework/EntityManager/EventManager.php(49): Magento\Framework\Event\Manager\Proxy->dispatch()
#16 /var/www/html/vendor/magento/framework/EntityManager/Operation/Create.php(123): Magento\Framework\EntityManager\EventManager->dispatchEntityEvent()
#17 /var/www/html/vendor/magento/framework/EntityManager/EntityManager.php(106): Magento\Framework\EntityManager\Operation\Create->execute()
#18 /var/www/html/vendor/magento/module-cms/Model/ResourceModel/Block.php(247): Magento\Framework\EntityManager\EntityManager->save()
#19 /var/www/html/vendor/magento/framework/Model/AbstractModel.php(682): Magento\Cms\Model\ResourceModel\Block->save()
#20 /var/www/html/vendor/magento/module-cms-sample-data/Model/Block.php(98): Magento\Framework\Model\AbstractModel->save()
#21 /var/www/html/vendor/magento/module-cms-sample-data/Model/Block.php(77): Magento\CmsSampleData\Model\Block->saveCmsBlock()
#22 /var/www/html/vendor/magento/module-cms-sample-data/Setup/Installer.php(60): Magento\CmsSampleData\Model\Block->install()
#23 [internal function]: Magento\CmsSampleData\Setup\Installer->install()
#24 /var/www/html/vendor/magento/framework/App/State.php(183): call_user_func_array()
#25 /var/www/html/generated/code/Magento/Framework/App/State/Interceptor.php(68): Magento\Framework\App\State->emulateAreaCode()
#26 /var/www/html/vendor/magento/framework/Setup/SampleData/Executor.php(54): Magento\Framework\App\State\Interceptor->emulateAreaCode()
#27 /var/www/html/vendor/magento/module-cms-sample-data/Setup/Patch/Data/InstallCmsSampleData.php(47): Magento\Framework\Setup\SampleData\Executor->exec()
#28 /var/www/html/vendor/magento/framework/Setup/Patch/PatchApplier.php(301): Magento\CmsSampleData\Setup\Patch\Data\InstallCmsSampleData->apply()
#29 /var/www/html/vendor/magento/framework/Setup/Patch/PatchApplier.php(165): Magento\Framework\Setup\Patch\PatchApplier->applyPatch()
#30 /var/www/html/setup/src/Magento/Setup/Model/Installer.php(1148): Magento\Framework\Setup\Patch\PatchApplier->applyDataPatch()
#31 /var/www/html/setup/src/Magento/Setup/Model/Installer.php(1020): Magento\Setup\Model\Installer->handleDBSchemaData()
#32 /var/www/html/setup/src/Magento/Setup/Console/Command/UpgradeCommand.php(167): Magento\Setup\Model\Installer->installDataFixtures()
#33 /var/www/html/vendor/symfony/console/Command/Command.php(341): Magento\Setup\Console\Command\UpgradeCommand->execute()
#34 /var/www/html/vendor/symfony/console/Application.php(1094): Symfony\Component\Console\Command\Command->run()
#35 /var/www/html/vendor/symfony/console/Application.php(356): Symfony\Component\Console\Application->doRunCommand()
#36 /var/www/html/vendor/magento/framework/Console/Cli.php(137): Symfony\Component\Console\Application->doRun()
#37 /var/www/html/vendor/symfony/console/Application.php(195): Magento\Framework\Console\Cli->doRun()
#38 /var/www/html/bin/magento(23): Symfony\Component\Console\Application->run()
#39 {main} {"exception":"[object] (Magento\\Framework\\Exception\\NoSuchEntityException(code: 0): There is no such media asset with path \"wysiwyg/mens/mens-main.jpg\" at /var/www/html/vendor/magento/module-media-gallery/Model/Asset/Command/GetByPath.php:81)"} []
[2026-07-30T04:14:00.305769+00:00] main.CRITICAL: Magento\Framework\Exception\NoSuchEntityException: There is no such media asset with path "wysiwyg/mens/mens-main.jpg" in /var/www/html/vendor/magento/module-media-gallery/Model/Asset/Command/GetByPath.php:81
Stack trace:
#0 /var/www/html/vendor/magento/module-media-content/Model/ExtractAssetsFromContent.php(88): Magento\MediaGallery\Model\Asset\Command\GetByPath->execute()
#1 /var/www/html/vendor/magento/module-media-content/Model/ExtractAssetsFromContent.php(70): Magento\MediaContent\Model\ExtractAssetsFromContent->getAssetsByPaths()
#2 /var/www/html/vendor/magento/module-media-content/Model/UpdateContentAssetLinks.php(109): Magento\MediaContent\Model\ExtractAssetsFromContent->execute()
#3 /var/www/html/vendor/magento/module-media-content/Model/UpdateContentAssetLinks.php(91): Magento\MediaContent\Model\UpdateContentAssetLinks->updateRelation()
#4 /var/www/html/vendor/magento/module-media-content-cms/Observer/Block.php(82): Magento\MediaContent\Model\UpdateContentAssetLinks->execute()
#5 /var/www/html/vendor/magento/framework/Event/Invoker/InvokerDefault.php(88): Magento\MediaContentCms\Observer\Block->execute()
#6 /var/www/html/vendor/magento/framework/Event/Invoker/InvokerDefault.php(74): Magento\Framework\Event\Invoker\InvokerDefault->_callObserverMethod()
#7 /var/www/html/vendor/magento/framework/Event/Manager.php(65): Magento\Framework\Event\Invoker\InvokerDefault->dispatch()
#8 /var/www/html/generated/code/Magento/Framework/Event/Manager/Proxy.php(105): Magento\Framework\Event\Manager->dispatch()
#9 /var/www/html/vendor/magento/framework/Model/AbstractModel.php(866): Magento\Framework\Event\Manager\Proxy->dispatch()
#10 /var/www/html/vendor/magento/framework/EntityManager/Observer/AfterEntitySave.php(34): Magento\Framework\Model\AbstractModel->afterSave()
#11 /var/www/html/vendor/magento/framework/Event/Invoker/InvokerDefault.php(88): Magento\Framework\EntityManager\Observer\AfterEntitySave->execute()
#12 /var/www/html/vendor/magento/framework/Event/Invoker/InvokerDefault.php(74): Magento\Framework\Event\Invoker\InvokerDefault->_callObserverMethod()
#13 /var/www/html/vendor/magento/framework/Event/Manager.php(65): Magento\Framework\Event\Invoker\InvokerDefault->dispatch()
#14 /var/www/html/generated/code/Magento/Framework/Event/Manager/Proxy.php(105): Magento\Framework\Event\Manager->dispatch()
#15 /var/www/html/vendor/magento/framework/EntityManager/EventManager.php(49): Magento\Framework\Event\Manager\Proxy->dispatch()
#16 /var/www/html/vendor/magento/framework/EntityManager/Operation/Create.php(123): Magento\Framework\EntityManager\EventManager->dispatchEntityEvent()
#17 /var/www/html/vendor/magento/framework/EntityManager/EntityManager.php(106): Magento\Framework\EntityManager\Operation\Create->execute()
#18 /var/www/html/vendor/magento/module-cms/Model/ResourceModel/Block.php(247): Magento\Framework\EntityManager\EntityManager->save()
#19 /var/www/html/vendor/magento/framework/Model/AbstractModel.php(682): Magento\Cms\Model\ResourceModel\Block->save()
#20 /var/www/html/vendor/magento/module-cms-sample-data/Model/Block.php(98): Magento\Framework\Model\AbstractModel->save()
#21 /var/www/html/vendor/magento/module-cms-sample-data/Model/Block.php(77): Magento\CmsSampleData\Model\Block->saveCmsBlock()
#22 /var/www/html/vendor/magento/module-cms-sample-data/Setup/Installer.php(60): Magento\CmsSampleData\Model\Block->install()
#23 [internal function]: Magento\CmsSampleData\Setup\Installer->install()
#24 /var/www/html/vendor/magento/framework/App/State.php(183): call_user_func_array()
#25 /var/www/html/generated/code/Magento/Framework/App/State/Interceptor.php(68): Magento\Framework\App\State->emulateAreaCode()
#26 /var/www/html/vendor/magento/framework/Setup/SampleData/Executor.php(54): Magento\Framework\App\State\Interceptor->emulateAreaCode()
#27 /var/www/html/vendor/magento/module-cms-sample-data/Setup/Patch/Data/InstallCmsSampleData.php(47): Magento\Framework\Setup\SampleData\Executor->exec()
#28 /var/www/html/vendor/magento/framework/Setup/Patch/PatchApplier.php(301): Magento\CmsSampleData\Setup\Patch\Data\InstallCmsSampleData->apply()
#29 /var/www/html/vendor/magento/framework/Setup/Patch/PatchApplier.php(165): Magento\Framework\Setup\Patch\PatchApplier->applyPatch()
#30 /var/www/html/setup/src/Magento/Setup/Model/Installer.php(1148): Magento\Framework\Setup\Patch\PatchApplier->applyDataPatch()
#31 /var/www/html/setup/src/Magento/Setup/Model/Installer.php(1020): Magento\Setup\Model\Installer->handleDBSchemaData()
#32 /var/www/html/setup/src/Magento/Setup/Console/Command/UpgradeCommand.php(167): Magento\Setup\Model\Installer->installDataFixtures()
#33 /var/www/html/vendor/symfony/console/Command/Command.php(341): Magento\Setup\Console\Command\UpgradeCommand->execute()
#34 /var/www/html/vendor/symfony/console/Application.php(1094): Symfony\Component\Console\Command\Command->run()
#35 /var/www/html/vendor/symfony/console/Application.php(356): Symfony\Component\Console\Application->doRunCommand()
#36 /var/www/html/vendor/magento/framework/Console/Cli.php(137): Symfony\Component\Console\Application->doRun()
#37 /var/www/html/vendor/symfony/console/Application.php(195): Magento\Framework\Console\Cli->doRun()
#38 /var/www/html/bin/magento(23): Symfony\Component\Console\Application->run()
#39 {main}

Next Magento\Framework\Exception\IntegrationException: An error occurred during get media asset list: There is no such media asset with path "wysiwyg/mens/mens-main.jpg" in /var/www/html/vendor/magento/module-media-gallery/Model/Asset/Command/GetByPath.php:103
Stack trace:
#0 /var/www/html/vendor/magento/module-media-content/Model/ExtractAssetsFromContent.php(88): Magento\MediaGallery\Model\Asset\Command\GetByPath->execute()
#1 /var/www/html/vendor/magento/module-media-content/Model/ExtractAssetsFromContent.php(70): Magento\MediaContent\Model\ExtractAssetsFromContent->getAssetsByPaths()
#2 /var/www/html/vendor/magento/module-media-content/Model/UpdateContentAssetLinks.php(109): Magento\MediaContent\Model\ExtractAssetsFromContent->execute()
#3 /var/www/html/vendor/magento/module-media-content/Model/UpdateContentAssetLinks.php(91): Magento\MediaContent\Model\UpdateContentAssetLinks->updateRelation()
#4 /var/www/html/vendor/magento/module-media-content-cms/Observer/Block.php(82): Magento\MediaContent\Model\UpdateContentAssetLinks->execute()
#5 /var/www/html/vendor/magento/framework/Event/Invoker/InvokerDefault.php(88): Magento\MediaContentCms\Observer\Block->execute()
#6 /var/www/html/vendor/magento/framework/Event/Invoker/InvokerDefault.php(74): Magento\Framework\Event\Invoker\InvokerDefault->_callObserverMethod()
#7 /var/www/html/vendor/magento/framework/Event/Manager.php(65): Magento\Framework\Event\Invoker\InvokerDefault->dispatch()
#8 /var/www/html/generated/code/Magento/Framework/Event/Manager/Proxy.php(105): Magento\Framework\Event\Manager->dispatch()
#9 /var/www/html/vendor/magento/framework/Model/AbstractModel.php(866): Magento\Framework\Event\Manager\Proxy->dispatch()
#10 /var/www/html/vendor/magento/framework/EntityManager/Observer/AfterEntitySave.php(34): Magento\Framework\Model\AbstractModel->afterSave()
#11 /var/www/html/vendor/magento/framework/Event/Invoker/InvokerDefault.php(88): Magento\Framework\EntityManager\Observer\AfterEntitySave->execute()
#12 /var/www/html/vendor/magento/framework/Event/Invoker/InvokerDefault.php(74): Magento\Framework\Event\Invoker\InvokerDefault->_callObserverMethod()
#13 /var/www/html/vendor/magento/framework/Event/Manager.php(65): Magento\Framework\Event\Invoker\InvokerDefault->dispatch()
#14 /var/www/html/generated/code/Magento/Framework/Event/Manager/Proxy.php(105): Magento\Framework\Event\Manager->dispatch()
#15 /var/www/html/vendor/magento/framework/EntityManager/EventManager.php(49): Magento\Framework\Event\Manager\Proxy->dispatch()
#16 /var/www/html/vendor/magento/framework/EntityManager/Operation/Create.php(123): Magento\Framework\EntityManager\EventManager->dispatchEntityEvent()
#17 /var/www/html/vendor/magento/framework/EntityManager/EntityManager.php(106): Magento\Framework\EntityManager\Operation\Create->execute()
#18 /var/www/html/vendor/magento/module-cms/Model/ResourceModel/Block.php(247): Magento\Framework\EntityManager\EntityManager->save()
#19 /var/www/html/vendor/magento/framework/Model/AbstractModel.php(682): Magento\Cms\Model\ResourceModel\Block->save()
#20 /var/www/html/vendor/magento/module-cms-sample-data/Model/Block.php(98): Magento\Framework\Model\AbstractModel->save()
#21 /var/www/html/vendor/magento/module-cms-sample-data/Model/Block.php(77): Magento\CmsSampleData\Model\Block->saveCmsBlock()
#22 /var/www/html/vendor/magento/module-cms-sample-data/Setup/Installer.php(60): Magento\CmsSampleData\Model\Block->install()
#23 [internal function]: Magento\CmsSampleData\Setup\Installer->install()
#24 /var/www/html/vendor/magento/framework/App/State.php(183): call_user_func_array()
#25 /var/www/html/generated/code/Magento/Framework/App/State/Interceptor.php(68): Magento\Framework\App\State->emulateAreaCode()
#26 /var/www/html/vendor/magento/framework/Setup/SampleData/Executor.php(54): Magento\Framework\App\State\Interceptor->emulateAreaCode()
#27 /var/www/html/vendor/magento/module-cms-sample-data/Setup/Patch/Data/InstallCmsSampleData.php(47): Magento\Framework\Setup\SampleData\Executor->exec()
#28 /var/www/html/vendor/magento/framework/Setup/Patch/PatchApplier.php(301): Magento\CmsSampleData\Setup\Patch\Data\InstallCmsSampleData->apply()
#29 /var/www/html/vendor/magento/framework/Setup/Patch/PatchApplier.php(165): Magento\Framework\Setup\Patch\PatchApplier->applyPatch()
#30 /var/www/html/setup/src/Magento/Setup/Model/Installer.php(1148): Magento\Framework\Setup\Patch\PatchApplier->applyDataPatch()
#31 /var/www/html/setup/src/Magento/Setup/Model/Installer.php(1020): Magento\Setup\Model\Installer->handleDBSchemaData()
#32 /var/www/html/setup/src/Magento/Setup/Console/Command/UpgradeCommand.php(167): Magento\Setup\Model\Installer->installDataFixtures()
#33 /var/www/html/vendor/symfony/console/Command/Command.php(341): Magento\Setup\Console\Command\UpgradeCommand->execute()
#34 /var/www/html/vendor/symfony/console/Application.php(1094): Symfony\Component\Console\Command\Command->run()
#35 /var/www/html/vendor/symfony/console/Application.php(356): Symfony\Component\Console\Application->doRunCommand()
#36 /var/www/html/vendor/magento/framework/Console/Cli.php(137): Symfony\Component\Console\Application->doRun()
#37 /var/www/html/vendor/symfony/console/Application.php(195): Magento\Framework\Console\Cli->doRun()
#38 /var/www/html/bin/magento(23): Symfony\Component\Console\Application->run()
#39 {main} {"exception":"[object] (Magento\\Framework\\Exception\\IntegrationException(code: 0): An error occurred during get media asset list: There is no such media asset with path \"wysiwyg/mens/mens-main.jpg\" at /var/www/html/vendor/magento/module-media-gallery/Model/Asset/Command/GetByPath.php:103)
[previous exception] [object] (Magento\\Framework\\Exception\\NoSuchEntityException(code: 0): There is no such media asset with path \"wysiwyg/mens/mens-main.jpg\" at /var/www/html/vendor/magento/module-media-gallery/Model/Asset/Command/GetByPath.php:81)"} []
[2026-07-30T04:14:00.306068+00:00] main.CRITICAL: Magento\Framework\Exception\NoSuchEntityException: There is no such media asset with path "wysiwyg/mens/mens-t-shirts.png" in /var/www/html/vendor/magento/module-media-gallery/Model/Asset/Command/GetByPath.php:81
Stack trace:
#0 /var/www/html/vendor/magento/module-media-content/Model/ExtractAssetsFromContent.php(88): Magento\MediaGallery\Model\Asset\Command\GetByPath->execute()
#1 /var/www/html/vendor/magento/module-media-content/Model/ExtractAssetsFromContent.php(70): Magento\MediaContent\Model\ExtractAssetsFromContent->getAssetsByPaths()
#2 /var/www/html/vendor/magento/module-media-content/Model/UpdateContentAssetLinks.php(109): Magento\MediaContent\Model\ExtractAssetsFromContent->execute()
#3 /var/www/html/vendor/magento/module-media-content/Model/UpdateContentAssetLinks.php(91): Magento\MediaContent\Model\UpdateContentAssetLinks->updateRelation()
#4 /var/www/html/vendor/magento/module-media-content-cms/Observer/Block.php(82): Magento\MediaContent\Model\UpdateContentAssetLinks->execute()
#5 /var/www/html/vendor/magento/framework/Event/Invoker/InvokerDefault.php(88): Magento\MediaContentCms\Observer\Block->execute()
#6 /var/www/html/vendor/magento/framework/Event/Invoker/InvokerDefault.php(74): Magento\Framework\Event\Invoker\InvokerDefault->_callObserverMethod()
#7 /var/www/html/vendor/magento/framework/Event/Manager.php(65): Magento\Framework\Event\Invoker\InvokerDefault->dispatch()
#8 /var/www/html/generated/code/Magento/Framework/Event/Manager/Proxy.php(105): Magento\Framework\Event\Manager->dispatch()
#9 /var/www/html/vendor/magento/framework/Model/AbstractModel.php(866): Magento\Framework\Event\Manager\Proxy->dispatch()
#10 /var/www/html/vendor/magento/framework/EntityManager/Observer/AfterEntitySave.php(34): Magento\Framework\Model\AbstractModel->afterSave()
#11 /var/www/html/vendor/magento/framework/Event/Invoker/InvokerDefault.php(88): Magento\Framework\EntityManager\Observer\AfterEntitySave->execute()
#12 /var/www/html/vendor/magento/framework/Event/Invoker/InvokerDefault.php(74): Magento\Framework\Event\Invoker\InvokerDefault->_callObserverMethod()
#13 /var/www/html/vendor/magento/framework/Event/Manager.php(65): Magento\Framework\Event\Invoker\InvokerDefault->dispatch()
#14 /var/www/html/generated/code/Magento/Framework/Event/Manager/Proxy.php(105): Magento\Framework\Event\Manager->dispatch()
#15 /var/www/html/vendor/magento/framework/EntityManager/EventManager.php(49): Magento\Framework\Event\Manager\Proxy->dispatch()
#16 /var/www/html/vendor/magento/framework/EntityManager/Operation/Create.php(123): Magento\Framework\EntityManager\EventManager->dispatchEntityEvent()
#17 /var/www/html/vendor/magento/framework/EntityManager/EntityManager.php(106): Magento\Framework\EntityManager\Operation\Create->execute()
#18 /var/www/html/vendor/magento/module-cms/Model/ResourceModel/Block.php(247): Magento\Framework\EntityManager\EntityManager->save()
#19 /var/www/html/vendor/magento/framework/Model/AbstractModel.php(682): Magento\Cms\Model\ResourceModel\Block->save()
#20 /var/www/html/vendor/magento/module-cms-sample-data/Model/Block.php(98): Magento\Framework\Model\AbstractModel->save()
#21 /var/www/html/vendor/magento/module-cms-sample-data/Model/Block.php(77): Magento\CmsSampleData\Model\Block->saveCmsBlock()
#22 /var/www/html/vendor/magento/module-cms-sample-data/Setup/Installer.php(60): Magento\CmsSampleData\Model\Block->install()
#23 [internal function]: Magento\CmsSampleData\Setup\Installer->install()
#24 /var/www/html/vendor/magento/framework/App/State.php(183): call_user_func_array()
#25 /var/www/html/generated/code/Magento/Framework/App/State/Interceptor.php(68): Magento\Framework\App\State->emulateAreaCode()
#26 /var/www/html/vendor/magento/framework/Setup/SampleData/Executor.php(54): Magento\Framework\App\State\Interceptor->emulateAreaCode()
#27 /var/www/html/vendor/magento/module-cms-sample-data/Setup/Patch/Data/InstallCmsSampleData.php(47): Magento\Framework\Setup\SampleData\Executor->exec()
#28 /var/www/html/vendor/magento/framework/Setup/Patch/PatchApplier.php(301): Magento\CmsSampleData\Setup\Patch\Data\InstallCmsSampleData->apply()
#29 /var/www/html/vendor/magento/framework/Setup/Patch/PatchApplier.php(165): Magento\Framework\Setup\Patch\PatchApplier->applyPatch()
#30 /var/www/html/setup/src/Magento/Setup/Model/Installer.php(1148): Magento\Framework\Setup\Patch\PatchApplier->applyDataPatch()
#31 /var/www/html/setup/src/Magento/Setup/Model/Installer.php(1020): Magento\Setup\Model\Installer->handleDBSchemaData()
#32 /var/www/html/setup/src/Magento/Setup/Console/Command/UpgradeCommand.php(167): Magento\Setup\Model\Installer->installDataFixtures()
#33 /var/www/html/vendor/symfony/console/Command/Command.php(341): Magento\Setup\Console\Command\UpgradeCommand->execute()
#34 /var/www/html/vendor/symfony/console/Application.php(1094): Symfony\Component\Console\Command\Command->run()
#35 /var/www/html/vendor/symfony/console/Application.php(356): Symfony\Component\Console\Application->doRunCommand()
#36 /var/www/html/vendor/magento/framework/Console/Cli.php(137): Symfony\Component\Console\Application->doRun()
#37 /var/www/html/vendor/symfony/console/Application.php(195): Magento\Framework\Console\Cli->doRun()
#38 /var/www/html/bin/magento(23): Symfony\Component\Console\Application->run()
#39 {main} {"exception":"[object] (Magento\\Framework\\Exception\\NoSuchEntityException(code: 0): There is no such media asset with path \"wysiwyg/mens/mens-t-shirts.png\" at /var/www/html/vendor/magento/module-media-gallery/Model/Asset/Command/GetByPath.php:81)"} []
[2026-07-30T04:14:00.306190+00:00] main.CRITICAL: Magento\Framework\Exception\NoSuchEntityException: There is no such media asset with path "wysiwyg/mens/mens-t-shirts.png" in /var/www/html/vendor/magento/module-media-gallery/Model/Asset/Command/GetByPath.php:81
Stack trace:
#0 /var/www/html/vendor/magento/module-media-content/Model/ExtractAssetsFromContent.php(88): Magento\MediaGallery\Model\Asset\Command\GetByPath->execute()
#1 /var/www/html/vendor/magento/module-media-content/Model/ExtractAssetsFromContent.php(70): Magento\MediaContent\Model\ExtractAssetsFromContent->getAssetsByPaths()
#2 /var/www/html/vendor/magento/module-media-content/Model/UpdateContentAssetLinks.php(109): Magento\MediaContent\Model\ExtractAssetsFromContent->execute()
#3 /var/www/html/vendor/magento/module-media-content/Model/UpdateContentAssetLinks.php(91): Magento\MediaContent\Model\UpdateContentAssetLinks->updateRelation()
#4 /var/www/html/vendor/magento/module-media-content-cms/Observer/Block.php(82): Magento\MediaContent\Model\UpdateContentAssetLinks->execute()
#5 /var/www/html/vendor/magento/framework/Event/Invoker/InvokerDefault.php(88): Magento\MediaContentCms\Observer\Block->execute()
#6 /var/www/html/vendor/magento/framework/Event/Invoker/InvokerDefault.php(74): Magento\Framework\Event\Invoker\InvokerDefault->_callObserverMethod()
#7 /var/www/html/vendor/magento/framework/Event/Manager.php(65): Magento\Framework\Event\Invoker\InvokerDefault->dispatch()
#8 /var/www/html/generated/code/Magento/Framework/Event/Manager/Proxy.php(105): Magento\Framework\Event\Manager->dispatch()
#9 /var/www/html/vendor/magento/framework/Model/AbstractModel.php(866): Magento\Framework\Event\Manager\Proxy->dispatch()
#10 /var/www/html/vendor/magento/framework/EntityManager/Observer/AfterEntitySave.php(34): Magento\Framework\Model\AbstractModel->afterSave()
#11 /var/www/html/vendor/magento/framework/Event/Invoker/InvokerDefault.php(88): Magento\Framework\EntityManager\Observer\AfterEntitySave->execute()
#12 /var/www/html/vendor/magento/framework/Event/Invoker/InvokerDefault.php(74): Magento\Framework\Event\Invoker\InvokerDefault->_callObserverMethod()
#13 /var/www/html/vendor/magento/framework/Event/Manager.php(65): Magento\Framework\Event\Invoker\InvokerDefault->dispatch()
#14 /var/www/html/generated/code/Magento/Framework/Event/Manager/Proxy.php(105): Magento\Framework\Event\Manager->dispatch()
#15 /var/www/html/vendor/magento/framework/EntityManager/EventManager.php(49): Magento\Framework\Event\Manager\Proxy->dispatch()
#16 /var/www/html/vendor/magento/framework/EntityManager/Operation/Create.php(123): Magento\Framework\EntityManager\EventManager->dispatchEntityEvent()
#17 /var/www/html/vendor/magento/framework/EntityManager/EntityManager.php(106): Magento\Framework\EntityManager\Operation\Create->execute()
#18 /var/www/html/vendor/magento/module-cms/Model/ResourceModel/Block.php(247): Magento\Framework\EntityManager\EntityManager->save()
#19 /var/www/html/vendor/magento/framework/Model/AbstractModel.php(682): Magento\Cms\Model\ResourceModel\Block->save()
#20 /var/www/html/vendor/magento/module-cms-sample-data/Model/Block.php(98): Magento\Framework\Model\AbstractModel->save()
#21 /var/www/html/vendor/magento/module-cms-sample-data/Model/Block.php(77): Magento\CmsSampleData\Model\Block->saveCmsBlock()
#22 /var/www/html/vendor/magento/module-cms-sample-data/Setup/Installer.php(60): Magento\CmsSampleData\Model\Block->install()
#23 [internal function]: Magento\CmsSampleData\Setup\Installer->install()
#24 /var/www/html/vendor/magento/framework/App/State.php(183): call_user_func_array()
#25 /var/www/html/generated/code/Magento/Framework/App/State/Interceptor.php(68): Magento\Framework\App\State->emulateAreaCode()
#26 /var/www/html/vendor/magento/framework/Setup/SampleData/Executor.php(54): Magento\Framework\App\State\Interceptor->emulateAreaCode()
#27 /var/www/html/vendor/magento/module-cms-sample-data/Setup/Patch/Data/InstallCmsSampleData.php(47): Magento\Framework\Setup\SampleData\Executor->exec()
#28 /var/www/html/vendor/magento/framework/Setup/Patch/PatchApplier.php(301): Magento\CmsSampleData\Setup\Patch\Data\InstallCmsSampleData->apply()
#29 /var/www/html/vendor/magento/framework/Setup/Patch/PatchApplier.php(165): Magento\Framework\Setup\Patch\PatchApplier->applyPatch()
#30 /var/www/html/setup/src/Magento/Setup/Model/Installer.php(1148): Magento\Framework\Setup\Patch\PatchApplier->applyDataPatch()
#31 /var/www/html/setup/src/Magento/Setup/Model/Installer.php(1020): Magento\Setup\Model\Installer->handleDBSchemaData()
#32 /var/www/html/setup/src/Magento/Setup/Console/Command/UpgradeCommand.php(167): Magento\Setup\Model\Installer->installDataFixtures()
#33 /var/www/html/vendor/symfony/console/Command/Command.php(341): Magento\Setup\Console\Command\UpgradeCommand->execute()
#34 /var/www/html/vendor/symfony/console/Application.php(1094): Symfony\Component\Console\Command\Command->run()
#35 /var/www/html/vendor/symfony/console/Application.php(356): Symfony\Component\Console\Application->doRunCommand()
#36 /var/www/html/vendor/magento/framework/Console/Cli.php(137): Symfony\Component\Console\Application->doRun()
#37 /var/www/html/vendor/symfony/console/Application.php(195): Magento\Framework\Console\Cli->doRun()
#38 /var/www/html/bin/magento(23): Symfony\Component\Console\Application->run()
#39 {main}

Next Magento\Framework\Exception\IntegrationException: An error occurred during get media asset list: There is no such media asset with path "wysiwyg/mens/mens-t-shirts.png" in /var/www/html/vendor/magento/module-media-gallery/Model/Asset/Command/GetByPath.php:103
Stack trace:
#0 /var/www/html/vendor/magento/module-media-content/Model/ExtractAssetsFromContent.php(88): Magento\MediaGallery\Model\Asset\Command\GetByPath->execute()
#1 /var/www/html/vendor/magento/module-media-content/Model/ExtractAssetsFromContent.php(70): Magento\MediaContent\Model\ExtractAssetsFromContent->getAssetsByPaths()
#2 /var/www/html/vendor/magento/module-media-content/Model/UpdateContentAssetLinks.php(109): Magento\MediaContent\Model\ExtractAssetsFromContent->execute()
#3 /var/www/html/vendor/magento/module-media-content/Model/UpdateContentAssetLinks.php(91): Magento\MediaContent\Model\UpdateContentAssetLinks->updateRelation()
#4 /var/www/html/vendor/magento/module-media-content-cms/Observer/Block.php(82): Magento\MediaContent\Model\UpdateContentAssetLinks->execute()
#5 /var/www/html/vendor/magento/framework/Event/Invoker/InvokerDefault.php(88): Magento\MediaContentCms\Observer\Block->execute()
#6 /var/www/html/vendor/magento/framework/Event/Invoker/InvokerDefault.php(74): Magento\Framework\Event\Invoker\InvokerDefault->_callObserverMethod()
#7 /var/www/html/vendor/magento/framework/Event/Manager.php(65): Magento\Framework\Event\Invoker\InvokerDefault->dispatch()
#8 /var/www/html/generated/code/Magento/Framework/Event/Manager/Proxy.php(105): Magento\Framework\Event\Manager->dispatch()
#9 /var/www/html/vendor/magento/framework/Model/AbstractModel.php(866): Magento\Framework\Event\Manager\Proxy->dispatch()
#10 /var/www/html/vendor/magento/framework/EntityManager/Observer/AfterEntitySave.php(34): Magento\Framework\Model\AbstractModel->afterSave()
#11 /var/www/html/vendor/magento/framework/Event/Invoker/InvokerDefault.php(88): Magento\Framework\EntityManager\Observer\AfterEntitySave->execute()
#12 /var/www/html/vendor/magento/framework/Event/Invoker/InvokerDefault.php(74): Magento\Framework\Event\Invoker\InvokerDefault->_callObserverMethod()
#13 /var/www/html/vendor/magento/framework/Event/Manager.php(65): Magento\Framework\Event\Invoker\InvokerDefault->dispatch()
#14 /var/www/html/generated/code/Magento/Framework/Event/Manager/Proxy.php(105): Magento\Framework\Event\Manager->dispatch()
#15 /var/www/html/vendor/magento/framework/EntityManager/EventManager.php(49): Magento\Framework\Event\Manager\Proxy->dispatch()
#16 /var/www/html/vendor/magento/framework/EntityManager/Operation/Create.php(123): Magento\Framework\EntityManager\EventManager->dispatchEntityEvent()
#17 /var/www/html/vendor/magento/framework/EntityManager/EntityManager.php(106): Magento\Framework\EntityManager\Operation\Create->execute()
#18 /var/www/html/vendor/magento/module-cms/Model/ResourceModel/Block.php(247): Magento\Framework\EntityManager\EntityManager->save()
#19 /var/www/html/vendor/magento/framework/Model/AbstractModel.php(682): Magento\Cms\Model\ResourceModel\Block->save()
#20 /var/www/html/vendor/magento/module-cms-sample-data/Model/Block.php(98): Magento\Framework\Model\AbstractModel->save()
#21 /var/www/html/vendor/magento/module-cms-sample-data/Model/Block.php(77): Magento\CmsSampleData\Model\Block->saveCmsBlock()
#22 /var/www/html/vendor/magento/module-cms-sample-data/Setup/Installer.php(60): Magento\CmsSampleData\Model\Block->install()
#23 [internal function]: Magento\CmsSampleData\Setup\Installer->install()
#24 /var/www/html/vendor/magento/framework/App/State.php(183): call_user_func_array()
#25 /var/www/html/generated/code/Magento/Framework/App/State/Interceptor.php(68): Magento\Framework\App\State->emulateAreaCode()
#26 /var/www/html/vendor/magento/framework/Setup/SampleData/Executor.php(54): Magento\Framework\App\State\Interceptor->emulateAreaCode()
#27 /var/www/html/vendor/magento/module-cms-sample-data/Setup/Patch/Data/InstallCmsSampleData.php(47): Magento\Framework\Setup\SampleData\Executor->exec()
#28 /var/www/html/vendor/magento/framework/Setup/Patch/PatchApplier.php(301): Magento\CmsSampleData\Setup\Patch\Data\InstallCmsSampleData->apply()
#29 /var/www/html/vendor/magento/framework/Setup/Patch/PatchApplier.php(165): Magento\Framework\Setup\Patch\PatchApplier->applyPatch()
#30 /var/www/html/setup/src/Magento/Setup/Model/Installer.php(1148): Magento\Framework\Setup\Patch\PatchApplier->applyDataPatch()
#31 /var/www/html/setup/src/Magento/Setup/Model/Installer.php(1020): Magento\Setup\Model\Installer->handleDBSchemaData()
#32 /var/www/html/setup/src/Magento/Setup/Console/Command/UpgradeCommand.php(167): Magento\Setup\Model\Installer->installDataFixtures()
#33 /var/www/html/vendor/symfony/console/Command/Command.php(341): Magento\Setup\Console\Command\UpgradeCommand->execute()
#34 /var/www/html/vendor/symfony/console/Application.php(1094): Symfony\Component\Console\Command\Command->run()
#35 /var/www/html/vendor/symfony/console/Application.php(356): Symfony\Component\Console\Application->doRunCommand()
#36 /var/www/html/vendor/magento/framework/Console/Cli.php(137): Symfony\Component\Console\Application->doRun()
#37 /var/www/html/vendor/symfony/console/Application.php(195): Magento\Framework\Console\Cli->doRun()
#38 /var/www/html/bin/magento(23): Symfony\Component\Console\Application->run()
#39 {main} {"exception":"[object] (Magento\\Framework\\Exception\\IntegrationException(code: 0): An error occurred during get media asset list: There is no such media asset with path \"wysiwyg/mens/mens-t-shirts.png\" at /var/www/html/vendor/magento/module-media-gallery/Model/Asset/Command/GetByPath.php:103)
[previous exception] [object] (Magento\\Framework\\Exception\\NoSuchEntityException(code: 0): There is no such media asset with path \"wysiwyg/mens/mens-t-shirts.png\" at /var/www/html/vendor/magento/module-media-gallery/Model/Asset/Command/GetByPath.php:81)"} []
[2026-07-30T04:14:00.306428+00:00] main.CRITICAL: Magento\Framework\Exception\NoSuchEntityException: There is no such media asset with path "wysiwyg/mens/mens-pants.jpg" in /var/www/html/vendor/magento/module-media-gallery/Model/Asset/Command/GetByPath.php:81
Stack trace:
#0 /var/www/html/vendor/magento/module-media-content/Model/ExtractAssetsFromContent.php(88): Magento\MediaGallery\Model\Asset\Command\GetByPath->execute()
#1 /var/www/html/vendor/magento/module-media-content/Model/ExtractAssetsFromContent.php(70): Magento\MediaContent\Model\ExtractAssetsFromContent->getAssetsByPaths()
#2 /var/www/html/vendor/magento/module-media-content/Model/UpdateContentAssetLinks.php(109): Magento\MediaContent\Model\ExtractAssetsFromContent->execute()
#3 /var/www/html/vendor/magento/module-media-content/Model/UpdateContentAssetLinks.php(91): Magento\MediaContent\Model\UpdateContentAssetLinks->updateRelation()
#4 /var/www/html/vendor/magento/module-media-content-cms/Observer/Block.php(82): Magento\MediaContent\Model\UpdateContentAssetLinks->execute()
#5 /var/www/html/vendor/magento/framework/Event/Invoker/InvokerDefault.php(88): Magento\MediaContentCms\Observer\Block->execute()
#6 /var/www/html/vendor/magento/framework/Event/Invoker/InvokerDefault.php(74): Magento\Framework\Event\Invoker\InvokerDefault->_callObserverMethod()
#7 /var/www/html/vendor/magento/framework/Event/Manager.php(65): Magento\Framework\Event\Invoker\InvokerDefault->dispatch()
#8 /var/www/html/generated/code/Magento/Framework/Event/Manager/Proxy.php(105): Magento\Framework\Event\Manager->dispatch()
#9 /var/www/html/vendor/magento/framework/Model/AbstractModel.php(866): Magento\Framework\Event\Manager\Proxy->dispatch()
#10 /var/www/html/vendor/magento/framework/EntityManager/Observer/AfterEntitySave.php(34): Magento\Framework\Model\AbstractModel->afterSave()
#11 /var/www/html/vendor/magento/framework/Event/Invoker/InvokerDefault.php(88): Magento\Framework\EntityManager\Observer\AfterEntitySave->execute()
#12 /var/www/html/vendor/magento/framework/Event/Invoker/InvokerDefault.php(74): Magento\Framework\Event\Invoker\InvokerDefault->_callObserverMethod()
#13 /var/www/html/vendor/magento/framework/Event/Manager.php(65): Magento\Framework\Event\Invoker\InvokerDefault->dispatch()
#14 /var/www/html/generated/code/Magento/Framework/Event/Manager/Proxy.php(105): Magento\Framework\Event\Manager->dispatch()
#15 /var/www/html/vendor/magento/framework/EntityManager/EventManager.php(49): Magento\Framework\Event\Manager\Proxy->dispatch()
#16 /var/www/html/vendor/magento/framework/EntityManager/Operation/Create.php(123): Magento\Framework\EntityManager\EventManager->dispatchEntityEvent()
#17 /var/www/html/vendor/magento/framework/EntityManager/EntityManager.php(106): Magento\Framework\EntityManager\Operation\Create->execute()
#18 /var/www/html/vendor/magento/module-cms/Model/ResourceModel/Block.php(247): Magento\Framework\EntityManager\EntityManager->save()
#19 /var/www/html/vendor/magento/framework/Model/AbstractModel.php(682): Magento\Cms\Model\ResourceModel\Block->save()
#20 /var/www/html/vendor/magento/module-cms-sample-data/Model/Block.php(98): Magento\Framework\Model\AbstractModel->save()
#21 /var/www/html/vendor/magento/module-cms-sample-data/Model/Block.php(77): Magento\CmsSampleData\Model\Block->saveCmsBlock()
#22 /var/www/html/vendor/magento/module-cms-sample-data/Setup/Installer.php(60): Magento\CmsSampleData\Model\Block->install()
#23 [internal function]: Magento\CmsSampleData\Setup\Installer->install()
#24 /var/www/html/vendor/magento/framework/App/State.php(183): call_user_func_array()
#25 /var/www/html/generated/code/Magento/Framework/App/State/Interceptor.php(68): Magento\Framework\App\State->emulateAreaCode()
#26 /var/www/html/vendor/magento/framework/Setup/SampleData/Executor.php(54): Magento\Framework\App\State\Interceptor->emulateAreaCode()
#27 /var/www/html/vendor/magento/module-cms-sample-data/Setup/Patch/Data/InstallCmsSampleData.php(47): Magento\Framework\Setup\SampleData\Executor->exec()
#28 /var/www/html/vendor/magento/framework/Setup/Patch/PatchApplier.php(301): Magento\CmsSampleData\Setup\Patch\Data\InstallCmsSampleData->apply()
#29 /var/www/html/vendor/magento/framework/Setup/Patch/PatchApplier.php(165): Magento\Framework\Setup\Patch\PatchApplier->applyPatch()
#30 /var/www/html/setup/src/Magento/Setup/Model/Installer.php(1148): Magento\Framework\Setup\Patch\PatchApplier->applyDataPatch()
#31 /var/www/html/setup/src/Magento/Setup/Model/Installer.php(1020): Magento\Setup\Model\Installer->handleDBSchemaData()
#32 /var/www/html/setup/src/Magento/Setup/Console/Command/UpgradeCommand.php(167): Magento\Setup\Model\Installer->installDataFixtures()
#33 /var/www/html/vendor/symfony/console/Command/Command.php(341): Magento\Setup\Console\Command\UpgradeCommand->execute()
#34 /var/www/html/vendor/symfony/console/Application.php(1094): Symfony\Component\Console\Command\Command->run()
#35 /var/www/html/vendor/symfony/console/Application.php(356): Symfony\Component\Console\Application->doRunCommand()
#36 /var/www/html/vendor/magento/framework/Console/Cli.php(137): Symfony\Component\Console\Application->doRun()
#37 /var/www/html/vendor/symfony/console/Application.php(195): Magento\Framework\Console\Cli->doRun()
#38 /var/www/html/bin/magento(23): Symfony\Component\Console\Application->run()
#39 {main} {"exception":"[object] (Magento\\Framework\\Exception\\NoSuchEntityException(code: 0): There is no such media asset with path \"wysiwyg/mens/mens-pants.jpg\" at /var/www/html/vendor/magento/module-media-gallery/Model/Asset/Command/GetByPath.php:81)"} []
[2026-07-30T04:14:00.306550+00:00] main.CRITICAL: Magento\Framework\Exception\NoSuchEntityException: There is no such media asset with path "wysiwyg/mens/mens-pants.jpg" in /var/www/html/vendor/magento/module-media-gallery/Model/Asset/Command/GetByPath.php:81
Stack trace:
#0 /var/www/html/vendor/magento/module-media-content/Model/ExtractAssetsFromContent.php(88): Magento\MediaGallery\Model\Asset\Command\GetByPath->execute()
#1 /var/www/html/vendor/magento/module-media-content/Model/ExtractAssetsFromContent.php(70): Magento\MediaContent\Model\ExtractAssetsFromContent->getAssetsByPaths()
#2 /var/www/html/vendor/magento/module-media-content/Model/UpdateContentAssetLinks.php(109): Magento\MediaContent\Model\ExtractAssetsFromContent->execute()
#3 /var/www/html/vendor/magento/module-media-content/Model/UpdateContentAssetLinks.php(91): Magento\MediaContent\Model\UpdateContentAssetLinks->updateRelation()
#4 /var/www/html/vendor/magento/module-media-content-cms/Observer/Block.php(82): Magento\MediaContent\Model\UpdateContentAssetLinks->execute()
#5 /var/www/html/vendor/magento/framework/Event/Invoker/InvokerDefault.php(88): Magento\MediaContentCms\Observer\Block->execute()
#6 /var/www/html/vendor/magento/framework/Event/Invoker/InvokerDefault.php(74): Magento\Framework\Event\Invoker\InvokerDefault->_callObserverMethod()
#7 /var/www/html/vendor/magento/framework/Event/Manager.php(65): Magento\Framework\Event\Invoker\InvokerDefault->dispatch()
#8 /var/www/html/generated/code/Magento/Framework/Event/Manager/Proxy.php(105): Magento\Framework\Event\Manager->dispatch()
#9 /var/www/html/vendor/magento/framework/Model/AbstractModel.php(866): Magento\Framework\Event\Manager\Proxy->dispatch()
#10 /var/www/html/vendor/magento/framework/EntityManager/Observer/AfterEntitySave.php(34): Magento\Framework\Model\AbstractModel->afterSave()
#11 /var/www/html/vendor/magento/framework/Event/Invoker/InvokerDefault.php(88): Magento\Framework\EntityManager\Observer\AfterEntitySave->execute()
#12 /var/www/html/vendor/magento/framework/Event/Invoker/InvokerDefault.php(74): Magento\Framework\Event\Invoker\InvokerDefault->_callObserverMethod()
#13 /var/www/html/vendor/magento/framework/Event/Manager.php(65): Magento\Framework\Event\Invoker\InvokerDefault->dispatch()
#14 /var/www/html/generated/code/Magento/Framework/Event/Manager/Proxy.php(105): Magento\Framework\Event\Manager->dispatch()
#15 /var/www/html/vendor/magento/framework/EntityManager/EventManager.php(49): Magento\Framework\Event\Manager\Proxy->dispatch()
#16 /var/www/html/vendor/magento/framework/EntityManager/Operation/Create.php(123): Magento\Framework\EntityManager\EventManager->dispatchEntityEvent()
#17 /var/www/html/vendor/magento/framework/EntityManager/EntityManager.php(106): Magento\Framework\EntityManager\Operation\Create->execute()
#18 /var/www/html/vendor/magento/module-cms/Model/ResourceModel/Block.php(247): Magento\Framework\EntityManager\EntityManager->save()
#19 /var/www/html/vendor/magento/framework/Model/AbstractModel.php(682): Magento\Cms\Model\ResourceModel\Block->save()
#20 /var/www/html/vendor/magento/module-cms-sample-data/Model/Block.php(98): Magento\Framework\Model\AbstractModel->save()
#21 /var/www/html/vendor/magento/module-cms-sample-data/Model/Block.php(77): Magento\CmsSampleData\Model\Block->saveCmsBlock()
#22 /var/www/html/vendor/magento/module-cms-sample-data/Setup/Installer.php(60): Magento\CmsSampleData\Model\Block->install()
#23 [internal function]: Magento\CmsSampleData\Setup\Installer->install()
#24 /var/www/html/vendor/magento/framework/App/State.php(183): call_user_func_array()
#25 /var/www/html/generated/code/Magento/Framework/App/State/Interceptor.php(68): Magento\Framework\App\State->emulateAreaCode()
#26 /var/www/html/vendor/magento/framework/Setup/SampleData/Executor.php(54): Magento\Framework\App\State\Interceptor->emulateAreaCode()
#27 /var/www/html/vendor/magento/module-cms-sample-data/Setup/Patch/Data/InstallCmsSampleData.php(47): Magento\Framework\Setup\SampleData\Executor->exec()
#28 /var/www/html/vendor/magento/framework/Setup/Patch/PatchApplier.php(301): Magento\CmsSampleData\Setup\Patch\Data\InstallCmsSampleData->apply()
#29 /var/www/html/vendor/magento/framework/Setup/Patch/PatchApplier.php(165): Magento\Framework\Setup\Patch\PatchApplier->applyPatch()
#30 /var/www/html/setup/src/Magento/Setup/Model/Installer.php(1148): Magento\Framework\Setup\Patch\PatchApplier->applyDataPatch()
#31 /var/www/html/setup/src/Magento/Setup/Model/Installer.php(1020): Magento\Setup\Model\Installer->handleDBSchemaData()
#32 /var/www/html/setup/src/Magento/Setup/Console/Command/UpgradeCommand.php(167): Magento\Setup\Model\Installer->installDataFixtures()
#33 /var/www/html/vendor/symfony/console/Command/Command.php(341): Magento\Setup\Console\Command\UpgradeCommand->execute()
#34 /var/www/html/vendor/symfony/console/Application.php(1094): Symfony\Component\Console\Command\Command->run()
#35 /var/www/html/vendor/symfony/console/Application.php(356): Symfony\Component\Console\Application->doRunCommand()
#36 /var/www/html/vendor/magento/framework/Console/Cli.php(137): Symfony\Component\Console\Application->doRun()
#37 /var/www/html/vendor/symfony/console/Application.php(195): Magento\Framework\Console\Cli->doRun()
#38 /var/www/html/bin/magento(23): Symfony\Component\Console\Application->run()
#39 {main}

Next Magento\Framework\Exception\IntegrationException: An error occurred during get media asset list: There is no such media asset with path "wysiwyg/mens/mens-pants.jpg" in /var/www/html/vendor/magento/module-media-gallery/Model/Asset/Command/GetByPath.php:103
Stack trace:
#0 /var/www/html/vendor/magento/module-media-content/Model/ExtractAssetsFromContent.php(88): Magento\MediaGallery\Model\Asset\Command\GetByPath->execute()
#1 /var/www/html/vendor/magento/module-media-content/Model/ExtractAssetsFromContent.php(70): Magento\MediaContent\Model\ExtractAssetsFromContent->getAssetsByPaths()
#2 /var/www/html/vendor/magento/module-media-content/Model/UpdateContentAssetLinks.php(109): Magento\MediaContent\Model\ExtractAssetsFromContent->execute()
#3 /var/www/html/vendor/magento/module-media-content/Model/UpdateContentAssetLinks.php(91): Magento\MediaContent\Model\UpdateContentAssetLinks->updateRelation()
#4 /var/www/html/vendor/magento/module-media-content-cms/Observer/Block.php(82): Magento\MediaContent\Model\UpdateContentAssetLinks->execute()
#5 /var/www/html/vendor/magento/framework/Event/Invoker/InvokerDefault.php(88): Magento\MediaContentCms\Observer\Block->execute()
#6 /var/www/html/vendor/magento/framework/Event/Invoker/InvokerDefault.php(74): Magento\Framework\Event\Invoker\InvokerDefault->_callObserverMethod()
#7 /var/www/html/vendor/magento/framework/Event/Manager.php(65): Magento\Framework\Event\Invoker\InvokerDefault->dispatch()
#8 /var/www/html/generated/code/Magento/Framework/Event/Manager/Proxy.php(105): Magento\Framework\Event\Manager->dispatch()
#9 /var/www/html/vendor/magento/framework/Model/AbstractModel.php(866): Magento\Framework\Event\Manager\Proxy->dispatch()
#10 /var/www/html/vendor/magento/framework/EntityManager/Observer/AfterEntitySave.php(34): Magento\Framework\Model\AbstractModel->afterSave()
#11 /var/www/html/vendor/magento/framework/Event/Invoker/InvokerDefault.php(88): Magento\Framework\EntityManager\Observer\AfterEntitySave->execute()
#12 /var/www/html/vendor/magento/framework/Event/Invoker/InvokerDefault.php(74): Magento\Framework\Event\Invoker\InvokerDefault->_callObserverMethod()
#13 /var/www/html/vendor/magento/framework/Event/Manager.php(65): Magento\Framework\Event\Invoker\InvokerDefault->dispatch()
#14 /var/www/html/generated/code/Magento/Framework/Event/Manager/Proxy.php(105): Magento\Framework\Event\Manager->dispatch()
#15 /var/www/html/vendor/magento/framework/EntityManager/EventManager.php(49): Magento\Framework\Event\Manager\Proxy->dispatch()
#16 /var/www/html/vendor/magento/framework/EntityManager/Operation/Create.php(123): Magento\Framework\EntityManager\EventManager->dispatchEntityEvent()
#17 /var/www/html/vendor/magento/framework/EntityManager/EntityManager.php(106): Magento\Framework\EntityManager\Operation\Create->execute()
#18 /var/www/html/vendor/magento/module-cms/Model/ResourceModel/Block.php(247): Magento\Framework\EntityManager\EntityManager->save()
#19 /var/www/html/vendor/magento/framework/Model/AbstractModel.php(682): Magento\Cms\Model\ResourceModel\Block->save()
#20 /var/www/html/vendor/magento/module-cms-sample-data/Model/Block.php(98): Magento\Framework\Model\AbstractModel->save()
#21 /var/www/html/vendor/magento/module-cms-sample-data/Model/Block.php(77): Magento\CmsSampleData\Model\Block->saveCmsBlock()
#22 /var/www/html/vendor/magento/module-cms-sample-data/Setup/Installer.php(60): Magento\CmsSampleData\Model\Block->install()
#23 [internal function]: Magento\CmsSampleData\Setup\Installer->install()
#24 /var/www/html/vendor/magento/framework/App/State.php(183): call_user_func_array()
#25 /var/www/html/generated/code/Magento/Framework/App/State/Interceptor.php(68): Magento\Framework\App\State->emulateAreaCode()
#26 /var/www/html/vendor/magento/framework/Setup/SampleData/Executor.php(54): Magento\Framework\App\State\Interceptor->emulateAreaCode()
#27 /var/www/html/vendor/magento/module-cms-sample-data/Setup/Patch/Data/InstallCmsSampleData.php(47): Magento\Framework\Setup\SampleData\Executor->exec()
#28 /var/www/html/vendor/magento/framework/Setup/Patch/PatchApplier.php(301): Magento\CmsSampleData\Setup\Patch\Data\InstallCmsSampleData->apply()
#29 /var/www/html/vendor/magento/framework/Setup/Patch/PatchApplier.php(165): Magento\Framework\Setup\Patch\PatchApplier->applyPatch()
#30 /var/www/html/setup/src/Magento/Setup/Model/Installer.php(1148): Magento\Framework\Setup\Patch\PatchApplier->applyDataPatch()
#31 /var/www/html/setup/src/Magento/Setup/Model/Installer.php(1020): Magento\Setup\Model\Installer->handleDBSchemaData()
#32 /var/www/html/setup/src/Magento/Setup/Console/Command/UpgradeCommand.php(167): Magento\Setup\Model\Installer->installDataFixtures()
#33 /var/www/html/vendor/symfony/console/Command/Command.php(341): Magento\Setup\Console\Command\UpgradeCommand->execute()
#34 /var/www/html/vendor/symfony/console/Application.php(1094): Symfony\Component\Console\Command\Command->run()
#35 /var/www/html/vendor/symfony/console/Application.php(356): Symfony\Component\Console\Application->doRunCommand()
#36 /var/www/html/vendor/magento/framework/Console/Cli.php(137): Symfony\Component\Console\Application->doRun()
#37 /var/www/html/vendor/symfony/console/Application.php(195): Magento\Framework\Console\Cli->doRun()
#38 /var/www/html/bin/magento(23): Symfony\Component\Console\Application->run()
#39 {main} {"exception":"[object] (Magento\\Framework\\Exception\\IntegrationException(code: 0): An error occurred during get media asset list: There is no such media asset with path \"wysiwyg/mens/mens-pants.jpg\" at /var/www/html/vendor/magento/module-media-gallery/Model/Asset/Command/GetByPath.php:103)
[previous exception] [object] (Magento\\Framework\\Exception\\NoSuchEntityException(code: 0): There is no such media asset with path \"wysiwyg/mens/mens-pants.jpg\" at /var/www/html/vendor/magento/module-media-gallery/Model/Asset/Command/GetByPath.php:81)"} []
[2026-07-30T04:14:00.306793+00:00] main.CRITICAL: Magento\Framework\Exception\NoSuchEntityException: There is no such media asset with path "wysiwyg/mens/mens-category-shorts.jpg" in /var/www/html/vendor/magento/module-media-gallery/Model/Asset/Command/GetByPath.php:81
Stack trace:
#0 /var/www/html/vendor/magento/module-media-content/Model/ExtractAssetsFromContent.php(88): Magento\MediaGallery\Model\Asset\Command\GetByPath->execute()
#1 /var/www/html/vendor/magento/module-media-content/Model/ExtractAssetsFromContent.php(70): Magento\MediaContent\Model\ExtractAssetsFromContent->getAssetsByPaths()
#2 /var/www/html/vendor/magento/module-media-content/Model/UpdateContentAssetLinks.php(109): Magento\MediaContent\Model\ExtractAssetsFromContent->execute()
#3 /var/www/html/vendor/magento/module-media-content/Model/UpdateContentAssetLinks.php(91): Magento\MediaContent\Model\UpdateContentAssetLinks->updateRelation()
#4 /var/www/html/vendor/magento/module-media-content-cms/Observer/Block.php(82): Magento\MediaContent\Model\UpdateContentAssetLinks->execute()
#5 /var/www/html/vendor/magento/framework/Event/Invoker/InvokerDefault.php(88): Magento\MediaContentCms\Observer\Block->execute()
#6 /var/www/html/vendor/magento/framework/Event/Invoker/InvokerDefault.php(74): Magento\Framework\Event\Invoker\InvokerDefault->_callObserverMethod()
#7 /var/www/html/vendor/magento/framework/Event/Manager.php(65): Magento\Framework\Event\Invoker\InvokerDefault->dispatch()
#8 /var/www/html/generated/code/Magento/Framework/Event/Manager/Proxy.php(105): Magento\Framework\Event\Manager->dispatch()
#9 /var/www/html/vendor/magento/framework/Model/AbstractModel.php(866): Magento\Framework\Event\Manager\Proxy->dispatch()
#10 /var/www/html/vendor/magento/framework/EntityManager/Observer/AfterEntitySave.php(34): Magento\Framework\Model\AbstractModel->afterSave()
#11 /var/www/html/vendor/magento/framework/Event/Invoker/InvokerDefault.php(88): Magento\Framework\EntityManager\Observer\AfterEntitySave->execute()
#12 /var/www/html/vendor/magento/framework/Event/Invoker/InvokerDefault.php(74): Magento\Framework\Event\Invoker\InvokerDefault->_callObserverMethod()
#13 /var/www/html/vendor/magento/framework/Event/Manager.php(65): Magento\Framework\Event\Invoker\InvokerDefault->dispatch()
#14 /var/www/html/generated/code/Magento/Framework/Event/Manager/Proxy.php(105): Magento\Framework\Event\Manager->dispatch()
#15 /var/www/html/vendor/magento/framework/EntityManager/EventManager.php(49): Magento\Framework\Event\Manager\Proxy->dispatch()
#16 /var/www/html/vendor/magento/framework/EntityManager/Operation/Create.php(123): Magento\Framework\EntityManager\EventManager->dispatchEntityEvent()
#17 /var/www/html/vendor/magento/framework/EntityManager/EntityManager.php(106): Magento\Framework\EntityManager\Operation\Create->execute()
#18 /var/www/html/vendor/magento/module-cms/Model/ResourceModel/Block.php(247): Magento\Framework\EntityManager\EntityManager->save()
#19 /var/www/html/vendor/magento/framework/Model/AbstractModel.php(682): Magento\Cms\Model\ResourceModel\Block->save()
#20 /var/www/html/vendor/magento/module-cms-sample-data/Model/Block.php(98): Magento\Framework\Model\AbstractModel->save()
#21 /var/www/html/vendor/magento/module-cms-sample-data/Model/Block.php(77): Magento\CmsSampleData\Model\Block->saveCmsBlock()
#22 /var/www/html/vendor/magento/module-cms-sample-data/Setup/Installer.php(60): Magento\CmsSampleData\Model\Block->install()
#23 [internal function]: Magento\CmsSampleData\Setup\Installer->install()
#24 /var/www/html/vendor/magento/framework/App/State.php(183): call_user_func_array()
#25 /var/www/html/generated/code/Magento/Framework/App/State/Interceptor.php(68): Magento\Framework\App\State->emulateAreaCode()
#26 /var/www/html/vendor/magento/framework/Setup/SampleData/Executor.php(54): Magento\Framework\App\State\Interceptor->emulateAreaCode()
#27 /var/www/html/vendor/magento/module-cms-sample-data/Setup/Patch/Data/InstallCmsSampleData.php(47): Magento\Framework\Setup\SampleData\Executor->exec()
#28 /var/www/html/vendor/magento/framework/Setup/Patch/PatchApplier.php(301): Magento\CmsSampleData\Setup\Patch\Data\InstallCmsSampleData->apply()
#29 /var/www/html/vendor/magento/framework/Setup/Patch/PatchApplier.php(165): Magento\Framework\Setup\Patch\PatchApplier->applyPatch()
#30 /var/www/html/setup/src/Magento/Setup/Model/Installer.php(1148): Magento\Framework\Setup\Patch\PatchApplier->applyDataPatch()
#31 /var/www/html/setup/src/Magento/Setup/Model/Installer.php(1020): Magento\Setup\Model\Installer->handleDBSchemaData()
#32 /var/www/html/setup/src/Magento/Setup/Console/Command/UpgradeCommand.php(167): Magento\Setup\Model\Installer->installDataFixtures()
#33 /var/www/html/vendor/symfony/console/Command/Command.php(341): Magento\Setup\Console\Command\UpgradeCommand->execute()
#34 /var/www/html/vendor/symfony/console/Application.php(1094): Symfony\Component\Console\Command\Command->run()
#35 /var/www/html/vendor/symfony/console/Application.php(356): Symfony\Component\Console\Application->doRunCommand()
#36 /var/www/html/vendor/magento/framework/Console/Cli.php(137): Symfony\Component\Console\Application->doRun()
#37 /var/www/html/vendor/symfony/console/Application.php(195): Magento\Framework\Console\Cli->doRun()
#38 /var/www/html/bin/magento(23): Symfony\Component\Console\Application->run()
#39 {main} {"exception":"[object] (Magento\\Framework\\Exception\\NoSuchEntityException(code: 0): There is no such media asset with path \"wysiwyg/mens/mens-category-shorts.jpg\" at /var/www/html/vendor/magento/module-media-gallery/Model/Asset/Command/GetByPath.php:81)"} []
[2026-07-30T04:14:00.306904+00:00] main.CRITICAL: Magento\Framework\Exception\NoSuchEntityException: There is no such media asset with path "wysiwyg/mens/mens-category-shorts.jpg" in /var/www/html/vendor/magento/module-media-gallery/Model/Asset/Command/GetByPath.php:81
Stack trace:
#0 /var/www/html/vendor/magento/module-media-content/Model/ExtractAssetsFromContent.php(88): Magento\MediaGallery\Model\Asset\Command\GetByPath->execute()
#1 /var/www/html/vendor/magento/module-media-content/Model/ExtractAssetsFromContent.php(70): Magento\MediaContent\Model\ExtractAssetsFromContent->getAssetsByPaths()
#2 /var/www/html/vendor/magento/module-media-content/Model/UpdateContentAssetLinks.php(109): Magento\MediaContent\Model\ExtractAssetsFromContent->execute()
#3 /var/www/html/vendor/magento/module-media-content/Model/UpdateContentAssetLinks.php(91): Magento\MediaContent\Model\UpdateContentAssetLinks->updateRelation()
#4 /var/www/html/vendor/magento/module-media-content-cms/Observer/Block.php(82): Magento\MediaContent\Model\UpdateContentAssetLinks->execute()
#5 /var/www/html/vendor/magento/framework/Event/Invoker/InvokerDefault.php(88): Magento\MediaContentCms\Observer\Block->execute()
#6 /var/www/html/vendor/magento/framework/Event/Invoker/InvokerDefault.php(74): Magento\Framework\Event\Invoker\InvokerDefault->_callObserverMethod()
#7 /var/www/html/vendor/magento/framework/Event/Manager.php(65): Magento\Framework\Event\Invoker\InvokerDefault->dispatch()
#8 /var/www/html/generated/code/Magento/Framework/Event/Manager/Proxy.php(105): Magento\Framework\Event\Manager->dispatch()
#9 /var/www/html/vendor/magento/framework/Model/AbstractModel.php(866): Magento\Framework\Event\Manager\Proxy->dispatch()
#10 /var/www/html/vendor/magento/framework/EntityManager/Observer/AfterEntitySave.php(34): Magento\Framework\Model\AbstractModel->afterSave()
#11 /var/www/html/vendor/magento/framework/Event/Invoker/InvokerDefault.php(88): Magento\Framework\EntityManager\Observer\AfterEntitySave->execute()
#12 /var/www/html/vendor/magento/framework/Event/Invoker/InvokerDefault.php(74): Magento\Framework\Event\Invoker\InvokerDefault->_callObserverMethod()
#13 /var/www/html/vendor/magento/framework/Event/Manager.php(65): Magento\Framework\Event\Invoker\InvokerDefault->dispatch()
#14 /var/www/html/generated/code/Magento/Framework/Event/Manager/Proxy.php(105): Magento\Framework\Event\Manager->dispatch()
#15 /var/www/html/vendor/magento/framework/EntityManager/EventManager.php(49): Magento\Framework\Event\Manager\Proxy->dispatch()
#16 /var/www/html/vendor/magento/framework/EntityManager/Operation/Create.php(123): Magento\Framework\EntityManager\EventManager->dispatchEntityEvent()
#17 /var/www/html/vendor/magento/framework/EntityManager/EntityManager.php(106): Magento\Framework\EntityManager\Operation\Create->execute()
#18 /var/www/html/vendor/magento/module-cms/Model/ResourceModel/Block.php(247): Magento\Framework\EntityManager\EntityManager->save()
#19 /var/www/html/vendor/magento/framework/Model/AbstractModel.php(682): Magento\Cms\Model\ResourceModel\Block->save()
#20 /var/www/html/vendor/magento/module-cms-sample-data/Model/Block.php(98): Magento\Framework\Model\AbstractModel->save()
#21 /var/www/html/vendor/magento/module-cms-sample-data/Model/Block.php(77): Magento\CmsSampleData\Model\Block->saveCmsBlock()
#22 /var/www/html/vendor/magento/module-cms-sample-data/Setup/Installer.php(60): Magento\CmsSampleData\Model\Block->install()
#23 [internal function]: Magento\CmsSampleData\Setup\Installer->install()
#24 /var/www/html/vendor/magento/framework/App/State.php(183): call_user_func_array()
#25 /var/www/html/generated/code/Magento/Framework/App/State/Interceptor.php(68): Magento\Framework\App\State->emulateAreaCode()
#26 /var/www/html/vendor/magento/framework/Setup/SampleData/Executor.php(54): Magento\Framework\App\State\Interceptor->emulateAreaCode()
#27 /var/www/html/vendor/magento/module-cms-sample-data/Setup/Patch/Data/InstallCmsSampleData.php(47): Magento\Framework\Setup\SampleData\Executor->exec()
#28 /var/www/html/vendor/magento/framework/Setup/Patch/PatchApplier.php(301): Magento\CmsSampleData\Setup\Patch\Data\InstallCmsSampleData->apply()
#29 /var/www/html/vendor/magento/framework/Setup/Patch/PatchApplier.php(165): Magento\Framework\Setup\Patch\PatchApplier->applyPatch()
#30 /var/www/html/setup/src/Magento/Setup/Model/Installer.php(1148): Magento\Framework\Setup\Patch\PatchApplier->applyDataPatch()
#31 /var/www/html/setup/src/Magento/Setup/Model/Installer.php(1020): Magento\Setup\Model\Installer->handleDBSchemaData()
#32 /var/www/html/setup/src/Magento/Setup/Console/Command/UpgradeCommand.php(167): Magento\Setup\Model\Installer->installDataFixtures()
#33 /var/www/html/vendor/symfony/console/Command/Command.php(341): Magento\Setup\Console\Command\UpgradeCommand->execute()
#34 /var/www/html/vendor/symfony/console/Application.php(1094): Symfony\Component\Console\Command\Command->run()
#35 /var/www/html/vendor/symfony/console/Application.php(356): Symfony\Component\Console\Application->doRunCommand()
#36 /var/www/html/vendor/magento/framework/Console/Cli.php(137): Symfony\Component\Console\Application->doRun()
#37 /var/www/html/vendor/symfony/console/Application.php(195): Magento\Framework\Console\Cli->doRun()
#38 /var/www/html/bin/magento(23): Symfony\Component\Console\Application->run()
#39 {main}

Next Magento\Framework\Exception\IntegrationException: An error occurred during get media asset list: There is no such media asset with path "wysiwyg/mens/mens-category-shorts.jpg" in /var/www/html/vendor/magento/module-media-gallery/Model/Asset/Command/GetByPath.php:103
Stack trace:
#0 /var/www/html/vendor/magento/module-media-content/Model/ExtractAssetsFromContent.php(88): Magento\MediaGallery\Model\Asset\Command\GetByPath->execute()
#1 /var/www/html/vendor/magento/module-media-content/Model/ExtractAssetsFromContent.php(70): Magento\MediaContent\Model\ExtractAssetsFromContent->getAssetsByPaths()
#2 /var/www/html/vendor/magento/module-media-content/Model/UpdateContentAssetLinks.php(109): Magento\MediaContent\Model\ExtractAssetsFromContent->execute()
#3 /var/www/html/vendor/magento/module-media-content/Model/UpdateContentAssetLinks.php(91): Magento\MediaContent\Model\UpdateContentAssetLinks->updateRelation()
#4 /var/www/html/vendor/magento/module-media-content-cms/Observer/Block.php(82): Magento\MediaContent\Model\UpdateContentAssetLinks->execute()
#5 /var/www/html/vendor/magento/framework/Event/Invoker/InvokerDefault.php(88): Magento\MediaContentCms\Observer\Block->execute()
#6 /var/www/html/vendor/magento/framework/Event/Invoker/InvokerDefault.php(74): Magento\Framework\Event\Invoker\InvokerDefault->_callObserverMethod()
#7 /var/www/html/vendor/magento/framework/Event/Manager.php(65): Magento\Framework\Event\Invoker\InvokerDefault->dispatch()
#8 /var/www/html/generated/code/Magento/Framework/Event/Manager/Proxy.php(105): Magento\Framework\Event\Manager->dispatch()
#9 /var/www/html/vendor/magento/framework/Model/AbstractModel.php(866): Magento\Framework\Event\Manager\Proxy->dispatch()
#10 /var/www/html/vendor/magento/framework/EntityManager/Observer/AfterEntitySave.php(34): Magento\Framework\Model\AbstractModel->afterSave()
#11 /var/www/html/vendor/magento/framework/Event/Invoker/InvokerDefault.php(88): Magento\Framework\EntityManager\Observer\AfterEntitySave->execute()
#12 /var/www/html/vendor/magento/framework/Event/Invoker/InvokerDefault.php(74): Magento\Framework\Event\Invoker\InvokerDefault->_callObserverMethod()
#13 /var/www/html/vendor/magento/framework/Event/Manager.php(65): Magento\Framework\Event\Invoker\InvokerDefault->dispatch()
#14 /var/www/html/generated/code/Magento/Framework/Event/Manager/Proxy.php(105): Magento\Framework\Event\Manager->dispatch()
#15 /var/www/html/vendor/magento/framework/EntityManager/EventManager.php(49): Magento\Framework\Event\Manager\Proxy->dispatch()
#16 /var/www/html/vendor/magento/framework/EntityManager/Operation/Create.php(123): Magento\Framework\EntityManager\EventManager->dispatchEntityEvent()
#17 /var/www/html/vendor/magento/framework/EntityManager/EntityManager.php(106): Magento\Framework\EntityManager\Operation\Create->execute()
#18 /var/www/html/vendor/magento/module-cms/Model/ResourceModel/Block.php(247): Magento\Framework\EntityManager\EntityManager->save()
#19 /var/www/html/vendor/magento/framework/Model/AbstractModel.php(682): Magento\Cms\Model\ResourceModel\Block->save()
#20 /var/www/html/vendor/magento/module-cms-sample-data/Model/Block.php(98): Magento\Framework\Model\AbstractModel->save()
#21 /var/www/html/vendor/magento/module-cms-sample-data/Model/Block.php(77): Magento\CmsSampleData\Model\Block->saveCmsBlock()
#22 /var/www/html/vendor/magento/module-cms-sample-data/Setup/Installer.php(60): Magento\CmsSampleData\Model\Block->install()
#23 [internal function]: Magento\CmsSampleData\Setup\Installer->install()
#24 /var/www/html/vendor/magento/framework/App/State.php(183): call_user_func_array()
#25 /var/www/html/generated/code/Magento/Framework/App/State/Interceptor.php(68): Magento\Framework\App\State->emulateAreaCode()
#26 /var/www/html/vendor/magento/framework/Setup/SampleData/Executor.php(54): Magento\Framework\App\State\Interceptor->emulateAreaCode()
#27 /var/www/html/vendor/magento/module-cms-sample-data/Setup/Patch/Data/InstallCmsSampleData.php(47): Magento\Framework\Setup\SampleData\Executor->exec()
#28 /var/www/html/vendor/magento/framework/Setup/Patch/PatchApplier.php(301): Magento\CmsSampleData\Setup\Patch\Data\InstallCmsSampleData->apply()
#29 /var/www/html/vendor/magento/framework/Setup/Patch/PatchApplier.php(165): Magento\Framework\Setup\Patch\PatchApplier->applyPatch()
#30 /var/www/html/setup/src/Magento/Setup/Model/Installer.php(1148): Magento\Framework\Setup\Patch\PatchApplier->applyDataPatch()
#31 /var/www/html/setup/src/Magento/Setup/Model/Installer.php(1020): Magento\Setup\Model\Installer->handleDBSchemaData()
#32 /var/www/html/setup/src/Magento/Setup/Console/Command/UpgradeCommand.php(167): Magento\Setup\Model\Installer->installDataFixtures()
#33 /var/www/html/vendor/symfony/console/Command/Command.php(341): Magento\Setup\Console\Command\UpgradeCommand->execute()
#34 /var/www/html/vendor/symfony/console/Application.php(1094): Symfony\Component\Console\Command\Command->run()
#35 /var/www/html/vendor/symfony/console/Application.php(356): Symfony\Component\Console\Application->doRunCommand()
#36 /var/www/html/vendor/magento/framework/Console/Cli.php(137): Symfony\Component\Console\Application->doRun()
#37 /var/www/html/vendor/symfony/console/Application.php(195): Magento\Framework\Console\Cli->doRun()
#38 /var/www/html/bin/magento(23): Symfony\Component\Console\Application->run()
#39 {main} {"exception":"[object] (Magento\\Framework\\Exception\\IntegrationException(code: 0): An error occurred during get media asset list: There is no such media asset with path \"wysiwyg/mens/mens-category-shorts.jpg\" at /var/www/html/vendor/magento/module-media-gallery/Model/Asset/Command/GetByPath.php:103)
[previous exception] [object] (Magento\\Framework\\Exception\\NoSuchEntityException(code: 0): There is no such media asset with path \"wysiwyg/mens/mens-category-shorts.jpg\" at /var/www/html/vendor/magento/module-media-gallery/Model/Asset/Command/GetByPath.php:81)"} []
[2026-07-30T04:14:00.307142+00:00] main.CRITICAL: Magento\Framework\Exception\NoSuchEntityException: There is no such media asset with path "wysiwyg/mens/mens-category-tees.jpg" in /var/www/html/vendor/magento/module-media-gallery/Model/Asset/Command/GetByPath.php:81
Stack trace:
#0 /var/www/html/vendor/magento/module-media-content/Model/ExtractAssetsFromContent.php(88): Magento\MediaGallery\Model\Asset\Command\GetByPath->execute()
#1 /var/www/html/vendor/magento/module-media-content/Model/ExtractAssetsFromContent.php(70): Magento\MediaContent\Model\ExtractAssetsFromContent->getAssetsByPaths()
#2 /var/www/html/vendor/magento/module-media-content/Model/UpdateContentAssetLinks.php(109): Magento\MediaContent\Model\ExtractAssetsFromContent->execute()
#3 /var/www/html/vendor/magento/module-media-content/Model/UpdateContentAssetLinks.php(91): Magento\MediaContent\Model\UpdateContentAssetLinks->updateRelation()
#4 /var/www/html/vendor/magento/module-media-content-cms/Observer/Block.php(82): Magento\MediaContent\Model\UpdateContentAssetLinks->execute()
#5 /var/www/html/vendor/magento/framework/Event/Invoker/InvokerDefault.php(88): Magento\MediaContentCms\Observer\Block->execute()
#6 /var/www/html/vendor/magento/framework/Event/Invoker/InvokerDefault.php(74): Magento\Framework\Event\Invoker\InvokerDefault->_callObserverMethod()
#7 /var/www/html/vendor/magento/framework/Event/Manager.php(65): Magento\Framework\Event\Invoker\InvokerDefault->dispatch()
#8 /var/www/html/generated/code/Magento/Framework/Event/Manager/Proxy.php(105): Magento\Framework\Event\Manager->dispatch()
#9 /var/www/html/vendor/magento/framework/Model/AbstractModel.php(866): Magento\Framework\Event\Manager\Proxy->dispatch()
#10 /var/www/html/vendor/magento/framework/EntityManager/Observer/AfterEntitySave.php(34): Magento\Framework\Model\AbstractModel->afterSave()
#11 /var/www/html/vendor/magento/framework/Event/Invoker/InvokerDefault.php(88): Magento\Framework\EntityManager\Observer\AfterEntitySave->execute()
#12 /var/www/html/vendor/magento/framework/Event/Invoker/InvokerDefault.php(74): Magento\Framework\Event\Invoker\InvokerDefault->_callObserverMethod()
#13 /var/www/html/vendor/magento/framework/Event/Manager.php(65): Magento\Framework\Event\Invoker\InvokerDefault->dispatch()
#14 /var/www/html/generated/code/Magento/Framework/Event/Manager/Proxy.php(105): Magento\Framework\Event\Manager->dispatch()
#15 /var/www/html/vendor/magento/framework/EntityManager/EventManager.php(49): Magento\Framework\Event\Manager\Proxy->dispatch()
#16 /var/www/html/vendor/magento/framework/EntityManager/Operation/Create.php(123): Magento\Framework\EntityManager\EventManager->dispatchEntityEvent()
#17 /var/www/html/vendor/magento/framework/EntityManager/EntityManager.php(106): Magento\Framework\EntityManager\Operation\Create->execute()
#18 /var/www/html/vendor/magento/module-cms/Model/ResourceModel/Block.php(247): Magento\Framework\EntityManager\EntityManager->save()
#19 /var/www/html/vendor/magento/framework/Model/AbstractModel.php(682): Magento\Cms\Model\ResourceModel\Block->save()
#20 /var/www/html/vendor/magento/module-cms-sample-data/Model/Block.php(98): Magento\Framework\Model\AbstractModel->save()
#21 /var/www/html/vendor/magento/module-cms-sample-data/Model/Block.php(77): Magento\CmsSampleData\Model\Block->saveCmsBlock()
#22 /var/www/html/vendor/magento/module-cms-sample-data/Setup/Installer.php(60): Magento\CmsSampleData\Model\Block->install()
#23 [internal function]: Magento\CmsSampleData\Setup\Installer->install()
#24 /var/www/html/vendor/magento/framework/App/State.php(183): call_user_func_array()
#25 /var/www/html/generated/code/Magento/Framework/App/State/Interceptor.php(68): Magento\Framework\App\State->emulateAreaCode()
#26 /var/www/html/vendor/magento/framework/Setup/SampleData/Executor.php(54): Magento\Framework\App\State\Interceptor->emulateAreaCode()
#27 /var/www/html/vendor/magento/module-cms-sample-data/Setup/Patch/Data/InstallCmsSampleData.php(47): Magento\Framework\Setup\SampleData\Executor->exec()
#28 /var/www/html/vendor/magento/framework/Setup/Patch/PatchApplier.php(301): Magento\CmsSampleData\Setup\Patch\Data\InstallCmsSampleData->apply()
#29 /var/www/html/vendor/magento/framework/Setup/Patch/PatchApplier.php(165): Magento\Framework\Setup\Patch\PatchApplier->applyPatch()
#30 /var/www/html/setup/src/Magento/Setup/Model/Installer.php(1148): Magento\Framework\Setup\Patch\PatchApplier->applyDataPatch()
#31 /var/www/html/setup/src/Magento/Setup/Model/Installer.php(1020): Magento\Setup\Model\Installer->handleDBSchemaData()
#32 /var/www/html/setup/src/Magento/Setup/Console/Command/UpgradeCommand.php(167): Magento\Setup\Model\Installer->installDataFixtures()
#33 /var/www/html/vendor/symfony/console/Command/Command.php(341): Magento\Setup\Console\Command\UpgradeCommand->execute()
#34 /var/www/html/vendor/symfony/console/Application.php(1094): Symfony\Component\Console\Command\Command->run()
#35 /var/www/html/vendor/symfony/console/Application.php(356): Symfony\Component\Console\Application->doRunCommand()
#36 /var/www/html/vendor/magento/framework/Console/Cli.php(137): Symfony\Component\Console\Application->doRun()
#37 /var/www/html/vendor/symfony/console/Application.php(195): Magento\Framework\Console\Cli->doRun()
#38 /var/www/html/bin/magento(23): Symfony\Component\Console\Application->run()
#39 {main} {"exception":"[object] (Magento\\Framework\\Exception\\NoSuchEntityException(code: 0): There is no such media asset with path \"wysiwyg/mens/mens-category-tees.jpg\" at /var/www/html/vendor/magento/module-media-gallery/Model/Asset/Command/GetByPath.php:81)"} []
[2026-07-30T04:14:00.307268+00:00] main.CRITICAL: Magento\Framework\Exception\NoSuchEntityException: There is no such media asset with path "wysiwyg/mens/mens-category-tees.jpg" in /var/www/html/vendor/magento/module-media-gallery/Model/Asset/Command/GetByPath.php:81
Stack trace:
#0 /var/www/html/vendor/magento/module-media-content/Model/ExtractAssetsFromContent.php(88): Magento\MediaGallery\Model\Asset\Command\GetByPath->execute()
#1 /var/www/html/vendor/magento/module-media-content/Model/ExtractAssetsFromContent.php(70): Magento\MediaContent\Model\ExtractAssetsFromContent->getAssetsByPaths()
#2 /var/www/html/vendor/magento/module-media-content/Model/UpdateContentAssetLinks.php(109): Magento\MediaContent\Model\ExtractAssetsFromContent->execute()
#3 /var/www/html/vendor/magento/module-media-content/Model/UpdateContentAssetLinks.php(91): Magento\MediaContent\Model\UpdateContentAssetLinks->updateRelation()
#4 /var/www/html/vendor/magento/module-media-content-cms/Observer/Block.php(82): Magento\MediaContent\Model\UpdateContentAssetLinks->execute()
#5 /var/www/html/vendor/magento/framework/Event/Invoker/InvokerDefault.php(88): Magento\MediaContentCms\Observer\Block->execute()
#6 /var/www/html/vendor/magento/framework/Event/Invoker/InvokerDefault.php(74): Magento\Framework\Event\Invoker\InvokerDefault->_callObserverMethod()
#7 /var/www/html/vendor/magento/framework/Event/Manager.php(65): Magento\Framework\Event\Invoker\InvokerDefault->dispatch()
#8 /var/www/html/generated/code/Magento/Framework/Event/Manager/Proxy.php(105): Magento\Framework\Event\Manager->dispatch()
#9 /var/www/html/vendor/magento/framework/Model/AbstractModel.php(866): Magento\Framework\Event\Manager\Proxy->dispatch()
#10 /var/www/html/vendor/magento/framework/EntityManager/Observer/AfterEntitySave.php(34): Magento\Framework\Model\AbstractModel->afterSave()
#11 /var/www/html/vendor/magento/framework/Event/Invoker/InvokerDefault.php(88): Magento\Framework\EntityManager\Observer\AfterEntitySave->execute()
#12 /var/www/html/vendor/magento/framework/Event/Invoker/InvokerDefault.php(74): Magento\Framework\Event\Invoker\InvokerDefault->_callObserverMethod()
#13 /var/www/html/vendor/magento/framework/Event/Manager.php(65): Magento\Framework\Event\Invoker\InvokerDefault->dispatch()
#14 /var/www/html/generated/code/Magento/Framework/Event/Manager/Proxy.php(105): Magento\Framework\Event\Manager->dispatch()
#15 /var/www/html/vendor/magento/framework/EntityManager/EventManager.php(49): Magento\Framework\Event\Manager\Proxy->dispatch()
#16 /var/www/html/vendor/magento/framework/EntityManager/Operation/Create.php(123): Magento\Framework\EntityManager\EventManager->dispatchEntityEvent()
#17 /var/www/html/vendor/magento/framework/EntityManager/EntityManager.php(106): Magento\Framework\EntityManager\Operation\Create->execute()
#18 /var/www/html/vendor/magento/module-cms/Model/ResourceModel/Block.php(247): Magento\Framework\EntityManager\EntityManager->save()
#19 /var/www/html/vendor/magento/framework/Model/AbstractModel.php(682): Magento\Cms\Model\ResourceModel\Block->save()
#20 /var/www/html/vendor/magento/module-cms-sample-data/Model/Block.php(98): Magento\Framework\Model\AbstractModel->save()
#21 /var/www/html/vendor/magento/module-cms-sample-data/Model/Block.php(77): Magento\CmsSampleData\Model\Block->saveCmsBlock()
#22 /var/www/html/vendor/magento/module-cms-sample-data/Setup/Installer.php(60): Magento\CmsSampleData\Model\Block->install()
#23 [internal function]: Magento\CmsSampleData\Setup\Installer->install()
#24 /var/www/html/vendor/magento/framework/App/State.php(183): call_user_func_array()
#25 /var/www/html/generated/code/Magento/Framework/App/State/Interceptor.php(68): Magento\Framework\App\State->emulateAreaCode()
#26 /var/www/html/vendor/magento/framework/Setup/SampleData/Executor.php(54): Magento\Framework\App\State\Interceptor->emulateAreaCode()
#27 /var/www/html/vendor/magento/module-cms-sample-data/Setup/Patch/Data/InstallCmsSampleData.php(47): Magento\Framework\Setup\SampleData\Executor->exec()
#28 /var/www/html/vendor/magento/framework/Setup/Patch/PatchApplier.php(301): Magento\CmsSampleData\Setup\Patch\Data\InstallCmsSampleData->apply()
#29 /var/www/html/vendor/magento/framework/Setup/Patch/PatchApplier.php(165): Magento\Framework\Setup\Patch\PatchApplier->applyPatch()
#30 /var/www/html/setup/src/Magento/Setup/Model/Installer.php(1148): Magento\Framework\Setup\Patch\PatchApplier->applyDataPatch()
#31 /var/www/html/setup/src/Magento/Setup/Model/Installer.php(1020): Magento\Setup\Model\Installer->handleDBSchemaData()
#32 /var/www/html/setup/src/Magento/Setup/Console/Command/UpgradeCommand.php(167): Magento\Setup\Model\Installer->installDataFixtures()
#33 /var/www/html/vendor/symfony/console/Command/Command.php(341): Magento\Setup\Console\Command\UpgradeCommand->execute()
#34 /var/www/html/vendor/symfony/console/Application.php(1094): Symfony\Component\Console\Command\Command->run()
#35 /var/www/html/vendor/symfony/console/Application.php(356): Symfony\Component\Console\Application->doRunCommand()
#36 /var/www/html/vendor/magento/framework/Console/Cli.php(137): Symfony\Component\Console\Application->doRun()
#37 /var/www/html/vendor/symfony/console/Application.php(195): Magento\Framework\Console\Cli->doRun()
#38 /var/www/html/bin/magento(23): Symfony\Component\Console\Application->run()
#39 {main}

Next Magento\Framework\Exception\IntegrationException: An error occurred during get media asset list: There is no such media asset with path "wysiwyg/mens/mens-category-tees.jpg" in /var/www/html/vendor/magento/module-media-gallery/Model/Asset/Command/GetByPath.php:103
Stack trace:
#0 /var/www/html/vendor/magento/module-media-content/Model/ExtractAssetsFromContent.php(88): Magento\MediaGallery\Model\Asset\Command\GetByPath->execute()
#1 /var/www/html/vendor/magento/module-media-content/Model/ExtractAssetsFromContent.php(70): Magento\MediaContent\Model\ExtractAssetsFromContent->getAssetsByPaths()
#2 /var/www/html/vendor/magento/module-media-content/Model/UpdateContentAssetLinks.php(109): Magento\MediaContent\Model\ExtractAssetsFromContent->execute()
#3 /var/www/html/vendor/magento/module-media-content/Model/UpdateContentAssetLinks.php(91): Magento\MediaContent\Model\UpdateContentAssetLinks->updateRelation()
#4 /var/www/html/vendor/magento/module-media-content-cms/Observer/Block.php(82): Magento\MediaContent\Model\UpdateContentAssetLinks->execute()
#5 /var/www/html/vendor/magento/framework/Event/Invoker/InvokerDefault.php(88): Magento\MediaContentCms\Observer\Block->execute()
#6 /var/www/html/vendor/magento/framework/Event/Invoker/InvokerDefault.php(74): Magento\Framework\Event\Invoker\InvokerDefault->_callObserverMethod()
#7 /var/www/html/vendor/magento/framework/Event/Manager.php(65): Magento\Framework\Event\Invoker\InvokerDefault->dispatch()
#8 /var/www/html/generated/code/Magento/Framework/Event/Manager/Proxy.php(105): Magento\Framework\Event\Manager->dispatch()
#9 /var/www/html/vendor/magento/framework/Model/AbstractModel.php(866): Magento\Framework\Event\Manager\Proxy->dispatch()
#10 /var/www/html/vendor/magento/framework/EntityManager/Observer/AfterEntitySave.php(34): Magento\Framework\Model\AbstractModel->afterSave()
#11 /var/www/html/vendor/magento/framework/Event/Invoker/InvokerDefault.php(88): Magento\Framework\EntityManager\Observer\AfterEntitySave->execute()
#12 /var/www/html/vendor/magento/framework/Event/Invoker/InvokerDefault.php(74): Magento\Framework\Event\Invoker\InvokerDefault->_callObserverMethod()
#13 /var/www/html/vendor/magento/framework/Event/Manager.php(65): Magento\Framework\Event\Invoker\InvokerDefault->dispatch()
#14 /var/www/html/generated/code/Magento/Framework/Event/Manager/Proxy.php(105): Magento\Framework\Event\Manager->dispatch()
#15 /var/www/html/vendor/magento/framework/EntityManager/EventManager.php(49): Magento\Framework\Event\Manager\Proxy->dispatch()
#16 /var/www/html/vendor/magento/framework/EntityManager/Operation/Create.php(123): Magento\Framework\EntityManager\EventManager->dispatchEntityEvent()
#17 /var/www/html/vendor/magento/framework/EntityManager/EntityManager.php(106): Magento\Framework\EntityManager\Operation\Create->execute()
#18 /var/www/html/vendor/magento/module-cms/Model/ResourceModel/Block.php(247): Magento\Framework\EntityManager\EntityManager->save()
#19 /var/www/html/vendor/magento/framework/Model/AbstractModel.php(682): Magento\Cms\Model\ResourceModel\Block->save()
#20 /var/www/html/vendor/magento/module-cms-sample-data/Model/Block.php(98): Magento\Framework\Model\AbstractModel->save()
#21 /var/www/html/vendor/magento/module-cms-sample-data/Model/Block.php(77): Magento\CmsSampleData\Model\Block->saveCmsBlock()
#22 /var/www/html/vendor/magento/module-cms-sample-data/Setup/Installer.php(60): Magento\CmsSampleData\Model\Block->install()
#23 [internal function]: Magento\CmsSampleData\Setup\Installer->install()
#24 /var/www/html/vendor/magento/framework/App/State.php(183): call_user_func_array()
#25 /var/www/html/generated/code/Magento/Framework/App/State/Interceptor.php(68): Magento\Framework\App\State->emulateAreaCode()
#26 /var/www/html/vendor/magento/framework/Setup/SampleData/Executor.php(54): Magento\Framework\App\State\Interceptor->emulateAreaCode()
#27 /var/www/html/vendor/magento/module-cms-sample-data/Setup/Patch/Data/InstallCmsSampleData.php(47): Magento\Framework\Setup\SampleData\Executor->exec()
#28 /var/www/html/vendor/magento/framework/Setup/Patch/PatchApplier.php(301): Magento\CmsSampleData\Setup\Patch\Data\InstallCmsSampleData->apply()
#29 /var/www/html/vendor/magento/framework/Setup/Patch/PatchApplier.php(165): Magento\Framework\Setup\Patch\PatchApplier->applyPatch()
#30 /var/www/html/setup/src/Magento/Setup/Model/Installer.php(1148): Magento\Framework\Setup\Patch\PatchApplier->applyDataPatch()
#31 /var/www/html/setup/src/Magento/Setup/Model/Installer.php(1020): Magento\Setup\Model\Installer->handleDBSchemaData()
#32 /var/www/html/setup/src/Magento/Setup/Console/Command/UpgradeCommand.php(167): Magento\Setup\Model\Installer->installDataFixtures()
#33 /var/www/html/vendor/symfony/console/Command/Command.php(341): Magento\Setup\Console\Command\UpgradeCommand->execute()
#34 /var/www/html/vendor/symfony/console/Application.php(1094): Symfony\Component\Console\Command\Command->run()
#35 /var/www/html/vendor/symfony/console/Application.php(356): Symfony\Component\Console\Application->doRunCommand()
#36 /var/www/html/vendor/magento/framework/Console/Cli.php(137): Symfony\Component\Console\Application->doRun()
#37 /var/www/html/vendor/symfony/console/Application.php(195): Magento\Framework\Console\Cli->doRun()
#38 /var/www/html/bin/magento(23): Symfony\Component\Console\Application->run()
#39 {main} {"exception":"[object] (Magento\\Framework\\Exception\\IntegrationException(code: 0): An error occurred during get media asset list: There is no such media asset with path \"wysiwyg/mens/mens-category-tees.jpg\" at /var/www/html/vendor/magento/module-media-gallery/Model/Asset/Command/GetByPath.php:103)
[previous exception] [object] (Magento\\Framework\\Exception\\NoSuchEntityException(code: 0): There is no such media asset with path \"wysiwyg/mens/mens-category-tees.jpg\" at /var/www/html/vendor/magento/module-media-gallery/Model/Asset/Command/GetByPath.php:81)"} []
[2026-07-30T04:14:00.307512+00:00] main.CRITICAL: Magento\Framework\Exception\NoSuchEntityException: There is no such media asset with path "wysiwyg/mens/mens-category-hoodies.jpg" in /var/www/html/vendor/magento/module-media-gallery/Model/Asset/Command/GetByPath.php:81
Stack trace:
#0 /var/www/html/vendor/magento/module-media-content/Model/ExtractAssetsFromContent.php(88): Magento\MediaGallery\Model\Asset\Command\GetByPath->execute()
#1 /var/www/html/vendor/magento/module-media-content/Model/ExtractAssetsFromContent.php(70): Magento\MediaContent\Model\ExtractAssetsFromContent->getAssetsByPaths()
#2 /var/www/html/vendor/magento/module-media-content/Model/UpdateContentAssetLinks.php(109): Magento\MediaContent\Model\ExtractAssetsFromContent->execute()
#3 /var/www/html/vendor/magento/module-media-content/Model/UpdateContentAssetLinks.php(91): Magento\MediaContent\Model\UpdateContentAssetLinks->updateRelation()
#4 /var/www/html/vendor/magento/module-media-content-cms/Observer/Block.php(82): Magento\MediaContent\Model\UpdateContentAssetLinks->execute()
#5 /var/www/html/vendor/magento/framework/Event/Invoker/InvokerDefault.php(88): Magento\MediaContentCms\Observer\Block->execute()
#6 /var/www/html/vendor/magento/framework/Event/Invoker/InvokerDefault.php(74): Magento\Framework\Event\Invoker\InvokerDefault->_callObserverMethod()
#7 /var/www/html/vendor/magento/framework/Event/Manager.php(65): Magento\Framework\Event\Invoker\InvokerDefault->dispatch()
#8 /var/www/html/generated/code/Magento/Framework/Event/Manager/Proxy.php(105): Magento\Framework\Event\Manager->dispatch()
#9 /var/www/html/vendor/magento/framework/Model/AbstractModel.php(866): Magento\Framework\Event\Manager\Proxy->dispatch()
#10 /var/www/html/vendor/magento/framework/EntityManager/Observer/AfterEntitySave.php(34): Magento\Framework\Model\AbstractModel->afterSave()
#11 /var/www/html/vendor/magento/framework/Event/Invoker/InvokerDefault.php(88): Magento\Framework\EntityManager\Observer\AfterEntitySave->execute()
#12 /var/www/html/vendor/magento/framework/Event/Invoker/InvokerDefault.php(74): Magento\Framework\Event\Invoker\InvokerDefault->_callObserverMethod()
#13 /var/www/html/vendor/magento/framework/Event/Manager.php(65): Magento\Framework\Event\Invoker\InvokerDefault->dispatch()
#14 /var/www/html/generated/code/Magento/Framework/Event/Manager/Proxy.php(105): Magento\Framework\Event\Manager->dispatch()
#15 /var/www/html/vendor/magento/framework/EntityManager/EventManager.php(49): Magento\Framework\Event\Manager\Proxy->dispatch()
#16 /var/www/html/vendor/magento/framework/EntityManager/Operation/Create.php(123): Magento\Framework\EntityManager\EventManager->dispatchEntityEvent()
#17 /var/www/html/vendor/magento/framework/EntityManager/EntityManager.php(106): Magento\Framework\EntityManager\Operation\Create->execute()
#18 /var/www/html/vendor/magento/module-cms/Model/ResourceModel/Block.php(247): Magento\Framework\EntityManager\EntityManager->save()
#19 /var/www/html/vendor/magento/framework/Model/AbstractModel.php(682): Magento\Cms\Model\ResourceModel\Block->save()
#20 /var/www/html/vendor/magento/module-cms-sample-data/Model/Block.php(98): Magento\Framework\Model\AbstractModel->save()
#21 /var/www/html/vendor/magento/module-cms-sample-data/Model/Block.php(77): Magento\CmsSampleData\Model\Block->saveCmsBlock()
#22 /var/www/html/vendor/magento/module-cms-sample-data/Setup/Installer.php(60): Magento\CmsSampleData\Model\Block->install()
#23 [internal function]: Magento\CmsSampleData\Setup\Installer->install()
#24 /var/www/html/vendor/magento/framework/App/State.php(183): call_user_func_array()
#25 /var/www/html/generated/code/Magento/Framework/App/State/Interceptor.php(68): Magento\Framework\App\State->emulateAreaCode()
#26 /var/www/html/vendor/magento/framework/Setup/SampleData/Executor.php(54): Magento\Framework\App\State\Interceptor->emulateAreaCode()
#27 /var/www/html/vendor/magento/module-cms-sample-data/Setup/Patch/Data/InstallCmsSampleData.php(47): Magento\Framework\Setup\SampleData\Executor->exec()
#28 /var/www/html/vendor/magento/framework/Setup/Patch/PatchApplier.php(301): Magento\CmsSampleData\Setup\Patch\Data\InstallCmsSampleData->apply()
#29 /var/www/html/vendor/magento/framework/Setup/Patch/PatchApplier.php(165): Magento\Framework\Setup\Patch\PatchApplier->applyPatch()
#30 /var/www/html/setup/src/Magento/Setup/Model/Installer.php(1148): Magento\Framework\Setup\Patch\PatchApplier->applyDataPatch()
#31 /var/www/html/setup/src/Magento/Setup/Model/Installer.php(1020): Magento\Setup\Model\Installer->handleDBSchemaData()
#32 /var/www/html/setup/src/Magento/Setup/Console/Command/UpgradeCommand.php(167): Magento\Setup\Model\Installer->installDataFixtures()
#33 /var/www/html/vendor/symfony/console/Command/Command.php(341): Magento\Setup\Console\Command\UpgradeCommand->execute()
#34 /var/www/html/vendor/symfony/console/Application.php(1094): Symfony\Component\Console\Command\Command->run()
#35 /var/www/html/vendor/symfony/console/Application.php(356): Symfony\Component\Console\Application->doRunCommand()
#36 /var/www/html/vendor/magento/framework/Console/Cli.php(137): Symfony\Component\Console\Application->doRun()
#37 /var/www/html/vendor/symfony/console/Application.php(195): Magento\Framework\Console\Cli->doRun()
#38 /var/www/html/bin/magento(23): Symfony\Component\Console\Application->run()
#39 {main} {"exception":"[object] (Magento\\Framework\\Exception\\NoSuchEntityException(code: 0): There is no such media asset with path \"wysiwyg/mens/mens-category-hoodies.jpg\" at /var/www/html/vendor/magento/module-media-gallery/Model/Asset/Command/GetByPath.php:81)"} []
[2026-07-30T04:14:00.307626+00:00] main.CRITICAL: Magento\Framework\Exception\NoSuchEntityException: There is no such media asset with path "wysiwyg/mens/mens-category-hoodies.jpg" in /var/www/html/vendor/magento/module-media-gallery/Model/Asset/Command/GetByPath.php:81
Stack trace:
#0 /var/www/html/vendor/magento/module-media-content/Model/ExtractAssetsFromContent.php(88): Magento\MediaGallery\Model\Asset\Command\GetByPath->execute()
#1 /var/www/html/vendor/magento/module-media-content/Model/ExtractAssetsFromContent.php(70): Magento\MediaContent\Model\ExtractAssetsFromContent->getAssetsByPaths()
#2 /var/www/html/vendor/magento/module-media-content/Model/UpdateContentAssetLinks.php(109): Magento\MediaContent\Model\ExtractAssetsFromContent->execute()
#3 /var/www/html/vendor/magento/module-media-content/Model/UpdateContentAssetLinks.php(91): Magento\MediaContent\Model\UpdateContentAssetLinks->updateRelation()
#4 /var/www/html/vendor/magento/module-media-content-cms/Observer/Block.php(82): Magento\MediaContent\Model\UpdateContentAssetLinks->execute()
#5 /var/www/html/vendor/magento/framework/Event/Invoker/InvokerDefault.php(88): Magento\MediaContentCms\Observer\Block->execute()
#6 /var/www/html/vendor/magento/framework/Event/Invoker/InvokerDefault.php(74): Magento\Framework\Event\Invoker\InvokerDefault->_callObserverMethod()
#7 /var/www/html/vendor/magento/framework/Event/Manager.php(65): Magento\Framework\Event\Invoker\InvokerDefault->dispatch()
#8 /var/www/html/generated/code/Magento/Framework/Event/Manager/Proxy.php(105): Magento\Framework\Event\Manager->dispatch()
#9 /var/www/html/vendor/magento/framework/Model/AbstractModel.php(866): Magento\Framework\Event\Manager\Proxy->dispatch()
#10 /var/www/html/vendor/magento/framework/EntityManager/Observer/AfterEntitySave.php(34): Magento\Framework\Model\AbstractModel->afterSave()
#11 /var/www/html/vendor/magento/framework/Event/Invoker/InvokerDefault.php(88): Magento\Framework\EntityManager\Observer\AfterEntitySave->execute()
#12 /var/www/html/vendor/magento/framework/Event/Invoker/InvokerDefault.php(74): Magento\Framework\Event\Invoker\InvokerDefault->_callObserverMethod()
#13 /var/www/html/vendor/magento/framework/Event/Manager.php(65): Magento\Framework\Event\Invoker\InvokerDefault->dispatch()
#14 /var/www/html/generated/code/Magento/Framework/Event/Manager/Proxy.php(105): Magento\Framework\Event\Manager->dispatch()
#15 /var/www/html/vendor/magento/framework/EntityManager/EventManager.php(49): Magento\Framework\Event\Manager\Proxy->dispatch()
#16 /var/www/html/vendor/magento/framework/EntityManager/Operation/Create.php(123): Magento\Framework\EntityManager\EventManager->dispatchEntityEvent()
#17 /var/www/html/vendor/magento/framework/EntityManager/EntityManager.php(106): Magento\Framework\EntityManager\Operation\Create->execute()
#18 /var/www/html/vendor/magento/module-cms/Model/ResourceModel/Block.php(247): Magento\Framework\EntityManager\EntityManager->save()
#19 /var/www/html/vendor/magento/framework/Model/AbstractModel.php(682): Magento\Cms\Model\ResourceModel\Block->save()
#20 /var/www/html/vendor/magento/module-cms-sample-data/Model/Block.php(98): Magento\Framework\Model\AbstractModel->save()
#21 /var/www/html/vendor/magento/module-cms-sample-data/Model/Block.php(77): Magento\CmsSampleData\Model\Block->saveCmsBlock()
#22 /var/www/html/vendor/magento/module-cms-sample-data/Setup/Installer.php(60): Magento\CmsSampleData\Model\Block->install()
#23 [internal function]: Magento\CmsSampleData\Setup\Installer->install()
#24 /var/www/html/vendor/magento/framework/App/State.php(183): call_user_func_array()
#25 /var/www/html/generated/code/Magento/Framework/App/State/Interceptor.php(68): Magento\Framework\App\State->emulateAreaCode()
#26 /var/www/html/vendor/magento/framework/Setup/SampleData/Executor.php(54): Magento\Framework\App\State\Interceptor->emulateAreaCode()
#27 /var/www/html/vendor/magento/module-cms-sample-data/Setup/Patch/Data/InstallCmsSampleData.php(47): Magento\Framework\Setup\SampleData\Executor->exec()
#28 /var/www/html/vendor/magento/framework/Setup/Patch/PatchApplier.php(301): Magento\CmsSampleData\Setup\Patch\Data\InstallCmsSampleData->apply()
#29 /var/www/html/vendor/magento/framework/Setup/Patch/PatchApplier.php(165): Magento\Framework\Setup\Patch\PatchApplier->applyPatch()
#30 /var/www/html/setup/src/Magento/Setup/Model/Installer.php(1148): Magento\Framework\Setup\Patch\PatchApplier->applyDataPatch()
#31 /var/www/html/setup/src/Magento/Setup/Model/Installer.php(1020): Magento\Setup\Model\Installer->handleDBSchemaData()
#32 /var/www/html/setup/src/Magento/Setup/Console/Command/UpgradeCommand.php(167): Magento\Setup\Model\Installer->installDataFixtures()
#33 /var/www/html/vendor/symfony/console/Command/Command.php(341): Magento\Setup\Console\Command\UpgradeCommand->execute()
#34 /var/www/html/vendor/symfony/console/Application.php(1094): Symfony\Component\Console\Command\Command->run()
#35 /var/www/html/vendor/symfony/console/Application.php(356): Symfony\Component\Console\Application->doRunCommand()
#36 /var/www/html/vendor/magento/framework/Console/Cli.php(137): Symfony\Component\Console\Application->doRun()
#37 /var/www/html/vendor/symfony/console/Application.php(195): Magento\Framework\Console\Cli->doRun()
#38 /var/www/html/bin/magento(23): Symfony\Component\Console\Application->run()
#39 {main}

Next Magento\Framework\Exception\IntegrationException: An error occurred during get media asset list: There is no such media asset with path "wysiwyg/mens/mens-category-hoodies.jpg" in /var/www/html/vendor/magento/module-media-gallery/Model/Asset/Command/GetByPath.php:103
Stack trace:
#0 /var/www/html/vendor/magento/module-media-content/Model/ExtractAssetsFromContent.php(88): Magento\MediaGallery\Model\Asset\Command\GetByPath->execute()
#1 /var/www/html/vendor/magento/module-media-content/Model/ExtractAssetsFromContent.php(70): Magento\MediaContent\Model\ExtractAssetsFromContent->getAssetsByPaths()
#2 /var/www/html/vendor/magento/module-media-content/Model/UpdateContentAssetLinks.php(109): Magento\MediaContent\Model\ExtractAssetsFromContent->execute()
#3 /var/www/html/vendor/magento/module-media-content/Model/UpdateContentAssetLinks.php(91): Magento\MediaContent\Model\UpdateContentAssetLinks->updateRelation()
#4 /var/www/html/vendor/magento/module-media-content-cms/Observer/Block.php(82): Magento\MediaContent\Model\UpdateContentAssetLinks->execute()
#5 /var/www/html/vendor/magento/framework/Event/Invoker/InvokerDefault.php(88): Magento\MediaContentCms\Observer\Block->execute()
#6 /var/www/html/vendor/magento/framework/Event/Invoker/InvokerDefault.php(74): Magento\Framework\Event\Invoker\InvokerDefault->_callObserverMethod()
#7 /var/www/html/vendor/magento/framework/Event/Manager.php(65): Magento\Framework\Event\Invoker\InvokerDefault->dispatch()
#8 /var/www/html/generated/code/Magento/Framework/Event/Manager/Proxy.php(105): Magento\Framework\Event\Manager->dispatch()
#9 /var/www/html/vendor/magento/framework/Model/AbstractModel.php(866): Magento\Framework\Event\Manager\Proxy->dispatch()
#10 /var/www/html/vendor/magento/framework/EntityManager/Observer/AfterEntitySave.php(34): Magento\Framework\Model\AbstractModel->afterSave()
#11 /var/www/html/vendor/magento/framework/Event/Invoker/InvokerDefault.php(88): Magento\Framework\EntityManager\Observer\AfterEntitySave->execute()
#12 /var/www/html/vendor/magento/framework/Event/Invoker/InvokerDefault.php(74): Magento\Framework\Event\Invoker\InvokerDefault->_callObserverMethod()
#13 /var/www/html/vendor/magento/framework/Event/Manager.php(65): Magento\Framework\Event\Invoker\InvokerDefault->dispatch()
#14 /var/www/html/generated/code/Magento/Framework/Event/Manager/Proxy.php(105): Magento\Framework\Event\Manager->dispatch()
#15 /var/www/html/vendor/magento/framework/EntityManager/EventManager.php(49): Magento\Framework\Event\Manager\Proxy->dispatch()
#16 /var/www/html/vendor/magento/framework/EntityManager/Operation/Create.php(123): Magento\Framework\EntityManager\EventManager->dispatchEntityEvent()
#17 /var/www/html/vendor/magento/framework/EntityManager/EntityManager.php(106): Magento\Framework\EntityManager\Operation\Create->execute()
#18 /var/www/html/vendor/magento/module-cms/Model/ResourceModel/Block.php(247): Magento\Framework\EntityManager\EntityManager->save()
#19 /var/www/html/vendor/magento/framework/Model/AbstractModel.php(682): Magento\Cms\Model\ResourceModel\Block->save()
#20 /var/www/html/vendor/magento/module-cms-sample-data/Model/Block.php(98): Magento\Framework\Model\AbstractModel->save()
#21 /var/www/html/vendor/magento/module-cms-sample-data/Model/Block.php(77): Magento\CmsSampleData\Model\Block->saveCmsBlock()
#22 /var/www/html/vendor/magento/module-cms-sample-data/Setup/Installer.php(60): Magento\CmsSampleData\Model\Block->install()
#23 [internal function]: Magento\CmsSampleData\Setup\Installer->install()
#24 /var/www/html/vendor/magento/framework/App/State.php(183): call_user_func_array()
#25 /var/www/html/generated/code/Magento/Framework/App/State/Interceptor.php(68): Magento\Framework\App\State->emulateAreaCode()
#26 /var/www/html/vendor/magento/framework/Setup/SampleData/Executor.php(54): Magento\Framework\App\State\Interceptor->emulateAreaCode()
#27 /var/www/html/vendor/magento/module-cms-sample-data/Setup/Patch/Data/InstallCmsSampleData.php(47): Magento\Framework\Setup\SampleData\Executor->exec()
#28 /var/www/html/vendor/magento/framework/Setup/Patch/PatchApplier.php(301): Magento\CmsSampleData\Setup\Patch\Data\InstallCmsSampleData->apply()
#29 /var/www/html/vendor/magento/framework/Setup/Patch/PatchApplier.php(165): Magento\Framework\Setup\Patch\PatchApplier->applyPatch()
#30 /var/www/html/setup/src/Magento/Setup/Model/Installer.php(1148): Magento\Framework\Setup\Patch\PatchApplier->applyDataPatch()
#31 /var/www/html/setup/src/Magento/Setup/Model/Installer.php(1020): Magento\Setup\Model\Installer->handleDBSchemaData()
#32 /var/www/html/setup/src/Magento/Setup/Console/Command/UpgradeCommand.php(167): Magento\Setup\Model\Installer->installDataFixtures()
#33 /var/www/html/vendor/symfony/console/Command/Command.php(341): Magento\Setup\Console\Command\UpgradeCommand->execute()
#34 /var/www/html/vendor/symfony/console/Application.php(1094): Symfony\Component\Console\Command\Command->run()
#35 /var/www/html/vendor/symfony/console/Application.php(356): Symfony\Component\Console\Application->doRunCommand()
#36 /var/www/html/vendor/magento/framework/Console/Cli.php(137): Symfony\Component\Console\Application->doRun()
#37 /var/www/html/vendor/symfony/console/Application.php(195): Magento\Framework\Console\Cli->doRun()
#38 /var/www/html/bin/magento(23): Symfony\Component\Console\Application->run()
#39 {main} {"exception":"[object] (Magento\\Framework\\Exception\\IntegrationException(code: 0): An error occurred during get media asset list: There is no such media asset with path \"wysiwyg/mens/mens-category-hoodies.jpg\" at /var/www/html/vendor/magento/module-media-gallery/Model/Asset/Command/GetByPath.php:103)
[previous exception] [object] (Magento\\Framework\\Exception\\NoSuchEntityException(code: 0): There is no such media asset with path \"wysiwyg/mens/mens-category-hoodies.jpg\" at /var/www/html/vendor/magento/module-media-gallery/Model/Asset/Command/GetByPath.php:81)"} []
[2026-07-30T04:14:00.313453+00:00] main.CRITICAL: Magento\Framework\Exception\NoSuchEntityException: There is no such media asset with path "wysiwyg/gear/gear-main.jpg" in /var/www/html/vendor/magento/module-media-gallery/Model/Asset/Command/GetByPath.php:81
Stack trace:
#0 /var/www/html/vendor/magento/module-media-content/Model/ExtractAssetsFromContent.php(88): Magento\MediaGallery\Model\Asset\Command\GetByPath->execute()
#1 /var/www/html/vendor/magento/module-media-content/Model/ExtractAssetsFromContent.php(70): Magento\MediaContent\Model\ExtractAssetsFromContent->getAssetsByPaths()
#2 /var/www/html/vendor/magento/module-media-content/Model/UpdateContentAssetLinks.php(109): Magento\MediaContent\Model\ExtractAssetsFromContent->execute()
#3 /var/www/html/vendor/magento/module-media-content/Model/UpdateContentAssetLinks.php(91): Magento\MediaContent\Model\UpdateContentAssetLinks->updateRelation()
#4 /var/www/html/vendor/magento/module-media-content-cms/Observer/Block.php(82): Magento\MediaContent\Model\UpdateContentAssetLinks->execute()
#5 /var/www/html/vendor/magento/framework/Event/Invoker/InvokerDefault.php(88): Magento\MediaContentCms\Observer\Block->execute()
#6 /var/www/html/vendor/magento/framework/Event/Invoker/InvokerDefault.php(74): Magento\Framework\Event\Invoker\InvokerDefault->_callObserverMethod()
#7 /var/www/html/vendor/magento/framework/Event/Manager.php(65): Magento\Framework\Event\Invoker\InvokerDefault->dispatch()
#8 /var/www/html/generated/code/Magento/Framework/Event/Manager/Proxy.php(105): Magento\Framework\Event\Manager->dispatch()
#9 /var/www/html/vendor/magento/framework/Model/AbstractModel.php(866): Magento\Framework\Event\Manager\Proxy->dispatch()
#10 /var/www/html/vendor/magento/framework/EntityManager/Observer/AfterEntitySave.php(34): Magento\Framework\Model\AbstractModel->afterSave()
#11 /var/www/html/vendor/magento/framework/Event/Invoker/InvokerDefault.php(88): Magento\Framework\EntityManager\Observer\AfterEntitySave->execute()
#12 /var/www/html/vendor/magento/framework/Event/Invoker/InvokerDefault.php(74): Magento\Framework\Event\Invoker\InvokerDefault->_callObserverMethod()
#13 /var/www/html/vendor/magento/framework/Event/Manager.php(65): Magento\Framework\Event\Invoker\InvokerDefault->dispatch()
#14 /var/www/html/generated/code/Magento/Framework/Event/Manager/Proxy.php(105): Magento\Framework\Event\Manager->dispatch()
#15 /var/www/html/vendor/magento/framework/EntityManager/EventManager.php(49): Magento\Framework\Event\Manager\Proxy->dispatch()
#16 /var/www/html/vendor/magento/framework/EntityManager/Operation/Create.php(123): Magento\Framework\EntityManager\EventManager->dispatchEntityEvent()
#17 /var/www/html/vendor/magento/framework/EntityManager/EntityManager.php(106): Magento\Framework\EntityManager\Operation\Create->execute()
#18 /var/www/html/vendor/magento/module-cms/Model/ResourceModel/Block.php(247): Magento\Framework\EntityManager\EntityManager->save()
#19 /var/www/html/vendor/magento/framework/Model/AbstractModel.php(682): Magento\Cms\Model\ResourceModel\Block->save()
#20 /var/www/html/vendor/magento/module-cms-sample-data/Model/Block.php(98): Magento\Framework\Model\AbstractModel->save()
#21 /var/www/html/vendor/magento/module-cms-sample-data/Model/Block.php(77): Magento\CmsSampleData\Model\Block->saveCmsBlock()
#22 /var/www/html/vendor/magento/module-cms-sample-data/Setup/Installer.php(60): Magento\CmsSampleData\Model\Block->install()
#23 [internal function]: Magento\CmsSampleData\Setup\Installer->install()
#24 /var/www/html/vendor/magento/framework/App/State.php(183): call_user_func_array()
#25 /var/www/html/generated/code/Magento/Framework/App/State/Interceptor.php(68): Magento\Framework\App\State->emulateAreaCode()
#26 /var/www/html/vendor/magento/framework/Setup/SampleData/Executor.php(54): Magento\Framework\App\State\Interceptor->emulateAreaCode()
#27 /var/www/html/vendor/magento/module-cms-sample-data/Setup/Patch/Data/InstallCmsSampleData.php(47): Magento\Framework\Setup\SampleData\Executor->exec()
#28 /var/www/html/vendor/magento/framework/Setup/Patch/PatchApplier.php(301): Magento\CmsSampleData\Setup\Patch\Data\InstallCmsSampleData->apply()
#29 /var/www/html/vendor/magento/framework/Setup/Patch/PatchApplier.php(165): Magento\Framework\Setup\Patch\PatchApplier->applyPatch()
#30 /var/www/html/setup/src/Magento/Setup/Model/Installer.php(1148): Magento\Framework\Setup\Patch\PatchApplier->applyDataPatch()
#31 /var/www/html/setup/src/Magento/Setup/Model/Installer.php(1020): Magento\Setup\Model\Installer->handleDBSchemaData()
#32 /var/www/html/setup/src/Magento/Setup/Console/Command/UpgradeCommand.php(167): Magento\Setup\Model\Installer->installDataFixtures()
#33 /var/www/html/vendor/symfony/console/Command/Command.php(341): Magento\Setup\Console\Command\UpgradeCommand->execute()
#34 /var/www/html/vendor/symfony/console/Application.php(1094): Symfony\Component\Console\Command\Command->run()
#35 /var/www/html/vendor/symfony/console/Application.php(356): Symfony\Component\Console\Application->doRunCommand()
#36 /var/www/html/vendor/magento/framework/Console/Cli.php(137): Symfony\Component\Console\Application->doRun()
#37 /var/www/html/vendor/symfony/console/Application.php(195): Magento\Framework\Console\Cli->doRun()
#38 /var/www/html/bin/magento(23): Symfony\Component\Console\Application->run()
#39 {main} {"exception":"[object] (Magento\\Framework\\Exception\\NoSuchEntityException(code: 0): There is no such media asset with path \"wysiwyg/gear/gear-main.jpg\" at /var/www/html/vendor/magento/module-media-gallery/Model/Asset/Command/GetByPath.php:81)"} []
[2026-07-30T04:14:00.313570+00:00] main.CRITICAL: Magento\Framework\Exception\NoSuchEntityException: There is no such media asset with path "wysiwyg/gear/gear-main.jpg" in /var/www/html/vendor/magento/module-media-gallery/Model/Asset/Command/GetByPath.php:81
Stack trace:
#0 /var/www/html/vendor/magento/module-media-content/Model/ExtractAssetsFromContent.php(88): Magento\MediaGallery\Model\Asset\Command\GetByPath->execute()
#1 /var/www/html/vendor/magento/module-media-content/Model/ExtractAssetsFromContent.php(70): Magento\MediaContent\Model\ExtractAssetsFromContent->getAssetsByPaths()
#2 /var/www/html/vendor/magento/module-media-content/Model/UpdateContentAssetLinks.php(109): Magento\MediaContent\Model\ExtractAssetsFromContent->execute()
#3 /var/www/html/vendor/magento/module-media-content/Model/UpdateContentAssetLinks.php(91): Magento\MediaContent\Model\UpdateContentAssetLinks->updateRelation()
#4 /var/www/html/vendor/magento/module-media-content-cms/Observer/Block.php(82): Magento\MediaContent\Model\UpdateContentAssetLinks->execute()
#5 /var/www/html/vendor/magento/framework/Event/Invoker/InvokerDefault.php(88): Magento\MediaContentCms\Observer\Block->execute()
#6 /var/www/html/vendor/magento/framework/Event/Invoker/InvokerDefault.php(74): Magento\Framework\Event\Invoker\InvokerDefault->_callObserverMethod()
#7 /var/www/html/vendor/magento/framework/Event/Manager.php(65): Magento\Framework\Event\Invoker\InvokerDefault->dispatch()
#8 /var/www/html/generated/code/Magento/Framework/Event/Manager/Proxy.php(105): Magento\Framework\Event\Manager->dispatch()
#9 /var/www/html/vendor/magento/framework/Model/AbstractModel.php(866): Magento\Framework\Event\Manager\Proxy->dispatch()
#10 /var/www/html/vendor/magento/framework/EntityManager/Observer/AfterEntitySave.php(34): Magento\Framework\Model\AbstractModel->afterSave()
#11 /var/www/html/vendor/magento/framework/Event/Invoker/InvokerDefault.php(88): Magento\Framework\EntityManager\Observer\AfterEntitySave->execute()
#12 /var/www/html/vendor/magento/framework/Event/Invoker/InvokerDefault.php(74): Magento\Framework\Event\Invoker\InvokerDefault->_callObserverMethod()
#13 /var/www/html/vendor/magento/framework/Event/Manager.php(65): Magento\Framework\Event\Invoker\InvokerDefault->dispatch()
#14 /var/www/html/generated/code/Magento/Framework/Event/Manager/Proxy.php(105): Magento\Framework\Event\Manager->dispatch()
#15 /var/www/html/vendor/magento/framework/EntityManager/EventManager.php(49): Magento\Framework\Event\Manager\Proxy->dispatch()
#16 /var/www/html/vendor/magento/framework/EntityManager/Operation/Create.php(123): Magento\Framework\EntityManager\EventManager->dispatchEntityEvent()
#17 /var/www/html/vendor/magento/framework/EntityManager/EntityManager.php(106): Magento\Framework\EntityManager\Operation\Create->execute()
#18 /var/www/html/vendor/magento/module-cms/Model/ResourceModel/Block.php(247): Magento\Framework\EntityManager\EntityManager->save()
#19 /var/www/html/vendor/magento/framework/Model/AbstractModel.php(682): Magento\Cms\Model\ResourceModel\Block->save()
#20 /var/www/html/vendor/magento/module-cms-sample-data/Model/Block.php(98): Magento\Framework\Model\AbstractModel->save()
#21 /var/www/html/vendor/magento/module-cms-sample-data/Model/Block.php(77): Magento\CmsSampleData\Model\Block->saveCmsBlock()
#22 /var/www/html/vendor/magento/module-cms-sample-data/Setup/Installer.php(60): Magento\CmsSampleData\Model\Block->install()
#23 [internal function]: Magento\CmsSampleData\Setup\Installer->install()
#24 /var/www/html/vendor/magento/framework/App/State.php(183): call_user_func_array()
#25 /var/www/html/generated/code/Magento/Framework/App/State/Interceptor.php(68): Magento\Framework\App\State->emulateAreaCode()
#26 /var/www/html/vendor/magento/framework/Setup/SampleData/Executor.php(54): Magento\Framework\App\State\Interceptor->emulateAreaCode()
#27 /var/www/html/vendor/magento/module-cms-sample-data/Setup/Patch/Data/InstallCmsSampleData.php(47): Magento\Framework\Setup\SampleData\Executor->exec()
#28 /var/www/html/vendor/magento/framework/Setup/Patch/PatchApplier.php(301): Magento\CmsSampleData\Setup\Patch\Data\InstallCmsSampleData->apply()
#29 /var/www/html/vendor/magento/framework/Setup/Patch/PatchApplier.php(165): Magento\Framework\Setup\Patch\PatchApplier->applyPatch()
#30 /var/www/html/setup/src/Magento/Setup/Model/Installer.php(1148): Magento\Framework\Setup\Patch\PatchApplier->applyDataPatch()
#31 /var/www/html/setup/src/Magento/Setup/Model/Installer.php(1020): Magento\Setup\Model\Installer->handleDBSchemaData()
#32 /var/www/html/setup/src/Magento/Setup/Console/Command/UpgradeCommand.php(167): Magento\Setup\Model\Installer->installDataFixtures()
#33 /var/www/html/vendor/symfony/console/Command/Command.php(341): Magento\Setup\Console\Command\UpgradeCommand->execute()
#34 /var/www/html/vendor/symfony/console/Application.php(1094): Symfony\Component\Console\Command\Command->run()
#35 /var/www/html/vendor/symfony/console/Application.php(356): Symfony\Component\Console\Application->doRunCommand()
#36 /var/www/html/vendor/magento/framework/Console/Cli.php(137): Symfony\Component\Console\Application->doRun()
#37 /var/www/html/vendor/symfony/console/Application.php(195): Magento\Framework\Console\Cli->doRun()
#38 /var/www/html/bin/magento(23): Symfony\Component\Console\Application->run()
#39 {main}

Next Magento\Framework\Exception\IntegrationException: An error occurred during get media asset list: There is no such media asset with path "wysiwyg/gear/gear-main.jpg" in /var/www/html/vendor/magento/module-media-gallery/Model/Asset/Command/GetByPath.php:103
Stack trace:
#0 /var/www/html/vendor/magento/module-media-content/Model/ExtractAssetsFromContent.php(88): Magento\MediaGallery\Model\Asset\Command\GetByPath->execute()
#1 /var/www/html/vendor/magento/module-media-content/Model/ExtractAssetsFromContent.php(70): Magento\MediaContent\Model\ExtractAssetsFromContent->getAssetsByPaths()
#2 /var/www/html/vendor/magento/module-media-content/Model/UpdateContentAssetLinks.php(109): Magento\MediaContent\Model\ExtractAssetsFromContent->execute()
#3 /var/www/html/vendor/magento/module-media-content/Model/UpdateContentAssetLinks.php(91): Magento\MediaContent\Model\UpdateContentAssetLinks->updateRelation()
#4 /var/www/html/vendor/magento/module-media-content-cms/Observer/Block.php(82): Magento\MediaContent\Model\UpdateContentAssetLinks->execute()
#5 /var/www/html/vendor/magento/framework/Event/Invoker/InvokerDefault.php(88): Magento\MediaContentCms\Observer\Block->execute()
#6 /var/www/html/vendor/magento/framework/Event/Invoker/InvokerDefault.php(74): Magento\Framework\Event\Invoker\InvokerDefault->_callObserverMethod()
#7 /var/www/html/vendor/magento/framework/Event/Manager.php(65): Magento\Framework\Event\Invoker\InvokerDefault->dispatch()
#8 /var/www/html/generated/code/Magento/Framework/Event/Manager/Proxy.php(105): Magento\Framework\Event\Manager->dispatch()
#9 /var/www/html/vendor/magento/framework/Model/AbstractModel.php(866): Magento\Framework\Event\Manager\Proxy->dispatch()
#10 /var/www/html/vendor/magento/framework/EntityManager/Observer/AfterEntitySave.php(34): Magento\Framework\Model\AbstractModel->afterSave()
#11 /var/www/html/vendor/magento/framework/Event/Invoker/InvokerDefault.php(88): Magento\Framework\EntityManager\Observer\AfterEntitySave->execute()
#12 /var/www/html/vendor/magento/framework/Event/Invoker/InvokerDefault.php(74): Magento\Framework\Event\Invoker\InvokerDefault->_callObserverMethod()
#13 /var/www/html/vendor/magento/framework/Event/Manager.php(65): Magento\Framework\Event\Invoker\InvokerDefault->dispatch()
#14 /var/www/html/generated/code/Magento/Framework/Event/Manager/Proxy.php(105): Magento\Framework\Event\Manager->dispatch()
#15 /var/www/html/vendor/magento/framework/EntityManager/EventManager.php(49): Magento\Framework\Event\Manager\Proxy->dispatch()
#16 /var/www/html/vendor/magento/framework/EntityManager/Operation/Create.php(123): Magento\Framework\EntityManager\EventManager->dispatchEntityEvent()
#17 /var/www/html/vendor/magento/framework/EntityManager/EntityManager.php(106): Magento\Framework\EntityManager\Operation\Create->execute()
#18 /var/www/html/vendor/magento/module-cms/Model/ResourceModel/Block.php(247): Magento\Framework\EntityManager\EntityManager->save()
#19 /var/www/html/vendor/magento/framework/Model/AbstractModel.php(682): Magento\Cms\Model\ResourceModel\Block->save()
#20 /var/www/html/vendor/magento/module-cms-sample-data/Model/Block.php(98): Magento\Framework\Model\AbstractModel->save()
#21 /var/www/html/vendor/magento/module-cms-sample-data/Model/Block.php(77): Magento\CmsSampleData\Model\Block->saveCmsBlock()
#22 /var/www/html/vendor/magento/module-cms-sample-data/Setup/Installer.php(60): Magento\CmsSampleData\Model\Block->install()
#23 [internal function]: Magento\CmsSampleData\Setup\Installer->install()
#24 /var/www/html/vendor/magento/framework/App/State.php(183): call_user_func_array()
#25 /var/www/html/generated/code/Magento/Framework/App/State/Interceptor.php(68): Magento\Framework\App\State->emulateAreaCode()
#26 /var/www/html/vendor/magento/framework/Setup/SampleData/Executor.php(54): Magento\Framework\App\State\Interceptor->emulateAreaCode()
#27 /var/www/html/vendor/magento/module-cms-sample-data/Setup/Patch/Data/InstallCmsSampleData.php(47): Magento\Framework\Setup\SampleData\Executor->exec()
#28 /var/www/html/vendor/magento/framework/Setup/Patch/PatchApplier.php(301): Magento\CmsSampleData\Setup\Patch\Data\InstallCmsSampleData->apply()
#29 /var/www/html/vendor/magento/framework/Setup/Patch/PatchApplier.php(165): Magento\Framework\Setup\Patch\PatchApplier->applyPatch()
#30 /var/www/html/setup/src/Magento/Setup/Model/Installer.php(1148): Magento\Framework\Setup\Patch\PatchApplier->applyDataPatch()
#31 /var/www/html/setup/src/Magento/Setup/Model/Installer.php(1020): Magento\Setup\Model\Installer->handleDBSchemaData()
#32 /var/www/html/setup/src/Magento/Setup/Console/Command/UpgradeCommand.php(167): Magento\Setup\Model\Installer->installDataFixtures()
#33 /var/www/html/vendor/symfony/console/Command/Command.php(341): Magento\Setup\Console\Command\UpgradeCommand->execute()
#34 /var/www/html/vendor/symfony/console/Application.php(1094): Symfony\Component\Console\Command\Command->run()
#35 /var/www/html/vendor/symfony/console/Application.php(356): Symfony\Component\Console\Application->doRunCommand()
#36 /var/www/html/vendor/magento/framework/Console/Cli.php(137): Symfony\Component\Console\Application->doRun()
#37 /var/www/html/vendor/symfony/console/Application.php(195): Magento\Framework\Console\Cli->doRun()
#38 /var/www/html/bin/magento(23): Symfony\Component\Console\Application->run()
#39 {main} {"exception":"[object] (Magento\\Framework\\Exception\\IntegrationException(code: 0): An error occurred during get media asset list: There is no such media asset with path \"wysiwyg/gear/gear-main.jpg\" at /var/www/html/vendor/magento/module-media-gallery/Model/Asset/Command/GetByPath.php:103)
[previous exception] [object] (Magento\\Framework\\Exception\\NoSuchEntityException(code: 0): There is no such media asset with path \"wysiwyg/gear/gear-main.jpg\" at /var/www/html/vendor/magento/module-media-gallery/Model/Asset/Command/GetByPath.php:81)"} []
[2026-07-30T04:14:00.313771+00:00] main.CRITICAL: Magento\Framework\Exception\NoSuchEntityException: There is no such media asset with path "wysiwyg/gear/gear-fitnes.jpg" in /var/www/html/vendor/magento/module-media-gallery/Model/Asset/Command/GetByPath.php:81
Stack trace:
#0 /var/www/html/vendor/magento/module-media-content/Model/ExtractAssetsFromContent.php(88): Magento\MediaGallery\Model\Asset\Command\GetByPath->execute()
#1 /var/www/html/vendor/magento/module-media-content/Model/ExtractAssetsFromContent.php(70): Magento\MediaContent\Model\ExtractAssetsFromContent->getAssetsByPaths()
#2 /var/www/html/vendor/magento/module-media-content/Model/UpdateContentAssetLinks.php(109): Magento\MediaContent\Model\ExtractAssetsFromContent->execute()
#3 /var/www/html/vendor/magento/module-media-content/Model/UpdateContentAssetLinks.php(91): Magento\MediaContent\Model\UpdateContentAssetLinks->updateRelation()
#4 /var/www/html/vendor/magento/module-media-content-cms/Observer/Block.php(82): Magento\MediaContent\Model\UpdateContentAssetLinks->execute()
#5 /var/www/html/vendor/magento/framework/Event/Invoker/InvokerDefault.php(88): Magento\MediaContentCms\Observer\Block->execute()
#6 /var/www/html/vendor/magento/framework/Event/Invoker/InvokerDefault.php(74): Magento\Framework\Event\Invoker\InvokerDefault->_callObserverMethod()
#7 /var/www/html/vendor/magento/framework/Event/Manager.php(65): Magento\Framework\Event\Invoker\InvokerDefault->dispatch()
#8 /var/www/html/generated/code/Magento/Framework/Event/Manager/Proxy.php(105): Magento\Framework\Event\Manager->dispatch()
#9 /var/www/html/vendor/magento/framework/Model/AbstractModel.php(866): Magento\Framework\Event\Manager\Proxy->dispatch()
#10 /var/www/html/vendor/magento/framework/EntityManager/Observer/AfterEntitySave.php(34): Magento\Framework\Model\AbstractModel->afterSave()
#11 /var/www/html/vendor/magento/framework/Event/Invoker/InvokerDefault.php(88): Magento\Framework\EntityManager\Observer\AfterEntitySave->execute()
#12 /var/www/html/vendor/magento/framework/Event/Invoker/InvokerDefault.php(74): Magento\Framework\Event\Invoker\InvokerDefault->_callObserverMethod()
#13 /var/www/html/vendor/magento/framework/Event/Manager.php(65): Magento\Framework\Event\Invoker\InvokerDefault->dispatch()
#14 /var/www/html/generated/code/Magento/Framework/Event/Manager/Proxy.php(105): Magento\Framework\Event\Manager->dispatch()
#15 /var/www/html/vendor/magento/framework/EntityManager/EventManager.php(49): Magento\Framework\Event\Manager\Proxy->dispatch()
#16 /var/www/html/vendor/magento/framework/EntityManager/Operation/Create.php(123): Magento\Framework\EntityManager\EventManager->dispatchEntityEvent()
#17 /var/www/html/vendor/magento/framework/EntityManager/EntityManager.php(106): Magento\Framework\EntityManager\Operation\Create->execute()
#18 /var/www/html/vendor/magento/module-cms/Model/ResourceModel/Block.php(247): Magento\Framework\EntityManager\EntityManager->save()
#19 /var/www/html/vendor/magento/framework/Model/AbstractModel.php(682): Magento\Cms\Model\ResourceModel\Block->save()
#20 /var/www/html/vendor/magento/module-cms-sample-data/Model/Block.php(98): Magento\Framework\Model\AbstractModel->save()
#21 /var/www/html/vendor/magento/module-cms-sample-data/Model/Block.php(77): Magento\CmsSampleData\Model\Block->saveCmsBlock()
#22 /var/www/html/vendor/magento/module-cms-sample-data/Setup/Installer.php(60): Magento\CmsSampleData\Model\Block->install()
#23 [internal function]: Magento\CmsSampleData\Setup\Installer->install()
#24 /var/www/html/vendor/magento/framework/App/State.php(183): call_user_func_array()
#25 /var/www/html/generated/code/Magento/Framework/App/State/Interceptor.php(68): Magento\Framework\App\State->emulateAreaCode()
#26 /var/www/html/vendor/magento/framework/Setup/SampleData/Executor.php(54): Magento\Framework\App\State\Interceptor->emulateAreaCode()
#27 /var/www/html/vendor/magento/module-cms-sample-data/Setup/Patch/Data/InstallCmsSampleData.php(47): Magento\Framework\Setup\SampleData\Executor->exec()
#28 /var/www/html/vendor/magento/framework/Setup/Patch/PatchApplier.php(301): Magento\CmsSampleData\Setup\Patch\Data\InstallCmsSampleData->apply()
#29 /var/www/html/vendor/magento/framework/Setup/Patch/PatchApplier.php(165): Magento\Framework\Setup\Patch\PatchApplier->applyPatch()
#30 /var/www/html/setup/src/Magento/Setup/Model/Installer.php(1148): Magento\Framework\Setup\Patch\PatchApplier->applyDataPatch()
#31 /var/www/html/setup/src/Magento/Setup/Model/Installer.php(1020): Magento\Setup\Model\Installer->handleDBSchemaData()
#32 /var/www/html/setup/src/Magento/Setup/Console/Command/UpgradeCommand.php(167): Magento\Setup\Model\Installer->installDataFixtures()
#33 /var/www/html/vendor/symfony/console/Command/Command.php(341): Magento\Setup\Console\Command\UpgradeCommand->execute()
#34 /var/www/html/vendor/symfony/console/Application.php(1094): Symfony\Component\Console\Command\Command->run()
#35 /var/www/html/vendor/symfony/console/Application.php(356): Symfony\Component\Console\Application->doRunCommand()
#36 /var/www/html/vendor/magento/framework/Console/Cli.php(137): Symfony\Component\Console\Application->doRun()
#37 /var/www/html/vendor/symfony/console/Application.php(195): Magento\Framework\Console\Cli->doRun()
#38 /var/www/html/bin/magento(23): Symfony\Component\Console\Application->run()
#39 {main} {"exception":"[object] (Magento\\Framework\\Exception\\NoSuchEntityException(code: 0): There is no such media asset with path \"wysiwyg/gear/gear-fitnes.jpg\" at /var/www/html/vendor/magento/module-media-gallery/Model/Asset/Command/GetByPath.php:81)"} []
[2026-07-30T04:14:00.313884+00:00] main.CRITICAL: Magento\Framework\Exception\NoSuchEntityException: There is no such media asset with path "wysiwyg/gear/gear-fitnes.jpg" in /var/www/html/vendor/magento/module-media-gallery/Model/Asset/Command/GetByPath.php:81
Stack trace:
#0 /var/www/html/vendor/magento/module-media-content/Model/ExtractAssetsFromContent.php(88): Magento\MediaGallery\Model\Asset\Command\GetByPath->execute()
#1 /var/www/html/vendor/magento/module-media-content/Model/ExtractAssetsFromContent.php(70): Magento\MediaContent\Model\ExtractAssetsFromContent->getAssetsByPaths()
#2 /var/www/html/vendor/magento/module-media-content/Model/UpdateContentAssetLinks.php(109): Magento\MediaContent\Model\ExtractAssetsFromContent->execute()
#3 /var/www/html/vendor/magento/module-media-content/Model/UpdateContentAssetLinks.php(91): Magento\MediaContent\Model\UpdateContentAssetLinks->updateRelation()
#4 /var/www/html/vendor/magento/module-media-content-cms/Observer/Block.php(82): Magento\MediaContent\Model\UpdateContentAssetLinks->execute()
#5 /var/www/html/vendor/magento/framework/Event/Invoker/InvokerDefault.php(88): Magento\MediaContentCms\Observer\Block->execute()
#6 /var/www/html/vendor/magento/framework/Event/Invoker/InvokerDefault.php(74): Magento\Framework\Event\Invoker\InvokerDefault->_callObserverMethod()
#7 /var/www/html/vendor/magento/framework/Event/Manager.php(65): Magento\Framework\Event\Invoker\InvokerDefault->dispatch()
#8 /var/www/html/generated/code/Magento/Framework/Event/Manager/Proxy.php(105): Magento\Framework\Event\Manager->dispatch()
#9 /var/www/html/vendor/magento/framework/Model/AbstractModel.php(866): Magento\Framework\Event\Manager\Proxy->dispatch()
#10 /var/www/html/vendor/magento/framework/EntityManager/Observer/AfterEntitySave.php(34): Magento\Framework\Model\AbstractModel->afterSave()
#11 /var/www/html/vendor/magento/framework/Event/Invoker/InvokerDefault.php(88): Magento\Framework\EntityManager\Observer\AfterEntitySave->execute()
#12 /var/www/html/vendor/magento/framework/Event/Invoker/InvokerDefault.php(74): Magento\Framework\Event\Invoker\InvokerDefault->_callObserverMethod()
#13 /var/www/html/vendor/magento/framework/Event/Manager.php(65): Magento\Framework\Event\Invoker\InvokerDefault->dispatch()
#14 /var/www/html/generated/code/Magento/Framework/Event/Manager/Proxy.php(105): Magento\Framework\Event\Manager->dispatch()
#15 /var/www/html/vendor/magento/framework/EntityManager/EventManager.php(49): Magento\Framework\Event\Manager\Proxy->dispatch()
#16 /var/www/html/vendor/magento/framework/EntityManager/Operation/Create.php(123): Magento\Framework\EntityManager\EventManager->dispatchEntityEvent()
#17 /var/www/html/vendor/magento/framework/EntityManager/EntityManager.php(106): Magento\Framework\EntityManager\Operation\Create->execute()
#18 /var/www/html/vendor/magento/module-cms/Model/ResourceModel/Block.php(247): Magento\Framework\EntityManager\EntityManager->save()
#19 /var/www/html/vendor/magento/framework/Model/AbstractModel.php(682): Magento\Cms\Model\ResourceModel\Block->save()
#20 /var/www/html/vendor/magento/module-cms-sample-data/Model/Block.php(98): Magento\Framework\Model\AbstractModel->save()
#21 /var/www/html/vendor/magento/module-cms-sample-data/Model/Block.php(77): Magento\CmsSampleData\Model\Block->saveCmsBlock()
#22 /var/www/html/vendor/magento/module-cms-sample-data/Setup/Installer.php(60): Magento\CmsSampleData\Model\Block->install()
#23 [internal function]: Magento\CmsSampleData\Setup\Installer->install()
#24 /var/www/html/vendor/magento/framework/App/State.php(183): call_user_func_array()
#25 /var/www/html/generated/code/Magento/Framework/App/State/Interceptor.php(68): Magento\Framework\App\State->emulateAreaCode()
#26 /var/www/html/vendor/magento/framework/Setup/SampleData/Executor.php(54): Magento\Framework\App\State\Interceptor->emulateAreaCode()
#27 /var/www/html/vendor/magento/module-cms-sample-data/Setup/Patch/Data/InstallCmsSampleData.php(47): Magento\Framework\Setup\SampleData\Executor->exec()
#28 /var/www/html/vendor/magento/framework/Setup/Patch/PatchApplier.php(301): Magento\CmsSampleData\Setup\Patch\Data\InstallCmsSampleData->apply()
#29 /var/www/html/vendor/magento/framework/Setup/Patch/PatchApplier.php(165): Magento\Framework\Setup\Patch\PatchApplier->applyPatch()
#30 /var/www/html/setup/src/Magento/Setup/Model/Installer.php(1148): Magento\Framework\Setup\Patch\PatchApplier->applyDataPatch()
#31 /var/www/html/setup/src/Magento/Setup/Model/Installer.php(1020): Magento\Setup\Model\Installer->handleDBSchemaData()
#32 /var/www/html/setup/src/Magento/Setup/Console/Command/UpgradeCommand.php(167): Magento\Setup\Model\Installer->installDataFixtures()
#33 /var/www/html/vendor/symfony/console/Command/Command.php(341): Magento\Setup\Console\Command\UpgradeCommand->execute()
#34 /var/www/html/vendor/symfony/console/Application.php(1094): Symfony\Component\Console\Command\Command->run()
#35 /var/www/html/vendor/symfony/console/Application.php(356): Symfony\Component\Console\Application->doRunCommand()
#36 /var/www/html/vendor/magento/framework/Console/Cli.php(137): Symfony\Component\Console\Application->doRun()
#37 /var/www/html/vendor/symfony/console/Application.php(195): Magento\Framework\Console\Cli->doRun()
#38 /var/www/html/bin/magento(23): Symfony\Component\Console\Application->run()
#39 {main}

Next Magento\Framework\Exception\IntegrationException: An error occurred during get media asset list: There is no such media asset with path "wysiwyg/gear/gear-fitnes.jpg" in /var/www/html/vendor/magento/module-media-gallery/Model/Asset/Command/GetByPath.php:103
Stack trace:
#0 /var/www/html/vendor/magento/module-media-content/Model/ExtractAssetsFromContent.php(88): Magento\MediaGallery\Model\Asset\Command\GetByPath->execute()
#1 /var/www/html/vendor/magento/module-media-content/Model/ExtractAssetsFromContent.php(70): Magento\MediaContent\Model\ExtractAssetsFromContent->getAssetsByPaths()
#2 /var/www/html/vendor/magento/module-media-content/Model/UpdateContentAssetLinks.php(109): Magento\MediaContent\Model\ExtractAssetsFromContent->execute()
#3 /var/www/html/vendor/magento/module-media-content/Model/UpdateContentAssetLinks.php(91): Magento\MediaContent\Model\UpdateContentAssetLinks->updateRelation()
#4 /var/www/html/vendor/magento/module-media-content-cms/Observer/Block.php(82): Magento\MediaContent\Model\UpdateContentAssetLinks->execute()
#5 /var/www/html/vendor/magento/framework/Event/Invoker/InvokerDefault.php(88): Magento\MediaContentCms\Observer\Block->execute()
#6 /var/www/html/vendor/magento/framework/Event/Invoker/InvokerDefault.php(74): Magento\Framework\Event\Invoker\InvokerDefault->_callObserverMethod()
#7 /var/www/html/vendor/magento/framework/Event/Manager.php(65): Magento\Framework\Event\Invoker\InvokerDefault->dispatch()
#8 /var/www/html/generated/code/Magento/Framework/Event/Manager/Proxy.php(105): Magento\Framework\Event\Manager->dispatch()
#9 /var/www/html/vendor/magento/framework/Model/AbstractModel.php(866): Magento\Framework\Event\Manager\Proxy->dispatch()
#10 /var/www/html/vendor/magento/framework/EntityManager/Observer/AfterEntitySave.php(34): Magento\Framework\Model\AbstractModel->afterSave()
#11 /var/www/html/vendor/magento/framework/Event/Invoker/InvokerDefault.php(88): Magento\Framework\EntityManager\Observer\AfterEntitySave->execute()
#12 /var/www/html/vendor/magento/framework/Event/Invoker/InvokerDefault.php(74): Magento\Framework\Event\Invoker\InvokerDefault->_callObserverMethod()
#13 /var/www/html/vendor/magento/framework/Event/Manager.php(65): Magento\Framework\Event\Invoker\InvokerDefault->dispatch()
#14 /var/www/html/generated/code/Magento/Framework/Event/Manager/Proxy.php(105): Magento\Framework\Event\Manager->dispatch()
#15 /var/www/html/vendor/magento/framework/EntityManager/EventManager.php(49): Magento\Framework\Event\Manager\Proxy->dispatch()
#16 /var/www/html/vendor/magento/framework/EntityManager/Operation/Create.php(123): Magento\Framework\EntityManager\EventManager->dispatchEntityEvent()
#17 /var/www/html/vendor/magento/framework/EntityManager/EntityManager.php(106): Magento\Framework\EntityManager\Operation\Create->execute()
#18 /var/www/html/vendor/magento/module-cms/Model/ResourceModel/Block.php(247): Magento\Framework\EntityManager\EntityManager->save()
#19 /var/www/html/vendor/magento/framework/Model/AbstractModel.php(682): Magento\Cms\Model\ResourceModel\Block->save()
#20 /var/www/html/vendor/magento/module-cms-sample-data/Model/Block.php(98): Magento\Framework\Model\AbstractModel->save()
#21 /var/www/html/vendor/magento/module-cms-sample-data/Model/Block.php(77): Magento\CmsSampleData\Model\Block->saveCmsBlock()
#22 /var/www/html/vendor/magento/module-cms-sample-data/Setup/Installer.php(60): Magento\CmsSampleData\Model\Block->install()
#23 [internal function]: Magento\CmsSampleData\Setup\Installer->install()
#24 /var/www/html/vendor/magento/framework/App/State.php(183): call_user_func_array()
#25 /var/www/html/generated/code/Magento/Framework/App/State/Interceptor.php(68): Magento\Framework\App\State->emulateAreaCode()
#26 /var/www/html/vendor/magento/framework/Setup/SampleData/Executor.php(54): Magento\Framework\App\State\Interceptor->emulateAreaCode()
#27 /var/www/html/vendor/magento/module-cms-sample-data/Setup/Patch/Data/InstallCmsSampleData.php(47): Magento\Framework\Setup\SampleData\Executor->exec()
#28 /var/www/html/vendor/magento/framework/Setup/Patch/PatchApplier.php(301): Magento\CmsSampleData\Setup\Patch\Data\InstallCmsSampleData->apply()
#29 /var/www/html/vendor/magento/framework/Setup/Patch/PatchApplier.php(165): Magento\Framework\Setup\Patch\PatchApplier->applyPatch()
#30 /var/www/html/setup/src/Magento/Setup/Model/Installer.php(1148): Magento\Framework\Setup\Patch\PatchApplier->applyDataPatch()
#31 /var/www/html/setup/src/Magento/Setup/Model/Installer.php(1020): Magento\Setup\Model\Installer->handleDBSchemaData()
#32 /var/www/html/setup/src/Magento/Setup/Console/Command/UpgradeCommand.php(167): Magento\Setup\Model\Installer->installDataFixtures()
#33 /var/www/html/vendor/symfony/console/Command/Command.php(341): Magento\Setup\Console\Command\UpgradeCommand->execute()
#34 /var/www/html/vendor/symfony/console/Application.php(1094): Symfony\Component\Console\Command\Command->run()
#35 /var/www/html/vendor/symfony/console/Application.php(356): Symfony\Component\Console\Application->doRunCommand()
#36 /var/www/html/vendor/magento/framework/Console/Cli.php(137): Symfony\Component\Console\Application->doRun()
#37 /var/www/html/vendor/symfony/console/Application.php(195): Magento\Framework\Console\Cli->doRun()
#38 /var/www/html/bin/magento(23): Symfony\Component\Console\Application->run()
#39 {main} {"exception":"[object] (Magento\\Framework\\Exception\\IntegrationException(code: 0): An error occurred during get media asset list: There is no such media asset with path \"wysiwyg/gear/gear-fitnes.jpg\" at /var/www/html/vendor/magento/module-media-gallery/Model/Asset/Command/GetByPath.php:103)
[previous exception] [object] (Magento\\Framework\\Exception\\NoSuchEntityException(code: 0): There is no such media asset with path \"wysiwyg/gear/gear-fitnes.jpg\" at /var/www/html/vendor/magento/module-media-gallery/Model/Asset/Command/GetByPath.php:81)"} []
[2026-07-30T04:14:00.314106+00:00] main.CRITICAL: Magento\Framework\Exception\NoSuchEntityException: There is no such media asset with path "wysiwyg/gear/gear-equipment.jpg" in /var/www/html/vendor/magento/module-media-gallery/Model/Asset/Command/GetByPath.php:81
Stack trace:
#0 /var/www/html/vendor/magento/module-media-content/Model/ExtractAssetsFromContent.php(88): Magento\MediaGallery\Model\Asset\Command\GetByPath->execute()
#1 /var/www/html/vendor/magento/module-media-content/Model/ExtractAssetsFromContent.php(70): Magento\MediaContent\Model\ExtractAssetsFromContent->getAssetsByPaths()
#2 /var/www/html/vendor/magento/module-media-content/Model/UpdateContentAssetLinks.php(109): Magento\MediaContent\Model\ExtractAssetsFromContent->execute()
#3 /var/www/html/vendor/magento/module-media-content/Model/UpdateContentAssetLinks.php(91): Magento\MediaContent\Model\UpdateContentAssetLinks->updateRelation()
#4 /var/www/html/vendor/magento/module-media-content-cms/Observer/Block.php(82): Magento\MediaContent\Model\UpdateContentAssetLinks->execute()
#5 /var/www/html/vendor/magento/framework/Event/Invoker/InvokerDefault.php(88): Magento\MediaContentCms\Observer\Block->execute()
#6 /var/www/html/vendor/magento/framework/Event/Invoker/InvokerDefault.php(74): Magento\Framework\Event\Invoker\InvokerDefault->_callObserverMethod()
#7 /var/www/html/vendor/magento/framework/Event/Manager.php(65): Magento\Framework\Event\Invoker\InvokerDefault->dispatch()
#8 /var/www/html/generated/code/Magento/Framework/Event/Manager/Proxy.php(105): Magento\Framework\Event\Manager->dispatch()
#9 /var/www/html/vendor/magento/framework/Model/AbstractModel.php(866): Magento\Framework\Event\Manager\Proxy->dispatch()
#10 /var/www/html/vendor/magento/framework/EntityManager/Observer/AfterEntitySave.php(34): Magento\Framework\Model\AbstractModel->afterSave()
#11 /var/www/html/vendor/magento/framework/Event/Invoker/InvokerDefault.php(88): Magento\Framework\EntityManager\Observer\AfterEntitySave->execute()
#12 /var/www/html/vendor/magento/framework/Event/Invoker/InvokerDefault.php(74): Magento\Framework\Event\Invoker\InvokerDefault->_callObserverMethod()
#13 /var/www/html/vendor/magento/framework/Event/Manager.php(65): Magento\Framework\Event\Invoker\InvokerDefault->dispatch()
#14 /var/www/html/generated/code/Magento/Framework/Event/Manager/Proxy.php(105): Magento\Framework\Event\Manager->dispatch()
#15 /var/www/html/vendor/magento/framework/EntityManager/EventManager.php(49): Magento\Framework\Event\Manager\Proxy->dispatch()
#16 /var/www/html/vendor/magento/framework/EntityManager/Operation/Create.php(123): Magento\Framework\EntityManager\EventManager->dispatchEntityEvent()
#17 /var/www/html/vendor/magento/framework/EntityManager/EntityManager.php(106): Magento\Framework\EntityManager\Operation\Create->execute()
#18 /var/www/html/vendor/magento/module-cms/Model/ResourceModel/Block.php(247): Magento\Framework\EntityManager\EntityManager->save()
#19 /var/www/html/vendor/magento/framework/Model/AbstractModel.php(682): Magento\Cms\Model\ResourceModel\Block->save()
#20 /var/www/html/vendor/magento/module-cms-sample-data/Model/Block.php(98): Magento\Framework\Model\AbstractModel->save()
#21 /var/www/html/vendor/magento/module-cms-sample-data/Model/Block.php(77): Magento\CmsSampleData\Model\Block->saveCmsBlock()
#22 /var/www/html/vendor/magento/module-cms-sample-data/Setup/Installer.php(60): Magento\CmsSampleData\Model\Block->install()
#23 [internal function]: Magento\CmsSampleData\Setup\Installer->install()
#24 /var/www/html/vendor/magento/framework/App/State.php(183): call_user_func_array()
#25 /var/www/html/generated/code/Magento/Framework/App/State/Interceptor.php(68): Magento\Framework\App\State->emulateAreaCode()
#26 /var/www/html/vendor/magento/framework/Setup/SampleData/Executor.php(54): Magento\Framework\App\State\Interceptor->emulateAreaCode()
#27 /var/www/html/vendor/magento/module-cms-sample-data/Setup/Patch/Data/InstallCmsSampleData.php(47): Magento\Framework\Setup\SampleData\Executor->exec()
#28 /var/www/html/vendor/magento/framework/Setup/Patch/PatchApplier.php(301): Magento\CmsSampleData\Setup\Patch\Data\InstallCmsSampleData->apply()
#29 /var/www/html/vendor/magento/framework/Setup/Patch/PatchApplier.php(165): Magento\Framework\Setup\Patch\PatchApplier->applyPatch()
#30 /var/www/html/setup/src/Magento/Setup/Model/Installer.php(1148): Magento\Framework\Setup\Patch\PatchApplier->applyDataPatch()
#31 /var/www/html/setup/src/Magento/Setup/Model/Installer.php(1020): Magento\Setup\Model\Installer->handleDBSchemaData()
#32 /var/www/html/setup/src/Magento/Setup/Console/Command/UpgradeCommand.php(167): Magento\Setup\Model\Installer->installDataFixtures()
#33 /var/www/html/vendor/symfony/console/Command/Command.php(341): Magento\Setup\Console\Command\UpgradeCommand->execute()
#34 /var/www/html/vendor/symfony/console/Application.php(1094): Symfony\Component\Console\Command\Command->run()
#35 /var/www/html/vendor/symfony/console/Application.php(356): Symfony\Component\Console\Application->doRunCommand()
#36 /var/www/html/vendor/magento/framework/Console/Cli.php(137): Symfony\Component\Console\Application->doRun()
#37 /var/www/html/vendor/symfony/console/Application.php(195): Magento\Framework\Console\Cli->doRun()
#38 /var/www/html/bin/magento(23): Symfony\Component\Console\Application->run()
#39 {main} {"exception":"[object] (Magento\\Framework\\Exception\\NoSuchEntityException(code: 0): There is no such media asset with path \"wysiwyg/gear/gear-equipment.jpg\" at /var/www/html/vendor/magento/module-media-gallery/Model/Asset/Command/GetByPath.php:81)"} []
[2026-07-30T04:14:00.314197+00:00] main.CRITICAL: Magento\Framework\Exception\NoSuchEntityException: There is no such media asset with path "wysiwyg/gear/gear-equipment.jpg" in /var/www/html/vendor/magento/module-media-gallery/Model/Asset/Command/GetByPath.php:81
Stack trace:
#0 /var/www/html/vendor/magento/module-media-content/Model/ExtractAssetsFromContent.php(88): Magento\MediaGallery\Model\Asset\Command\GetByPath->execute()
#1 /var/www/html/vendor/magento/module-media-content/Model/ExtractAssetsFromContent.php(70): Magento\MediaContent\Model\ExtractAssetsFromContent->getAssetsByPaths()
#2 /var/www/html/vendor/magento/module-media-content/Model/UpdateContentAssetLinks.php(109): Magento\MediaContent\Model\ExtractAssetsFromContent->execute()
#3 /var/www/html/vendor/magento/module-media-content/Model/UpdateContentAssetLinks.php(91): Magento\MediaContent\Model\UpdateContentAssetLinks->updateRelation()
#4 /var/www/html/vendor/magento/module-media-content-cms/Observer/Block.php(82): Magento\MediaContent\Model\UpdateContentAssetLinks->execute()
#5 /var/www/html/vendor/magento/framework/Event/Invoker/InvokerDefault.php(88): Magento\MediaContentCms\Observer\Block->execute()
#6 /var/www/html/vendor/magento/framework/Event/Invoker/InvokerDefault.php(74): Magento\Framework\Event\Invoker\InvokerDefault->_callObserverMethod()
#7 /var/www/html/vendor/magento/framework/Event/Manager.php(65): Magento\Framework\Event\Invoker\InvokerDefault->dispatch()
#8 /var/www/html/generated/code/Magento/Framework/Event/Manager/Proxy.php(105): Magento\Framework\Event\Manager->dispatch()
#9 /var/www/html/vendor/magento/framework/Model/AbstractModel.php(866): Magento\Framework\Event\Manager\Proxy->dispatch()
#10 /var/www/html/vendor/magento/framework/EntityManager/Observer/AfterEntitySave.php(34): Magento\Framework\Model\AbstractModel->afterSave()
#11 /var/www/html/vendor/magento/framework/Event/Invoker/InvokerDefault.php(88): Magento\Framework\EntityManager\Observer\AfterEntitySave->execute()
#12 /var/www/html/vendor/magento/framework/Event/Invoker/InvokerDefault.php(74): Magento\Framework\Event\Invoker\InvokerDefault->_callObserverMethod()
#13 /var/www/html/vendor/magento/framework/Event/Manager.php(65): Magento\Framework\Event\Invoker\InvokerDefault->dispatch()
#14 /var/www/html/generated/code/Magento/Framework/Event/Manager/Proxy.php(105): Magento\Framework\Event\Manager->dispatch()
#15 /var/www/html/vendor/magento/framework/EntityManager/EventManager.php(49): Magento\Framework\Event\Manager\Proxy->dispatch()
#16 /var/www/html/vendor/magento/framework/EntityManager/Operation/Create.php(123): Magento\Framework\EntityManager\EventManager->dispatchEntityEvent()
#17 /var/www/html/vendor/magento/framework/EntityManager/EntityManager.php(106): Magento\Framework\EntityManager\Operation\Create->execute()
#18 /var/www/html/vendor/magento/module-cms/Model/ResourceModel/Block.php(247): Magento\Framework\EntityManager\EntityManager->save()
#19 /var/www/html/vendor/magento/framework/Model/AbstractModel.php(682): Magento\Cms\Model\ResourceModel\Block->save()
#20 /var/www/html/vendor/magento/module-cms-sample-data/Model/Block.php(98): Magento\Framework\Model\AbstractModel->save()
#21 /var/www/html/vendor/magento/module-cms-sample-data/Model/Block.php(77): Magento\CmsSampleData\Model\Block->saveCmsBlock()
#22 /var/www/html/vendor/magento/module-cms-sample-data/Setup/Installer.php(60): Magento\CmsSampleData\Model\Block->install()
#23 [internal function]: Magento\CmsSampleData\Setup\Installer->install()
#24 /var/www/html/vendor/magento/framework/App/State.php(183): call_user_func_array()
#25 /var/www/html/generated/code/Magento/Framework/App/State/Interceptor.php(68): Magento\Framework\App\State->emulateAreaCode()
#26 /var/www/html/vendor/magento/framework/Setup/SampleData/Executor.php(54): Magento\Framework\App\State\Interceptor->emulateAreaCode()
#27 /var/www/html/vendor/magento/module-cms-sample-data/Setup/Patch/Data/InstallCmsSampleData.php(47): Magento\Framework\Setup\SampleData\Executor->exec()
#28 /var/www/html/vendor/magento/framework/Setup/Patch/PatchApplier.php(301): Magento\CmsSampleData\Setup\Patch\Data\InstallCmsSampleData->apply()
#29 /var/www/html/vendor/magento/framework/Setup/Patch/PatchApplier.php(165): Magento\Framework\Setup\Patch\PatchApplier->applyPatch()
#30 /var/www/html/setup/src/Magento/Setup/Model/Installer.php(1148): Magento\Framework\Setup\Patch\PatchApplier->applyDataPatch()
#31 /var/www/html/setup/src/Magento/Setup/Model/Installer.php(1020): Magento\Setup\Model\Installer->handleDBSchemaData()
#32 /var/www/html/setup/src/Magento/Setup/Console/Command/UpgradeCommand.php(167): Magento\Setup\Model\Installer->installDataFixtures()
#33 /var/www/html/vendor/symfony/console/Command/Command.php(341): Magento\Setup\Console\Command\UpgradeCommand->execute()
#34 /var/www/html/vendor/symfony/console/Application.php(1094): Symfony\Component\Console\Command\Command->run()
#35 /var/www/html/vendor/symfony/console/Application.php(356): Symfony\Component\Console\Application->doRunCommand()
#36 /var/www/html/vendor/magento/framework/Console/Cli.php(137): Symfony\Component\Console\Application->doRun()
#37 /var/www/html/vendor/symfony/console/Application.php(195): Magento\Framework\Console\Cli->doRun()
#38 /var/www/html/bin/magento(23): Symfony\Component\Console\Application->run()
#39 {main}

Next Magento\Framework\Exception\IntegrationException: An error occurred during get media asset list: There is no such media asset with path "wysiwyg/gear/gear-equipment.jpg" in /var/www/html/vendor/magento/module-media-gallery/Model/Asset/Command/GetByPath.php:103
Stack trace:
#0 /var/www/html/vendor/magento/module-media-content/Model/ExtractAssetsFromContent.php(88): Magento\MediaGallery\Model\Asset\Command\GetByPath->execute()
#1 /var/www/html/vendor/magento/module-media-content/Model/ExtractAssetsFromContent.php(70): Magento\MediaContent\Model\ExtractAssetsFromContent->getAssetsByPaths()
#2 /var/www/html/vendor/magento/module-media-content/Model/UpdateContentAssetLinks.php(109): Magento\MediaContent\Model\ExtractAssetsFromContent->execute()
#3 /var/www/html/vendor/magento/module-media-content/Model/UpdateContentAssetLinks.php(91): Magento\MediaContent\Model\UpdateContentAssetLinks->updateRelation()
#4 /var/www/html/vendor/magento/module-media-content-cms/Observer/Block.php(82): Magento\MediaContent\Model\UpdateContentAssetLinks->execute()
#5 /var/www/html/vendor/magento/framework/Event/Invoker/InvokerDefault.php(88): Magento\MediaContentCms\Observer\Block->execute()
#6 /var/www/html/vendor/magento/framework/Event/Invoker/InvokerDefault.php(74): Magento\Framework\Event\Invoker\InvokerDefault->_callObserverMethod()
#7 /var/www/html/vendor/magento/framework/Event/Manager.php(65): Magento\Framework\Event\Invoker\InvokerDefault->dispatch()
#8 /var/www/html/generated/code/Magento/Framework/Event/Manager/Proxy.php(105): Magento\Framework\Event\Manager->dispatch()
#9 /var/www/html/vendor/magento/framework/Model/AbstractModel.php(866): Magento\Framework\Event\Manager\Proxy->dispatch()
#10 /var/www/html/vendor/magento/framework/EntityManager/Observer/AfterEntitySave.php(34): Magento\Framework\Model\AbstractModel->afterSave()
#11 /var/www/html/vendor/magento/framework/Event/Invoker/InvokerDefault.php(88): Magento\Framework\EntityManager\Observer\AfterEntitySave->execute()
#12 /var/www/html/vendor/magento/framework/Event/Invoker/InvokerDefault.php(74): Magento\Framework\Event\Invoker\InvokerDefault->_callObserverMethod()
#13 /var/www/html/vendor/magento/framework/Event/Manager.php(65): Magento\Framework\Event\Invoker\InvokerDefault->dispatch()
#14 /var/www/html/generated/code/Magento/Framework/Event/Manager/Proxy.php(105): Magento\Framework\Event\Manager->dispatch()
#15 /var/www/html/vendor/magento/framework/EntityManager/EventManager.php(49): Magento\Framework\Event\Manager\Proxy->dispatch()
#16 /var/www/html/vendor/magento/framework/EntityManager/Operation/Create.php(123): Magento\Framework\EntityManager\EventManager->dispatchEntityEvent()
#17 /var/www/html/vendor/magento/framework/EntityManager/EntityManager.php(106): Magento\Framework\EntityManager\Operation\Create->execute()
#18 /var/www/html/vendor/magento/module-cms/Model/ResourceModel/Block.php(247): Magento\Framework\EntityManager\EntityManager->save()
#19 /var/www/html/vendor/magento/framework/Model/AbstractModel.php(682): Magento\Cms\Model\ResourceModel\Block->save()
#20 /var/www/html/vendor/magento/module-cms-sample-data/Model/Block.php(98): Magento\Framework\Model\AbstractModel->save()
#21 /var/www/html/vendor/magento/module-cms-sample-data/Model/Block.php(77): Magento\CmsSampleData\Model\Block->saveCmsBlock()
#22 /var/www/html/vendor/magento/module-cms-sample-data/Setup/Installer.php(60): Magento\CmsSampleData\Model\Block->install()
#23 [internal function]: Magento\CmsSampleData\Setup\Installer->install()
#24 /var/www/html/vendor/magento/framework/App/State.php(183): call_user_func_array()
#25 /var/www/html/generated/code/Magento/Framework/App/State/Interceptor.php(68): Magento\Framework\App\State->emulateAreaCode()
#26 /var/www/html/vendor/magento/framework/Setup/SampleData/Executor.php(54): Magento\Framework\App\State\Interceptor->emulateAreaCode()
#27 /var/www/html/vendor/magento/module-cms-sample-data/Setup/Patch/Data/InstallCmsSampleData.php(47): Magento\Framework\Setup\SampleData\Executor->exec()
#28 /var/www/html/vendor/magento/framework/Setup/Patch/PatchApplier.php(301): Magento\CmsSampleData\Setup\Patch\Data\InstallCmsSampleData->apply()
#29 /var/www/html/vendor/magento/framework/Setup/Patch/PatchApplier.php(165): Magento\Framework\Setup\Patch\PatchApplier->applyPatch()
#30 /var/www/html/setup/src/Magento/Setup/Model/Installer.php(1148): Magento\Framework\Setup\Patch\PatchApplier->applyDataPatch()
#31 /var/www/html/setup/src/Magento/Setup/Model/Installer.php(1020): Magento\Setup\Model\Installer->handleDBSchemaData()
#32 /var/www/html/setup/src/Magento/Setup/Console/Command/UpgradeCommand.php(167): Magento\Setup\Model\Installer->installDataFixtures()
#33 /var/www/html/vendor/symfony/console/Command/Command.php(341): Magento\Setup\Console\Command\UpgradeCommand->execute()
#34 /var/www/html/vendor/symfony/console/Application.php(1094): Symfony\Component\Console\Command\Command->run()
#35 /var/www/html/vendor/symfony/console/Application.php(356): Symfony\Component\Console\Application->doRunCommand()
#36 /var/www/html/vendor/magento/framework/Console/Cli.php(137): Symfony\Component\Console\Application->doRun()
#37 /var/www/html/vendor/symfony/console/Application.php(195): Magento\Framework\Console\Cli->doRun()
#38 /var/www/html/bin/magento(23): Symfony\Component\Console\Application->run()
#39 {main} {"exception":"[object] (Magento\\Framework\\Exception\\IntegrationException(code: 0): An error occurred during get media asset list: There is no such media asset with path \"wysiwyg/gear/gear-equipment.jpg\" at /var/www/html/vendor/magento/module-media-gallery/Model/Asset/Command/GetByPath.php:103)
[previous exception] [object] (Magento\\Framework\\Exception\\NoSuchEntityException(code: 0): There is no such media asset with path \"wysiwyg/gear/gear-equipment.jpg\" at /var/www/html/vendor/magento/module-media-gallery/Model/Asset/Command/GetByPath.php:81)"} []
[2026-07-30T04:14:00.314408+00:00] main.CRITICAL: Magento\Framework\Exception\NoSuchEntityException: There is no such media asset with path "wysiwyg/gear/gear-category-bags.jpg" in /var/www/html/vendor/magento/module-media-gallery/Model/Asset/Command/GetByPath.php:81
Stack trace:
#0 /var/www/html/vendor/magento/module-media-content/Model/ExtractAssetsFromContent.php(88): Magento\MediaGallery\Model\Asset\Command\GetByPath->execute()
#1 /var/www/html/vendor/magento/module-media-content/Model/ExtractAssetsFromContent.php(70): Magento\MediaContent\Model\ExtractAssetsFromContent->getAssetsByPaths()
#2 /var/www/html/vendor/magento/module-media-content/Model/UpdateContentAssetLinks.php(109): Magento\MediaContent\Model\ExtractAssetsFromContent->execute()
#3 /var/www/html/vendor/magento/module-media-content/Model/UpdateContentAssetLinks.php(91): Magento\MediaContent\Model\UpdateContentAssetLinks->updateRelation()
#4 /var/www/html/vendor/magento/module-media-content-cms/Observer/Block.php(82): Magento\MediaContent\Model\UpdateContentAssetLinks->execute()
#5 /var/www/html/vendor/magento/framework/Event/Invoker/InvokerDefault.php(88): Magento\MediaContentCms\Observer\Block->execute()
#6 /var/www/html/vendor/magento/framework/Event/Invoker/InvokerDefault.php(74): Magento\Framework\Event\Invoker\InvokerDefault->_callObserverMethod()
#7 /var/www/html/vendor/magento/framework/Event/Manager.php(65): Magento\Framework\Event\Invoker\InvokerDefault->dispatch()
#8 /var/www/html/generated/code/Magento/Framework/Event/Manager/Proxy.php(105): Magento\Framework\Event\Manager->dispatch()
#9 /var/www/html/vendor/magento/framework/Model/AbstractModel.php(866): Magento\Framework\Event\Manager\Proxy->dispatch()
#10 /var/www/html/vendor/magento/framework/EntityManager/Observer/AfterEntitySave.php(34): Magento\Framework\Model\AbstractModel->afterSave()
#11 /var/www/html/vendor/magento/framework/Event/Invoker/InvokerDefault.php(88): Magento\Framework\EntityManager\Observer\AfterEntitySave->execute()
#12 /var/www/html/vendor/magento/framework/Event/Invoker/InvokerDefault.php(74): Magento\Framework\Event\Invoker\InvokerDefault->_callObserverMethod()
#13 /var/www/html/vendor/magento/framework/Event/Manager.php(65): Magento\Framework\Event\Invoker\InvokerDefault->dispatch()
#14 /var/www/html/generated/code/Magento/Framework/Event/Manager/Proxy.php(105): Magento\Framework\Event\Manager->dispatch()
#15 /var/www/html/vendor/magento/framework/EntityManager/EventManager.php(49): Magento\Framework\Event\Manager\Proxy->dispatch()
#16 /var/www/html/vendor/magento/framework/EntityManager/Operation/Create.php(123): Magento\Framework\EntityManager\EventManager->dispatchEntityEvent()
#17 /var/www/html/vendor/magento/framework/EntityManager/EntityManager.php(106): Magento\Framework\EntityManager\Operation\Create->execute()
#18 /var/www/html/vendor/magento/module-cms/Model/ResourceModel/Block.php(247): Magento\Framework\EntityManager\EntityManager->save()
#19 /var/www/html/vendor/magento/framework/Model/AbstractModel.php(682): Magento\Cms\Model\ResourceModel\Block->save()
#20 /var/www/html/vendor/magento/module-cms-sample-data/Model/Block.php(98): Magento\Framework\Model\AbstractModel->save()
#21 /var/www/html/vendor/magento/module-cms-sample-data/Model/Block.php(77): Magento\CmsSampleData\Model\Block->saveCmsBlock()
#22 /var/www/html/vendor/magento/module-cms-sample-data/Setup/Installer.php(60): Magento\CmsSampleData\Model\Block->install()
#23 [internal function]: Magento\CmsSampleData\Setup\Installer->install()
#24 /var/www/html/vendor/magento/framework/App/State.php(183): call_user_func_array()
#25 /var/www/html/generated/code/Magento/Framework/App/State/Interceptor.php(68): Magento\Framework\App\State->emulateAreaCode()
#26 /var/www/html/vendor/magento/framework/Setup/SampleData/Executor.php(54): Magento\Framework\App\State\Interceptor->emulateAreaCode()
#27 /var/www/html/vendor/magento/module-cms-sample-data/Setup/Patch/Data/InstallCmsSampleData.php(47): Magento\Framework\Setup\SampleData\Executor->exec()
#28 /var/www/html/vendor/magento/framework/Setup/Patch/PatchApplier.php(301): Magento\CmsSampleData\Setup\Patch\Data\InstallCmsSampleData->apply()
#29 /var/www/html/vendor/magento/framework/Setup/Patch/PatchApplier.php(165): Magento\Framework\Setup\Patch\PatchApplier->applyPatch()
#30 /var/www/html/setup/src/Magento/Setup/Model/Installer.php(1148): Magento\Framework\Setup\Patch\PatchApplier->applyDataPatch()
#31 /var/www/html/setup/src/Magento/Setup/Model/Installer.php(1020): Magento\Setup\Model\Installer->handleDBSchemaData()
#32 /var/www/html/setup/src/Magento/Setup/Console/Command/UpgradeCommand.php(167): Magento\Setup\Model\Installer->installDataFixtures()
#33 /var/www/html/vendor/symfony/console/Command/Command.php(341): Magento\Setup\Console\Command\UpgradeCommand->execute()
#34 /var/www/html/vendor/symfony/console/Application.php(1094): Symfony\Component\Console\Command\Command->run()
#35 /var/www/html/vendor/symfony/console/Application.php(356): Symfony\Component\Console\Application->doRunCommand()
#36 /var/www/html/vendor/magento/framework/Console/Cli.php(137): Symfony\Component\Console\Application->doRun()
#37 /var/www/html/vendor/symfony/console/Application.php(195): Magento\Framework\Console\Cli->doRun()
#38 /var/www/html/bin/magento(23): Symfony\Component\Console\Application->run()
#39 {main} {"exception":"[object] (Magento\\Framework\\Exception\\NoSuchEntityException(code: 0): There is no such media asset with path \"wysiwyg/gear/gear-category-bags.jpg\" at /var/www/html/vendor/magento/module-media-gallery/Model/Asset/Command/GetByPath.php:81)"} []
[2026-07-30T04:14:00.314502+00:00] main.CRITICAL: Magento\Framework\Exception\NoSuchEntityException: There is no such media asset with path "wysiwyg/gear/gear-category-bags.jpg" in /var/www/html/vendor/magento/module-media-gallery/Model/Asset/Command/GetByPath.php:81
Stack trace:
#0 /var/www/html/vendor/magento/module-media-content/Model/ExtractAssetsFromContent.php(88): Magento\MediaGallery\Model\Asset\Command\GetByPath->execute()
#1 /var/www/html/vendor/magento/module-media-content/Model/ExtractAssetsFromContent.php(70): Magento\MediaContent\Model\ExtractAssetsFromContent->getAssetsByPaths()
#2 /var/www/html/vendor/magento/module-media-content/Model/UpdateContentAssetLinks.php(109): Magento\MediaContent\Model\ExtractAssetsFromContent->execute()
#3 /var/www/html/vendor/magento/module-media-content/Model/UpdateContentAssetLinks.php(91): Magento\MediaContent\Model\UpdateContentAssetLinks->updateRelation()
#4 /var/www/html/vendor/magento/module-media-content-cms/Observer/Block.php(82): Magento\MediaContent\Model\UpdateContentAssetLinks->execute()
#5 /var/www/html/vendor/magento/framework/Event/Invoker/InvokerDefault.php(88): Magento\MediaContentCms\Observer\Block->execute()
#6 /var/www/html/vendor/magento/framework/Event/Invoker/InvokerDefault.php(74): Magento\Framework\Event\Invoker\InvokerDefault->_callObserverMethod()
#7 /var/www/html/vendor/magento/framework/Event/Manager.php(65): Magento\Framework\Event\Invoker\InvokerDefault->dispatch()
#8 /var/www/html/generated/code/Magento/Framework/Event/Manager/Proxy.php(105): Magento\Framework\Event\Manager->dispatch()
#9 /var/www/html/vendor/magento/framework/Model/AbstractModel.php(866): Magento\Framework\Event\Manager\Proxy->dispatch()
#10 /var/www/html/vendor/magento/framework/EntityManager/Observer/AfterEntitySave.php(34): Magento\Framework\Model\AbstractModel->afterSave()
#11 /var/www/html/vendor/magento/framework/Event/Invoker/InvokerDefault.php(88): Magento\Framework\EntityManager\Observer\AfterEntitySave->execute()
#12 /var/www/html/vendor/magento/framework/Event/Invoker/InvokerDefault.php(74): Magento\Framework\Event\Invoker\InvokerDefault->_callObserverMethod()
#13 /var/www/html/vendor/magento/framework/Event/Manager.php(65): Magento\Framework\Event\Invoker\InvokerDefault->dispatch()
#14 /var/www/html/generated/code/Magento/Framework/Event/Manager/Proxy.php(105): Magento\Framework\Event\Manager->dispatch()
#15 /var/www/html/vendor/magento/framework/EntityManager/EventManager.php(49): Magento\Framework\Event\Manager\Proxy->dispatch()
#16 /var/www/html/vendor/magento/framework/EntityManager/Operation/Create.php(123): Magento\Framework\EntityManager\EventManager->dispatchEntityEvent()
#17 /var/www/html/vendor/magento/framework/EntityManager/EntityManager.php(106): Magento\Framework\EntityManager\Operation\Create->execute()
#18 /var/www/html/vendor/magento/module-cms/Model/ResourceModel/Block.php(247): Magento\Framework\EntityManager\EntityManager->save()
#19 /var/www/html/vendor/magento/framework/Model/AbstractModel.php(682): Magento\Cms\Model\ResourceModel\Block->save()
#20 /var/www/html/vendor/magento/module-cms-sample-data/Model/Block.php(98): Magento\Framework\Model\AbstractModel->save()
#21 /var/www/html/vendor/magento/module-cms-sample-data/Model/Block.php(77): Magento\CmsSampleData\Model\Block->saveCmsBlock()
#22 /var/www/html/vendor/magento/module-cms-sample-data/Setup/Installer.php(60): Magento\CmsSampleData\Model\Block->install()
#23 [internal function]: Magento\CmsSampleData\Setup\Installer->install()
#24 /var/www/html/vendor/magento/framework/App/State.php(183): call_user_func_array()
#25 /var/www/html/generated/code/Magento/Framework/App/State/Interceptor.php(68): Magento\Framework\App\State->emulateAreaCode()
#26 /var/www/html/vendor/magento/framework/Setup/SampleData/Executor.php(54): Magento\Framework\App\State\Interceptor->emulateAreaCode()
#27 /var/www/html/vendor/magento/module-cms-sample-data/Setup/Patch/Data/InstallCmsSampleData.php(47): Magento\Framework\Setup\SampleData\Executor->exec()
#28 /var/www/html/vendor/magento/framework/Setup/Patch/PatchApplier.php(301): Magento\CmsSampleData\Setup\Patch\Data\InstallCmsSampleData->apply()
#29 /var/www/html/vendor/magento/framework/Setup/Patch/PatchApplier.php(165): Magento\Framework\Setup\Patch\PatchApplier->applyPatch()
#30 /var/www/html/setup/src/Magento/Setup/Model/Installer.php(1148): Magento\Framework\Setup\Patch\PatchApplier->applyDataPatch()
#31 /var/www/html/setup/src/Magento/Setup/Model/Installer.php(1020): Magento\Setup\Model\Installer->handleDBSchemaData()
#32 /var/www/html/setup/src/Magento/Setup/Console/Command/UpgradeCommand.php(167): Magento\Setup\Model\Installer->installDataFixtures()
#33 /var/www/html/vendor/symfony/console/Command/Command.php(341): Magento\Setup\Console\Command\UpgradeCommand->execute()
#34 /var/www/html/vendor/symfony/console/Application.php(1094): Symfony\Component\Console\Command\Command->run()
#35 /var/www/html/vendor/symfony/console/Application.php(356): Symfony\Component\Console\Application->doRunCommand()
#36 /var/www/html/vendor/magento/framework/Console/Cli.php(137): Symfony\Component\Console\Application->doRun()
#37 /var/www/html/vendor/symfony/console/Application.php(195): Magento\Framework\Console\Cli->doRun()
#38 /var/www/html/bin/magento(23): Symfony\Component\Console\Application->run()
#39 {main}

Next Magento\Framework\Exception\IntegrationException: An error occurred during get media asset list: There is no such media asset with path "wysiwyg/gear/gear-category-bags.jpg" in /var/www/html/vendor/magento/module-media-gallery/Model/Asset/Command/GetByPath.php:103
Stack trace:
#0 /var/www/html/vendor/magento/module-media-content/Model/ExtractAssetsFromContent.php(88): Magento\MediaGallery\Model\Asset\Command\GetByPath->execute()
#1 /var/www/html/vendor/magento/module-media-content/Model/ExtractAssetsFromContent.php(70): Magento\MediaContent\Model\ExtractAssetsFromContent->getAssetsByPaths()
#2 /var/www/html/vendor/magento/module-media-content/Model/UpdateContentAssetLinks.php(109): Magento\MediaContent\Model\ExtractAssetsFromContent->execute()
#3 /var/www/html/vendor/magento/module-media-content/Model/UpdateContentAssetLinks.php(91): Magento\MediaContent\Model\UpdateContentAssetLinks->updateRelation()
#4 /var/www/html/vendor/magento/module-media-content-cms/Observer/Block.php(82): Magento\MediaContent\Model\UpdateContentAssetLinks->execute()
#5 /var/www/html/vendor/magento/framework/Event/Invoker/InvokerDefault.php(88): Magento\MediaContentCms\Observer\Block->execute()
#6 /var/www/html/vendor/magento/framework/Event/Invoker/InvokerDefault.php(74): Magento\Framework\Event\Invoker\InvokerDefault->_callObserverMethod()
#7 /var/www/html/vendor/magento/framework/Event/Manager.php(65): Magento\Framework\Event\Invoker\InvokerDefault->dispatch()
#8 /var/www/html/generated/code/Magento/Framework/Event/Manager/Proxy.php(105): Magento\Framework\Event\Manager->dispatch()
#9 /var/www/html/vendor/magento/framework/Model/AbstractModel.php(866): Magento\Framework\Event\Manager\Proxy->dispatch()
#10 /var/www/html/vendor/magento/framework/EntityManager/Observer/AfterEntitySave.php(34): Magento\Framework\Model\AbstractModel->afterSave()
#11 /var/www/html/vendor/magento/framework/Event/Invoker/InvokerDefault.php(88): Magento\Framework\EntityManager\Observer\AfterEntitySave->execute()
#12 /var/www/html/vendor/magento/framework/Event/Invoker/InvokerDefault.php(74): Magento\Framework\Event\Invoker\InvokerDefault->_callObserverMethod()
#13 /var/www/html/vendor/magento/framework/Event/Manager.php(65): Magento\Framework\Event\Invoker\InvokerDefault->dispatch()
#14 /var/www/html/generated/code/Magento/Framework/Event/Manager/Proxy.php(105): Magento\Framework\Event\Manager->dispatch()
#15 /var/www/html/vendor/magento/framework/EntityManager/EventManager.php(49): Magento\Framework\Event\Manager\Proxy->dispatch()
#16 /var/www/html/vendor/magento/framework/EntityManager/Operation/Create.php(123): Magento\Framework\EntityManager\EventManager->dispatchEntityEvent()
#17 /var/www/html/vendor/magento/framework/EntityManager/EntityManager.php(106): Magento\Framework\EntityManager\Operation\Create->execute()
#18 /var/www/html/vendor/magento/module-cms/Model/ResourceModel/Block.php(247): Magento\Framework\EntityManager\EntityManager->save()
#19 /var/www/html/vendor/magento/framework/Model/AbstractModel.php(682): Magento\Cms\Model\ResourceModel\Block->save()
#20 /var/www/html/vendor/magento/module-cms-sample-data/Model/Block.php(98): Magento\Framework\Model\AbstractModel->save()
#21 /var/www/html/vendor/magento/module-cms-sample-data/Model/Block.php(77): Magento\CmsSampleData\Model\Block->saveCmsBlock()
#22 /var/www/html/vendor/magento/module-cms-sample-data/Setup/Installer.php(60): Magento\CmsSampleData\Model\Block->install()
#23 [internal function]: Magento\CmsSampleData\Setup\Installer->install()
#24 /var/www/html/vendor/magento/framework/App/State.php(183): call_user_func_array()
#25 /var/www/html/generated/code/Magento/Framework/App/State/Interceptor.php(68): Magento\Framework\App\State->emulateAreaCode()
#26 /var/www/html/vendor/magento/framework/Setup/SampleData/Executor.php(54): Magento\Framework\App\State\Interceptor->emulateAreaCode()
#27 /var/www/html/vendor/magento/module-cms-sample-data/Setup/Patch/Data/InstallCmsSampleData.php(47): Magento\Framework\Setup\SampleData\Executor->exec()
#28 /var/www/html/vendor/magento/framework/Setup/Patch/PatchApplier.php(301): Magento\CmsSampleData\Setup\Patch\Data\InstallCmsSampleData->apply()
#29 /var/www/html/vendor/magento/framework/Setup/Patch/PatchApplier.php(165): Magento\Framework\Setup\Patch\PatchApplier->applyPatch()
#30 /var/www/html/setup/src/Magento/Setup/Model/Installer.php(1148): Magento\Framework\Setup\Patch\PatchApplier->applyDataPatch()
#31 /var/www/html/setup/src/Magento/Setup/Model/Installer.php(1020): Magento\Setup\Model\Installer->handleDBSchemaData()
#32 /var/www/html/setup/src/Magento/Setup/Console/Command/UpgradeCommand.php(167): Magento\Setup\Model\Installer->installDataFixtures()
#33 /var/www/html/vendor/symfony/console/Command/Command.php(341): Magento\Setup\Console\Command\UpgradeCommand->execute()
#34 /var/www/html/vendor/symfony/console/Application.php(1094): Symfony\Component\Console\Command\Command->run()
#35 /var/www/html/vendor/symfony/console/Application.php(356): Symfony\Component\Console\Application->doRunCommand()
#36 /var/www/html/vendor/magento/framework/Console/Cli.php(137): Symfony\Component\Console\Application->doRun()
#37 /var/www/html/vendor/symfony/console/Application.php(195): Magento\Framework\Console\Cli->doRun()
#38 /var/www/html/bin/magento(23): Symfony\Component\Console\Application->run()
#39 {main} {"exception":"[object] (Magento\\Framework\\Exception\\IntegrationException(code: 0): An error occurred during get media asset list: There is no such media asset with path \"wysiwyg/gear/gear-category-bags.jpg\" at /var/www/html/vendor/magento/module-media-gallery/Model/Asset/Command/GetByPath.php:103)
[previous exception] [object] (Magento\\Framework\\Exception\\NoSuchEntityException(code: 0): There is no such media asset with path \"wysiwyg/gear/gear-category-bags.jpg\" at /var/www/html/vendor/magento/module-media-gallery/Model/Asset/Command/GetByPath.php:81)"} []
[2026-07-30T04:14:00.314717+00:00] main.CRITICAL: Magento\Framework\Exception\NoSuchEntityException: There is no such media asset with path "wysiwyg/gear/gear-category-equipment.jpg" in /var/www/html/vendor/magento/module-media-gallery/Model/Asset/Command/GetByPath.php:81
Stack trace:
#0 /var/www/html/vendor/magento/module-media-content/Model/ExtractAssetsFromContent.php(88): Magento\MediaGallery\Model\Asset\Command\GetByPath->execute()
#1 /var/www/html/vendor/magento/module-media-content/Model/ExtractAssetsFromContent.php(70): Magento\MediaContent\Model\ExtractAssetsFromContent->getAssetsByPaths()
#2 /var/www/html/vendor/magento/module-media-content/Model/UpdateContentAssetLinks.php(109): Magento\MediaContent\Model\ExtractAssetsFromContent->execute()
#3 /var/www/html/vendor/magento/module-media-content/Model/UpdateContentAssetLinks.php(91): Magento\MediaContent\Model\UpdateContentAssetLinks->updateRelation()
#4 /var/www/html/vendor/magento/module-media-content-cms/Observer/Block.php(82): Magento\MediaContent\Model\UpdateContentAssetLinks->execute()
#5 /var/www/html/vendor/magento/framework/Event/Invoker/InvokerDefault.php(88): Magento\MediaContentCms\Observer\Block->execute()
#6 /var/www/html/vendor/magento/framework/Event/Invoker/InvokerDefault.php(74): Magento\Framework\Event\Invoker\InvokerDefault->_callObserverMethod()
#7 /var/www/html/vendor/magento/framework/Event/Manager.php(65): Magento\Framework\Event\Invoker\InvokerDefault->dispatch()
#8 /var/www/html/generated/code/Magento/Framework/Event/Manager/Proxy.php(105): Magento\Framework\Event\Manager->dispatch()
#9 /var/www/html/vendor/magento/framework/Model/AbstractModel.php(866): Magento\Framework\Event\Manager\Proxy->dispatch()
#10 /var/www/html/vendor/magento/framework/EntityManager/Observer/AfterEntitySave.php(34): Magento\Framework\Model\AbstractModel->afterSave()
#11 /var/www/html/vendor/magento/framework/Event/Invoker/InvokerDefault.php(88): Magento\Framework\EntityManager\Observer\AfterEntitySave->execute()
#12 /var/www/html/vendor/magento/framework/Event/Invoker/InvokerDefault.php(74): Magento\Framework\Event\Invoker\InvokerDefault->_callObserverMethod()
#13 /var/www/html/vendor/magento/framework/Event/Manager.php(65): Magento\Framework\Event\Invoker\InvokerDefault->dispatch()
#14 /var/www/html/generated/code/Magento/Framework/Event/Manager/Proxy.php(105): Magento\Framework\Event\Manager->dispatch()
#15 /var/www/html/vendor/magento/framework/EntityManager/EventManager.php(49): Magento\Framework\Event\Manager\Proxy->dispatch()
#16 /var/www/html/vendor/magento/framework/EntityManager/Operation/Create.php(123): Magento\Framework\EntityManager\EventManager->dispatchEntityEvent()
#17 /var/www/html/vendor/magento/framework/EntityManager/EntityManager.php(106): Magento\Framework\EntityManager\Operation\Create->execute()
#18 /var/www/html/vendor/magento/module-cms/Model/ResourceModel/Block.php(247): Magento\Framework\EntityManager\EntityManager->save()
#19 /var/www/html/vendor/magento/framework/Model/AbstractModel.php(682): Magento\Cms\Model\ResourceModel\Block->save()
#20 /var/www/html/vendor/magento/module-cms-sample-data/Model/Block.php(98): Magento\Framework\Model\AbstractModel->save()
#21 /var/www/html/vendor/magento/module-cms-sample-data/Model/Block.php(77): Magento\CmsSampleData\Model\Block->saveCmsBlock()
#22 /var/www/html/vendor/magento/module-cms-sample-data/Setup/Installer.php(60): Magento\CmsSampleData\Model\Block->install()
#23 [internal function]: Magento\CmsSampleData\Setup\Installer->install()
#24 /var/www/html/vendor/magento/framework/App/State.php(183): call_user_func_array()
#25 /var/www/html/generated/code/Magento/Framework/App/State/Interceptor.php(68): Magento\Framework\App\State->emulateAreaCode()
#26 /var/www/html/vendor/magento/framework/Setup/SampleData/Executor.php(54): Magento\Framework\App\State\Interceptor->emulateAreaCode()
#27 /var/www/html/vendor/magento/module-cms-sample-data/Setup/Patch/Data/InstallCmsSampleData.php(47): Magento\Framework\Setup\SampleData\Executor->exec()
#28 /var/www/html/vendor/magento/framework/Setup/Patch/PatchApplier.php(301): Magento\CmsSampleData\Setup\Patch\Data\InstallCmsSampleData->apply()
#29 /var/www/html/vendor/magento/framework/Setup/Patch/PatchApplier.php(165): Magento\Framework\Setup\Patch\PatchApplier->applyPatch()
#30 /var/www/html/setup/src/Magento/Setup/Model/Installer.php(1148): Magento\Framework\Setup\Patch\PatchApplier->applyDataPatch()
#31 /var/www/html/setup/src/Magento/Setup/Model/Installer.php(1020): Magento\Setup\Model\Installer->handleDBSchemaData()
#32 /var/www/html/setup/src/Magento/Setup/Console/Command/UpgradeCommand.php(167): Magento\Setup\Model\Installer->installDataFixtures()
#33 /var/www/html/vendor/symfony/console/Command/Command.php(341): Magento\Setup\Console\Command\UpgradeCommand->execute()
#34 /var/www/html/vendor/symfony/console/Application.php(1094): Symfony\Component\Console\Command\Command->run()
#35 /var/www/html/vendor/symfony/console/Application.php(356): Symfony\Component\Console\Application->doRunCommand()
#36 /var/www/html/vendor/magento/framework/Console/Cli.php(137): Symfony\Component\Console\Application->doRun()
#37 /var/www/html/vendor/symfony/console/Application.php(195): Magento\Framework\Console\Cli->doRun()
#38 /var/www/html/bin/magento(23): Symfony\Component\Console\Application->run()
#39 {main} {"exception":"[object] (Magento\\Framework\\Exception\\NoSuchEntityException(code: 0): There is no such media asset with path \"wysiwyg/gear/gear-category-equipment.jpg\" at /var/www/html/vendor/magento/module-media-gallery/Model/Asset/Command/GetByPath.php:81)"} []
[2026-07-30T04:14:00.314822+00:00] main.CRITICAL: Magento\Framework\Exception\NoSuchEntityException: There is no such media asset with path "wysiwyg/gear/gear-category-equipment.jpg" in /var/www/html/vendor/magento/module-media-gallery/Model/Asset/Command/GetByPath.php:81
Stack trace:
#0 /var/www/html/vendor/magento/module-media-content/Model/ExtractAssetsFromContent.php(88): Magento\MediaGallery\Model\Asset\Command\GetByPath->execute()
#1 /var/www/html/vendor/magento/module-media-content/Model/ExtractAssetsFromContent.php(70): Magento\MediaContent\Model\ExtractAssetsFromContent->getAssetsByPaths()
#2 /var/www/html/vendor/magento/module-media-content/Model/UpdateContentAssetLinks.php(109): Magento\MediaContent\Model\ExtractAssetsFromContent->execute()
#3 /var/www/html/vendor/magento/module-media-content/Model/UpdateContentAssetLinks.php(91): Magento\MediaContent\Model\UpdateContentAssetLinks->updateRelation()
#4 /var/www/html/vendor/magento/module-media-content-cms/Observer/Block.php(82): Magento\MediaContent\Model\UpdateContentAssetLinks->execute()
#5 /var/www/html/vendor/magento/framework/Event/Invoker/InvokerDefault.php(88): Magento\MediaContentCms\Observer\Block->execute()
#6 /var/www/html/vendor/magento/framework/Event/Invoker/InvokerDefault.php(74): Magento\Framework\Event\Invoker\InvokerDefault->_callObserverMethod()
#7 /var/www/html/vendor/magento/framework/Event/Manager.php(65): Magento\Framework\Event\Invoker\InvokerDefault->dispatch()
#8 /var/www/html/generated/code/Magento/Framework/Event/Manager/Proxy.php(105): Magento\Framework\Event\Manager->dispatch()
#9 /var/www/html/vendor/magento/framework/Model/AbstractModel.php(866): Magento\Framework\Event\Manager\Proxy->dispatch()
#10 /var/www/html/vendor/magento/framework/EntityManager/Observer/AfterEntitySave.php(34): Magento\Framework\Model\AbstractModel->afterSave()
#11 /var/www/html/vendor/magento/framework/Event/Invoker/InvokerDefault.php(88): Magento\Framework\EntityManager\Observer\AfterEntitySave->execute()
#12 /var/www/html/vendor/magento/framework/Event/Invoker/InvokerDefault.php(74): Magento\Framework\Event\Invoker\InvokerDefault->_callObserverMethod()
#13 /var/www/html/vendor/magento/framework/Event/Manager.php(65): Magento\Framework\Event\Invoker\InvokerDefault->dispatch()
#14 /var/www/html/generated/code/Magento/Framework/Event/Manager/Proxy.php(105): Magento\Framework\Event\Manager->dispatch()
#15 /var/www/html/vendor/magento/framework/EntityManager/EventManager.php(49): Magento\Framework\Event\Manager\Proxy->dispatch()
#16 /var/www/html/vendor/magento/framework/EntityManager/Operation/Create.php(123): Magento\Framework\EntityManager\EventManager->dispatchEntityEvent()
#17 /var/www/html/vendor/magento/framework/EntityManager/EntityManager.php(106): Magento\Framework\EntityManager\Operation\Create->execute()
#18 /var/www/html/vendor/magento/module-cms/Model/ResourceModel/Block.php(247): Magento\Framework\EntityManager\EntityManager->save()
#19 /var/www/html/vendor/magento/framework/Model/AbstractModel.php(682): Magento\Cms\Model\ResourceModel\Block->save()
#20 /var/www/html/vendor/magento/module-cms-sample-data/Model/Block.php(98): Magento\Framework\Model\AbstractModel->save()
#21 /var/www/html/vendor/magento/module-cms-sample-data/Model/Block.php(77): Magento\CmsSampleData\Model\Block->saveCmsBlock()
#22 /var/www/html/vendor/magento/module-cms-sample-data/Setup/Installer.php(60): Magento\CmsSampleData\Model\Block->install()
#23 [internal function]: Magento\CmsSampleData\Setup\Installer->install()
#24 /var/www/html/vendor/magento/framework/App/State.php(183): call_user_func_array()
#25 /var/www/html/generated/code/Magento/Framework/App/State/Interceptor.php(68): Magento\Framework\App\State->emulateAreaCode()
#26 /var/www/html/vendor/magento/framework/Setup/SampleData/Executor.php(54): Magento\Framework\App\State\Interceptor->emulateAreaCode()
#27 /var/www/html/vendor/magento/module-cms-sample-data/Setup/Patch/Data/InstallCmsSampleData.php(47): Magento\Framework\Setup\SampleData\Executor->exec()
#28 /var/www/html/vendor/magento/framework/Setup/Patch/PatchApplier.php(301): Magento\CmsSampleData\Setup\Patch\Data\InstallCmsSampleData->apply()
#29 /var/www/html/vendor/magento/framework/Setup/Patch/PatchApplier.php(165): Magento\Framework\Setup\Patch\PatchApplier->applyPatch()
#30 /var/www/html/setup/src/Magento/Setup/Model/Installer.php(1148): Magento\Framework\Setup\Patch\PatchApplier->applyDataPatch()
#31 /var/www/html/setup/src/Magento/Setup/Model/Installer.php(1020): Magento\Setup\Model\Installer->handleDBSchemaData()
#32 /var/www/html/setup/src/Magento/Setup/Console/Command/UpgradeCommand.php(167): Magento\Setup\Model\Installer->installDataFixtures()
#33 /var/www/html/vendor/symfony/console/Command/Command.php(341): Magento\Setup\Console\Command\UpgradeCommand->execute()
#34 /var/www/html/vendor/symfony/console/Application.php(1094): Symfony\Component\Console\Command\Command->run()
#35 /var/www/html/vendor/symfony/console/Application.php(356): Symfony\Component\Console\Application->doRunCommand()
#36 /var/www/html/vendor/magento/framework/Console/Cli.php(137): Symfony\Component\Console\Application->doRun()
#37 /var/www/html/vendor/symfony/console/Application.php(195): Magento\Framework\Console\Cli->doRun()
#38 /var/www/html/bin/magento(23): Symfony\Component\Console\Application->run()
#39 {main}

Next Magento\Framework\Exception\IntegrationException: An error occurred during get media asset list: There is no such media asset with path "wysiwyg/gear/gear-category-equipment.jpg" in /var/www/html/vendor/magento/module-media-gallery/Model/Asset/Command/GetByPath.php:103
Stack trace:
#0 /var/www/html/vendor/magento/module-media-content/Model/ExtractAssetsFromContent.php(88): Magento\MediaGallery\Model\Asset\Command\GetByPath->execute()
#1 /var/www/html/vendor/magento/module-media-content/Model/ExtractAssetsFromContent.php(70): Magento\MediaContent\Model\ExtractAssetsFromContent->getAssetsByPaths()
#2 /var/www/html/vendor/magento/module-media-content/Model/UpdateContentAssetLinks.php(109): Magento\MediaContent\Model\ExtractAssetsFromContent->execute()
#3 /var/www/html/vendor/magento/module-media-content/Model/UpdateContentAssetLinks.php(91): Magento\MediaContent\Model\UpdateContentAssetLinks->updateRelation()
#4 /var/www/html/vendor/magento/module-media-content-cms/Observer/Block.php(82): Magento\MediaContent\Model\UpdateContentAssetLinks->execute()
#5 /var/www/html/vendor/magento/framework/Event/Invoker/InvokerDefault.php(88): Magento\MediaContentCms\Observer\Block->execute()
#6 /var/www/html/vendor/magento/framework/Event/Invoker/InvokerDefault.php(74): Magento\Framework\Event\Invoker\InvokerDefault->_callObserverMethod()
#7 /var/www/html/vendor/magento/framework/Event/Manager.php(65): Magento\Framework\Event\Invoker\InvokerDefault->dispatch()
#8 /var/www/html/generated/code/Magento/Framework/Event/Manager/Proxy.php(105): Magento\Framework\Event\Manager->dispatch()
#9 /var/www/html/vendor/magento/framework/Model/AbstractModel.php(866): Magento\Framework\Event\Manager\Proxy->dispatch()
#10 /var/www/html/vendor/magento/framework/EntityManager/Observer/AfterEntitySave.php(34): Magento\Framework\Model\AbstractModel->afterSave()
#11 /var/www/html/vendor/magento/framework/Event/Invoker/InvokerDefault.php(88): Magento\Framework\EntityManager\Observer\AfterEntitySave->execute()
#12 /var/www/html/vendor/magento/framework/Event/Invoker/InvokerDefault.php(74): Magento\Framework\Event\Invoker\InvokerDefault->_callObserverMethod()
#13 /var/www/html/vendor/magento/framework/Event/Manager.php(65): Magento\Framework\Event\Invoker\InvokerDefault->dispatch()
#14 /var/www/html/generated/code/Magento/Framework/Event/Manager/Proxy.php(105): Magento\Framework\Event\Manager->dispatch()
#15 /var/www/html/vendor/magento/framework/EntityManager/EventManager.php(49): Magento\Framework\Event\Manager\Proxy->dispatch()
#16 /var/www/html/vendor/magento/framework/EntityManager/Operation/Create.php(123): Magento\Framework\EntityManager\EventManager->dispatchEntityEvent()
#17 /var/www/html/vendor/magento/framework/EntityManager/EntityManager.php(106): Magento\Framework\EntityManager\Operation\Create->execute()
#18 /var/www/html/vendor/magento/module-cms/Model/ResourceModel/Block.php(247): Magento\Framework\EntityManager\EntityManager->save()
#19 /var/www/html/vendor/magento/framework/Model/AbstractModel.php(682): Magento\Cms\Model\ResourceModel\Block->save()
#20 /var/www/html/vendor/magento/module-cms-sample-data/Model/Block.php(98): Magento\Framework\Model\AbstractModel->save()
#21 /var/www/html/vendor/magento/module-cms-sample-data/Model/Block.php(77): Magento\CmsSampleData\Model\Block->saveCmsBlock()
#22 /var/www/html/vendor/magento/module-cms-sample-data/Setup/Installer.php(60): Magento\CmsSampleData\Model\Block->install()
#23 [internal function]: Magento\CmsSampleData\Setup\Installer->install()
#24 /var/www/html/vendor/magento/framework/App/State.php(183): call_user_func_array()
#25 /var/www/html/generated/code/Magento/Framework/App/State/Interceptor.php(68): Magento\Framework\App\State->emulateAreaCode()
#26 /var/www/html/vendor/magento/framework/Setup/SampleData/Executor.php(54): Magento\Framework\App\State\Interceptor->emulateAreaCode()
#27 /var/www/html/vendor/magento/module-cms-sample-data/Setup/Patch/Data/InstallCmsSampleData.php(47): Magento\Framework\Setup\SampleData\Executor->exec()
#28 /var/www/html/vendor/magento/framework/Setup/Patch/PatchApplier.php(301): Magento\CmsSampleData\Setup\Patch\Data\InstallCmsSampleData->apply()
#29 /var/www/html/vendor/magento/framework/Setup/Patch/PatchApplier.php(165): Magento\Framework\Setup\Patch\PatchApplier->applyPatch()
#30 /var/www/html/setup/src/Magento/Setup/Model/Installer.php(1148): Magento\Framework\Setup\Patch\PatchApplier->applyDataPatch()
#31 /var/www/html/setup/src/Magento/Setup/Model/Installer.php(1020): Magento\Setup\Model\Installer->handleDBSchemaData()
#32 /var/www/html/setup/src/Magento/Setup/Console/Command/UpgradeCommand.php(167): Magento\Setup\Model\Installer->installDataFixtures()
#33 /var/www/html/vendor/symfony/console/Command/Command.php(341): Magento\Setup\Console\Command\UpgradeCommand->execute()
#34 /var/www/html/vendor/symfony/console/Application.php(1094): Symfony\Component\Console\Command\Command->run()
#35 /var/www/html/vendor/symfony/console/Application.php(356): Symfony\Component\Console\Application->doRunCommand()
#36 /var/www/html/vendor/magento/framework/Console/Cli.php(137): Symfony\Component\Console\Application->doRun()
#37 /var/www/html/vendor/symfony/console/Application.php(195): Magento\Framework\Console\Cli->doRun()
#38 /var/www/html/bin/magento(23): Symfony\Component\Console\Application->run()
#39 {main} {"exception":"[object] (Magento\\Framework\\Exception\\IntegrationException(code: 0): An error occurred during get media asset list: There is no such media asset with path \"wysiwyg/gear/gear-category-equipment.jpg\" at /var/www/html/vendor/magento/module-media-gallery/Model/Asset/Command/GetByPath.php:103)
[previous exception] [object] (Magento\\Framework\\Exception\\NoSuchEntityException(code: 0): There is no such media asset with path \"wysiwyg/gear/gear-category-equipment.jpg\" at /var/www/html/vendor/magento/module-media-gallery/Model/Asset/Command/GetByPath.php:81)"} []
[2026-07-30T04:14:00.315025+00:00] main.CRITICAL: Magento\Framework\Exception\NoSuchEntityException: There is no such media asset with path "wysiwyg/gear/gear-category-watches.jpg" in /var/www/html/vendor/magento/module-media-gallery/Model/Asset/Command/GetByPath.php:81
Stack trace:
#0 /var/www/html/vendor/magento/module-media-content/Model/ExtractAssetsFromContent.php(88): Magento\MediaGallery\Model\Asset\Command\GetByPath->execute()
#1 /var/www/html/vendor/magento/module-media-content/Model/ExtractAssetsFromContent.php(70): Magento\MediaContent\Model\ExtractAssetsFromContent->getAssetsByPaths()
#2 /var/www/html/vendor/magento/module-media-content/Model/UpdateContentAssetLinks.php(109): Magento\MediaContent\Model\ExtractAssetsFromContent->execute()
#3 /var/www/html/vendor/magento/module-media-content/Model/UpdateContentAssetLinks.php(91): Magento\MediaContent\Model\UpdateContentAssetLinks->updateRelation()
#4 /var/www/html/vendor/magento/module-media-content-cms/Observer/Block.php(82): Magento\MediaContent\Model\UpdateContentAssetLinks->execute()
#5 /var/www/html/vendor/magento/framework/Event/Invoker/InvokerDefault.php(88): Magento\MediaContentCms\Observer\Block->execute()
#6 /var/www/html/vendor/magento/framework/Event/Invoker/InvokerDefault.php(74): Magento\Framework\Event\Invoker\InvokerDefault->_callObserverMethod()
#7 /var/www/html/vendor/magento/framework/Event/Manager.php(65): Magento\Framework\Event\Invoker\InvokerDefault->dispatch()
#8 /var/www/html/generated/code/Magento/Framework/Event/Manager/Proxy.php(105): Magento\Framework\Event\Manager->dispatch()
#9 /var/www/html/vendor/magento/framework/Model/AbstractModel.php(866): Magento\Framework\Event\Manager\Proxy->dispatch()
#10 /var/www/html/vendor/magento/framework/EntityManager/Observer/AfterEntitySave.php(34): Magento\Framework\Model\AbstractModel->afterSave()
#11 /var/www/html/vendor/magento/framework/Event/Invoker/InvokerDefault.php(88): Magento\Framework\EntityManager\Observer\AfterEntitySave->execute()
#12 /var/www/html/vendor/magento/framework/Event/Invoker/InvokerDefault.php(74): Magento\Framework\Event\Invoker\InvokerDefault->_callObserverMethod()
#13 /var/www/html/vendor/magento/framework/Event/Manager.php(65): Magento\Framework\Event\Invoker\InvokerDefault->dispatch()
#14 /var/www/html/generated/code/Magento/Framework/Event/Manager/Proxy.php(105): Magento\Framework\Event\Manager->dispatch()
#15 /var/www/html/vendor/magento/framework/EntityManager/EventManager.php(49): Magento\Framework\Event\Manager\Proxy->dispatch()
#16 /var/www/html/vendor/magento/framework/EntityManager/Operation/Create.php(123): Magento\Framework\EntityManager\EventManager->dispatchEntityEvent()
#17 /var/www/html/vendor/magento/framework/EntityManager/EntityManager.php(106): Magento\Framework\EntityManager\Operation\Create->execute()
#18 /var/www/html/vendor/magento/module-cms/Model/ResourceModel/Block.php(247): Magento\Framework\EntityManager\EntityManager->save()
#19 /var/www/html/vendor/magento/framework/Model/AbstractModel.php(682): Magento\Cms\Model\ResourceModel\Block->save()
#20 /var/www/html/vendor/magento/module-cms-sample-data/Model/Block.php(98): Magento\Framework\Model\AbstractModel->save()
#21 /var/www/html/vendor/magento/module-cms-sample-data/Model/Block.php(77): Magento\CmsSampleData\Model\Block->saveCmsBlock()
#22 /var/www/html/vendor/magento/module-cms-sample-data/Setup/Installer.php(60): Magento\CmsSampleData\Model\Block->install()
#23 [internal function]: Magento\CmsSampleData\Setup\Installer->install()
#24 /var/www/html/vendor/magento/framework/App/State.php(183): call_user_func_array()
#25 /var/www/html/generated/code/Magento/Framework/App/State/Interceptor.php(68): Magento\Framework\App\State->emulateAreaCode()
#26 /var/www/html/vendor/magento/framework/Setup/SampleData/Executor.php(54): Magento\Framework\App\State\Interceptor->emulateAreaCode()
#27 /var/www/html/vendor/magento/module-cms-sample-data/Setup/Patch/Data/InstallCmsSampleData.php(47): Magento\Framework\Setup\SampleData\Executor->exec()
#28 /var/www/html/vendor/magento/framework/Setup/Patch/PatchApplier.php(301): Magento\CmsSampleData\Setup\Patch\Data\InstallCmsSampleData->apply()
#29 /var/www/html/vendor/magento/framework/Setup/Patch/PatchApplier.php(165): Magento\Framework\Setup\Patch\PatchApplier->applyPatch()
#30 /var/www/html/setup/src/Magento/Setup/Model/Installer.php(1148): Magento\Framework\Setup\Patch\PatchApplier->applyDataPatch()
#31 /var/www/html/setup/src/Magento/Setup/Model/Installer.php(1020): Magento\Setup\Model\Installer->handleDBSchemaData()
#32 /var/www/html/setup/src/Magento/Setup/Console/Command/UpgradeCommand.php(167): Magento\Setup\Model\Installer->installDataFixtures()
#33 /var/www/html/vendor/symfony/console/Command/Command.php(341): Magento\Setup\Console\Command\UpgradeCommand->execute()
#34 /var/www/html/vendor/symfony/console/Application.php(1094): Symfony\Component\Console\Command\Command->run()
#35 /var/www/html/vendor/symfony/console/Application.php(356): Symfony\Component\Console\Application->doRunCommand()
#36 /var/www/html/vendor/magento/framework/Console/Cli.php(137): Symfony\Component\Console\Application->doRun()
#37 /var/www/html/vendor/symfony/console/Application.php(195): Magento\Framework\Console\Cli->doRun()
#38 /var/www/html/bin/magento(23): Symfony\Component\Console\Application->run()
#39 {main} {"exception":"[object] (Magento\\Framework\\Exception\\NoSuchEntityException(code: 0): There is no such media asset with path \"wysiwyg/gear/gear-category-watches.jpg\" at /var/www/html/vendor/magento/module-media-gallery/Model/Asset/Command/GetByPath.php:81)"} []
[2026-07-30T04:14:00.315114+00:00] main.CRITICAL: Magento\Framework\Exception\NoSuchEntityException: There is no such media asset with path "wysiwyg/gear/gear-category-watches.jpg" in /var/www/html/vendor/magento/module-media-gallery/Model/Asset/Command/GetByPath.php:81
Stack trace:
#0 /var/www/html/vendor/magento/module-media-content/Model/ExtractAssetsFromContent.php(88): Magento\MediaGallery\Model\Asset\Command\GetByPath->execute()
#1 /var/www/html/vendor/magento/module-media-content/Model/ExtractAssetsFromContent.php(70): Magento\MediaContent\Model\ExtractAssetsFromContent->getAssetsByPaths()
#2 /var/www/html/vendor/magento/module-media-content/Model/UpdateContentAssetLinks.php(109): Magento\MediaContent\Model\ExtractAssetsFromContent->execute()
#3 /var/www/html/vendor/magento/module-media-content/Model/UpdateContentAssetLinks.php(91): Magento\MediaContent\Model\UpdateContentAssetLinks->updateRelation()
#4 /var/www/html/vendor/magento/module-media-content-cms/Observer/Block.php(82): Magento\MediaContent\Model\UpdateContentAssetLinks->execute()
#5 /var/www/html/vendor/magento/framework/Event/Invoker/InvokerDefault.php(88): Magento\MediaContentCms\Observer\Block->execute()
#6 /var/www/html/vendor/magento/framework/Event/Invoker/InvokerDefault.php(74): Magento\Framework\Event\Invoker\InvokerDefault->_callObserverMethod()
#7 /var/www/html/vendor/magento/framework/Event/Manager.php(65): Magento\Framework\Event\Invoker\InvokerDefault->dispatch()
#8 /var/www/html/generated/code/Magento/Framework/Event/Manager/Proxy.php(105): Magento\Framework\Event\Manager->dispatch()
#9 /var/www/html/vendor/magento/framework/Model/AbstractModel.php(866): Magento\Framework\Event\Manager\Proxy->dispatch()
#10 /var/www/html/vendor/magento/framework/EntityManager/Observer/AfterEntitySave.php(34): Magento\Framework\Model\AbstractModel->afterSave()
#11 /var/www/html/vendor/magento/framework/Event/Invoker/InvokerDefault.php(88): Magento\Framework\EntityManager\Observer\AfterEntitySave->execute()
#12 /var/www/html/vendor/magento/framework/Event/Invoker/InvokerDefault.php(74): Magento\Framework\Event\Invoker\InvokerDefault->_callObserverMethod()
#13 /var/www/html/vendor/magento/framework/Event/Manager.php(65): Magento\Framework\Event\Invoker\InvokerDefault->dispatch()
#14 /var/www/html/generated/code/Magento/Framework/Event/Manager/Proxy.php(105): Magento\Framework\Event\Manager->dispatch()
#15 /var/www/html/vendor/magento/framework/EntityManager/EventManager.php(49): Magento\Framework\Event\Manager\Proxy->dispatch()
#16 /var/www/html/vendor/magento/framework/EntityManager/Operation/Create.php(123): Magento\Framework\EntityManager\EventManager->dispatchEntityEvent()
#17 /var/www/html/vendor/magento/framework/EntityManager/EntityManager.php(106): Magento\Framework\EntityManager\Operation\Create->execute()
#18 /var/www/html/vendor/magento/module-cms/Model/ResourceModel/Block.php(247): Magento\Framework\EntityManager\EntityManager->save()
#19 /var/www/html/vendor/magento/framework/Model/AbstractModel.php(682): Magento\Cms\Model\ResourceModel\Block->save()
#20 /var/www/html/vendor/magento/module-cms-sample-data/Model/Block.php(98): Magento\Framework\Model\AbstractModel->save()
#21 /var/www/html/vendor/magento/module-cms-sample-data/Model/Block.php(77): Magento\CmsSampleData\Model\Block->saveCmsBlock()
#22 /var/www/html/vendor/magento/module-cms-sample-data/Setup/Installer.php(60): Magento\CmsSampleData\Model\Block->install()
#23 [internal function]: Magento\CmsSampleData\Setup\Installer->install()
#24 /var/www/html/vendor/magento/framework/App/State.php(183): call_user_func_array()
#25 /var/www/html/generated/code/Magento/Framework/App/State/Interceptor.php(68): Magento\Framework\App\State->emulateAreaCode()
#26 /var/www/html/vendor/magento/framework/Setup/SampleData/Executor.php(54): Magento\Framework\App\State\Interceptor->emulateAreaCode()
#27 /var/www/html/vendor/magento/module-cms-sample-data/Setup/Patch/Data/InstallCmsSampleData.php(47): Magento\Framework\Setup\SampleData\Executor->exec()
#28 /var/www/html/vendor/magento/framework/Setup/Patch/PatchApplier.php(301): Magento\CmsSampleData\Setup\Patch\Data\InstallCmsSampleData->apply()
#29 /var/www/html/vendor/magento/framework/Setup/Patch/PatchApplier.php(165): Magento\Framework\Setup\Patch\PatchApplier->applyPatch()
#30 /var/www/html/setup/src/Magento/Setup/Model/Installer.php(1148): Magento\Framework\Setup\Patch\PatchApplier->applyDataPatch()
#31 /var/www/html/setup/src/Magento/Setup/Model/Installer.php(1020): Magento\Setup\Model\Installer->handleDBSchemaData()
#32 /var/www/html/setup/src/Magento/Setup/Console/Command/UpgradeCommand.php(167): Magento\Setup\Model\Installer->installDataFixtures()
#33 /var/www/html/vendor/symfony/console/Command/Command.php(341): Magento\Setup\Console\Command\UpgradeCommand->execute()
#34 /var/www/html/vendor/symfony/console/Application.php(1094): Symfony\Component\Console\Command\Command->run()
#35 /var/www/html/vendor/symfony/console/Application.php(356): Symfony\Component\Console\Application->doRunCommand()
#36 /var/www/html/vendor/magento/framework/Console/Cli.php(137): Symfony\Component\Console\Application->doRun()
#37 /var/www/html/vendor/symfony/console/Application.php(195): Magento\Framework\Console\Cli->doRun()
#38 /var/www/html/bin/magento(23): Symfony\Component\Console\Application->run()
#39 {main}

Next Magento\Framework\Exception\IntegrationException: An error occurred during get media asset list: There is no such media asset with path "wysiwyg/gear/gear-category-watches.jpg" in /var/www/html/vendor/magento/module-media-gallery/Model/Asset/Command/GetByPath.php:103
Stack trace:
#0 /var/www/html/vendor/magento/module-media-content/Model/ExtractAssetsFromContent.php(88): Magento\MediaGallery\Model\Asset\Command\GetByPath->execute()
#1 /var/www/html/vendor/magento/module-media-content/Model/ExtractAssetsFromContent.php(70): Magento\MediaContent\Model\ExtractAssetsFromContent->getAssetsByPaths()
#2 /var/www/html/vendor/magento/module-media-content/Model/UpdateContentAssetLinks.php(109): Magento\MediaContent\Model\ExtractAssetsFromContent->execute()
#3 /var/www/html/vendor/magento/module-media-content/Model/UpdateContentAssetLinks.php(91): Magento\MediaContent\Model\UpdateContentAssetLinks->updateRelation()
#4 /var/www/html/vendor/magento/module-media-content-cms/Observer/Block.php(82): Magento\MediaContent\Model\UpdateContentAssetLinks->execute()
#5 /var/www/html/vendor/magento/framework/Event/Invoker/InvokerDefault.php(88): Magento\MediaContentCms\Observer\Block->execute()
#6 /var/www/html/vendor/magento/framework/Event/Invoker/InvokerDefault.php(74): Magento\Framework\Event\Invoker\InvokerDefault->_callObserverMethod()
#7 /var/www/html/vendor/magento/framework/Event/Manager.php(65): Magento\Framework\Event\Invoker\InvokerDefault->dispatch()
#8 /var/www/html/generated/code/Magento/Framework/Event/Manager/Proxy.php(105): Magento\Framework\Event\Manager->dispatch()
#9 /var/www/html/vendor/magento/framework/Model/AbstractModel.php(866): Magento\Framework\Event\Manager\Proxy->dispatch()
#10 /var/www/html/vendor/magento/framework/EntityManager/Observer/AfterEntitySave.php(34): Magento\Framework\Model\AbstractModel->afterSave()
#11 /var/www/html/vendor/magento/framework/Event/Invoker/InvokerDefault.php(88): Magento\Framework\EntityManager\Observer\AfterEntitySave->execute()
#12 /var/www/html/vendor/magento/framework/Event/Invoker/InvokerDefault.php(74): Magento\Framework\Event\Invoker\InvokerDefault->_callObserverMethod()
#13 /var/www/html/vendor/magento/framework/Event/Manager.php(65): Magento\Framework\Event\Invoker\InvokerDefault->dispatch()
#14 /var/www/html/generated/code/Magento/Framework/Event/Manager/Proxy.php(105): Magento\Framework\Event\Manager->dispatch()
#15 /var/www/html/vendor/magento/framework/EntityManager/EventManager.php(49): Magento\Framework\Event\Manager\Proxy->dispatch()
#16 /var/www/html/vendor/magento/framework/EntityManager/Operation/Create.php(123): Magento\Framework\EntityManager\EventManager->dispatchEntityEvent()
#17 /var/www/html/vendor/magento/framework/EntityManager/EntityManager.php(106): Magento\Framework\EntityManager\Operation\Create->execute()
#18 /var/www/html/vendor/magento/module-cms/Model/ResourceModel/Block.php(247): Magento\Framework\EntityManager\EntityManager->save()
#19 /var/www/html/vendor/magento/framework/Model/AbstractModel.php(682): Magento\Cms\Model\ResourceModel\Block->save()
#20 /var/www/html/vendor/magento/module-cms-sample-data/Model/Block.php(98): Magento\Framework\Model\AbstractModel->save()
#21 /var/www/html/vendor/magento/module-cms-sample-data/Model/Block.php(77): Magento\CmsSampleData\Model\Block->saveCmsBlock()
#22 /var/www/html/vendor/magento/module-cms-sample-data/Setup/Installer.php(60): Magento\CmsSampleData\Model\Block->install()
#23 [internal function]: Magento\CmsSampleData\Setup\Installer->install()
#24 /var/www/html/vendor/magento/framework/App/State.php(183): call_user_func_array()
#25 /var/www/html/generated/code/Magento/Framework/App/State/Interceptor.php(68): Magento\Framework\App\State->emulateAreaCode()
#26 /var/www/html/vendor/magento/framework/Setup/SampleData/Executor.php(54): Magento\Framework\App\State\Interceptor->emulateAreaCode()
#27 /var/www/html/vendor/magento/module-cms-sample-data/Setup/Patch/Data/InstallCmsSampleData.php(47): Magento\Framework\Setup\SampleData\Executor->exec()
#28 /var/www/html/vendor/magento/framework/Setup/Patch/PatchApplier.php(301): Magento\CmsSampleData\Setup\Patch\Data\InstallCmsSampleData->apply()
#29 /var/www/html/vendor/magento/framework/Setup/Patch/PatchApplier.php(165): Magento\Framework\Setup\Patch\PatchApplier->applyPatch()
#30 /var/www/html/setup/src/Magento/Setup/Model/Installer.php(1148): Magento\Framework\Setup\Patch\PatchApplier->applyDataPatch()
#31 /var/www/html/setup/src/Magento/Setup/Model/Installer.php(1020): Magento\Setup\Model\Installer->handleDBSchemaData()
#32 /var/www/html/setup/src/Magento/Setup/Console/Command/UpgradeCommand.php(167): Magento\Setup\Model\Installer->installDataFixtures()
#33 /var/www/html/vendor/symfony/console/Command/Command.php(341): Magento\Setup\Console\Command\UpgradeCommand->execute()
#34 /var/www/html/vendor/symfony/console/Application.php(1094): Symfony\Component\Console\Command\Command->run()
#35 /var/www/html/vendor/symfony/console/Application.php(356): Symfony\Component\Console\Application->doRunCommand()
#36 /var/www/html/vendor/magento/framework/Console/Cli.php(137): Symfony\Component\Console\Application->doRun()
#37 /var/www/html/vendor/symfony/console/Application.php(195): Magento\Framework\Console\Cli->doRun()
#38 /var/www/html/bin/magento(23): Symfony\Component\Console\Application->run()
#39 {main} {"exception":"[object] (Magento\\Framework\\Exception\\IntegrationException(code: 0): An error occurred during get media asset list: There is no such media asset with path \"wysiwyg/gear/gear-category-watches.jpg\" at /var/www/html/vendor/magento/module-media-gallery/Model/Asset/Command/GetByPath.php:103)
[previous exception] [object] (Magento\\Framework\\Exception\\NoSuchEntityException(code: 0): There is no such media asset with path \"wysiwyg/gear/gear-category-watches.jpg\" at /var/www/html/vendor/magento/module-media-gallery/Model/Asset/Command/GetByPath.php:81)"} []
[2026-07-30T04:14:00.317612+00:00] main.CRITICAL: Magento\Framework\Exception\NoSuchEntityException: There is no such media asset with path "wysiwyg/sale/sale-main.jpg" in /var/www/html/vendor/magento/module-media-gallery/Model/Asset/Command/GetByPath.php:81
Stack trace:
#0 /var/www/html/vendor/magento/module-media-content/Model/ExtractAssetsFromContent.php(88): Magento\MediaGallery\Model\Asset\Command\GetByPath->execute()
#1 /var/www/html/vendor/magento/module-media-content/Model/ExtractAssetsFromContent.php(70): Magento\MediaContent\Model\ExtractAssetsFromContent->getAssetsByPaths()
#2 /var/www/html/vendor/magento/module-media-content/Model/UpdateContentAssetLinks.php(109): Magento\MediaContent\Model\ExtractAssetsFromContent->execute()
#3 /var/www/html/vendor/magento/module-media-content/Model/UpdateContentAssetLinks.php(91): Magento\MediaContent\Model\UpdateContentAssetLinks->updateRelation()
#4 /var/www/html/vendor/magento/module-media-content-cms/Observer/Block.php(82): Magento\MediaContent\Model\UpdateContentAssetLinks->execute()
#5 /var/www/html/vendor/magento/framework/Event/Invoker/InvokerDefault.php(88): Magento\MediaContentCms\Observer\Block->execute()
#6 /var/www/html/vendor/magento/framework/Event/Invoker/InvokerDefault.php(74): Magento\Framework\Event\Invoker\InvokerDefault->_callObserverMethod()
#7 /var/www/html/vendor/magento/framework/Event/Manager.php(65): Magento\Framework\Event\Invoker\InvokerDefault->dispatch()
#8 /var/www/html/generated/code/Magento/Framework/Event/Manager/Proxy.php(105): Magento\Framework\Event\Manager->dispatch()
#9 /var/www/html/vendor/magento/framework/Model/AbstractModel.php(866): Magento\Framework\Event\Manager\Proxy->dispatch()
#10 /var/www/html/vendor/magento/framework/EntityManager/Observer/AfterEntitySave.php(34): Magento\Framework\Model\AbstractModel->afterSave()
#11 /var/www/html/vendor/magento/framework/Event/Invoker/InvokerDefault.php(88): Magento\Framework\EntityManager\Observer\AfterEntitySave->execute()
#12 /var/www/html/vendor/magento/framework/Event/Invoker/InvokerDefault.php(74): Magento\Framework\Event\Invoker\InvokerDefault->_callObserverMethod()
#13 /var/www/html/vendor/magento/framework/Event/Manager.php(65): Magento\Framework\Event\Invoker\InvokerDefault->dispatch()
#14 /var/www/html/generated/code/Magento/Framework/Event/Manager/Proxy.php(105): Magento\Framework\Event\Manager->dispatch()
#15 /var/www/html/vendor/magento/framework/EntityManager/EventManager.php(49): Magento\Framework\Event\Manager\Proxy->dispatch()
#16 /var/www/html/vendor/magento/framework/EntityManager/Operation/Create.php(123): Magento\Framework\EntityManager\EventManager->dispatchEntityEvent()
#17 /var/www/html/vendor/magento/framework/EntityManager/EntityManager.php(106): Magento\Framework\EntityManager\Operation\Create->execute()
#18 /var/www/html/vendor/magento/module-cms/Model/ResourceModel/Block.php(247): Magento\Framework\EntityManager\EntityManager->save()
#19 /var/www/html/vendor/magento/framework/Model/AbstractModel.php(682): Magento\Cms\Model\ResourceModel\Block->save()
#20 /var/www/html/vendor/magento/module-cms-sample-data/Model/Block.php(98): Magento\Framework\Model\AbstractModel->save()
#21 /var/www/html/vendor/magento/module-cms-sample-data/Model/Block.php(77): Magento\CmsSampleData\Model\Block->saveCmsBlock()
#22 /var/www/html/vendor/magento/module-cms-sample-data/Setup/Installer.php(60): Magento\CmsSampleData\Model\Block->install()
#23 [internal function]: Magento\CmsSampleData\Setup\Installer->install()
#24 /var/www/html/vendor/magento/framework/App/State.php(183): call_user_func_array()
#25 /var/www/html/generated/code/Magento/Framework/App/State/Interceptor.php(68): Magento\Framework\App\State->emulateAreaCode()
#26 /var/www/html/vendor/magento/framework/Setup/SampleData/Executor.php(54): Magento\Framework\App\State\Interceptor->emulateAreaCode()
#27 /var/www/html/vendor/magento/module-cms-sample-data/Setup/Patch/Data/InstallCmsSampleData.php(47): Magento\Framework\Setup\SampleData\Executor->exec()
#28 /var/www/html/vendor/magento/framework/Setup/Patch/PatchApplier.php(301): Magento\CmsSampleData\Setup\Patch\Data\InstallCmsSampleData->apply()
#29 /var/www/html/vendor/magento/framework/Setup/Patch/PatchApplier.php(165): Magento\Framework\Setup\Patch\PatchApplier->applyPatch()
#30 /var/www/html/setup/src/Magento/Setup/Model/Installer.php(1148): Magento\Framework\Setup\Patch\PatchApplier->applyDataPatch()
#31 /var/www/html/setup/src/Magento/Setup/Model/Installer.php(1020): Magento\Setup\Model\Installer->handleDBSchemaData()
#32 /var/www/html/setup/src/Magento/Setup/Console/Command/UpgradeCommand.php(167): Magento\Setup\Model\Installer->installDataFixtures()
#33 /var/www/html/vendor/symfony/console/Command/Command.php(341): Magento\Setup\Console\Command\UpgradeCommand->execute()
#34 /var/www/html/vendor/symfony/console/Application.php(1094): Symfony\Component\Console\Command\Command->run()
#35 /var/www/html/vendor/symfony/console/Application.php(356): Symfony\Component\Console\Application->doRunCommand()
#36 /var/www/html/vendor/magento/framework/Console/Cli.php(137): Symfony\Component\Console\Application->doRun()
#37 /var/www/html/vendor/symfony/console/Application.php(195): Magento\Framework\Console\Cli->doRun()
#38 /var/www/html/bin/magento(23): Symfony\Component\Console\Application->run()
#39 {main} {"exception":"[object] (Magento\\Framework\\Exception\\NoSuchEntityException(code: 0): There is no such media asset with path \"wysiwyg/sale/sale-main.jpg\" at /var/www/html/vendor/magento/module-media-gallery/Model/Asset/Command/GetByPath.php:81)"} []
[2026-07-30T04:14:00.317732+00:00] main.CRITICAL: Magento\Framework\Exception\NoSuchEntityException: There is no such media asset with path "wysiwyg/sale/sale-main.jpg" in /var/www/html/vendor/magento/module-media-gallery/Model/Asset/Command/GetByPath.php:81
Stack trace:
#0 /var/www/html/vendor/magento/module-media-content/Model/ExtractAssetsFromContent.php(88): Magento\MediaGallery\Model\Asset\Command\GetByPath->execute()
#1 /var/www/html/vendor/magento/module-media-content/Model/ExtractAssetsFromContent.php(70): Magento\MediaContent\Model\ExtractAssetsFromContent->getAssetsByPaths()
#2 /var/www/html/vendor/magento/module-media-content/Model/UpdateContentAssetLinks.php(109): Magento\MediaContent\Model\ExtractAssetsFromContent->execute()
#3 /var/www/html/vendor/magento/module-media-content/Model/UpdateContentAssetLinks.php(91): Magento\MediaContent\Model\UpdateContentAssetLinks->updateRelation()
#4 /var/www/html/vendor/magento/module-media-content-cms/Observer/Block.php(82): Magento\MediaContent\Model\UpdateContentAssetLinks->execute()
#5 /var/www/html/vendor/magento/framework/Event/Invoker/InvokerDefault.php(88): Magento\MediaContentCms\Observer\Block->execute()
#6 /var/www/html/vendor/magento/framework/Event/Invoker/InvokerDefault.php(74): Magento\Framework\Event\Invoker\InvokerDefault->_callObserverMethod()
#7 /var/www/html/vendor/magento/framework/Event/Manager.php(65): Magento\Framework\Event\Invoker\InvokerDefault->dispatch()
#8 /var/www/html/generated/code/Magento/Framework/Event/Manager/Proxy.php(105): Magento\Framework\Event\Manager->dispatch()
#9 /var/www/html/vendor/magento/framework/Model/AbstractModel.php(866): Magento\Framework\Event\Manager\Proxy->dispatch()
#10 /var/www/html/vendor/magento/framework/EntityManager/Observer/AfterEntitySave.php(34): Magento\Framework\Model\AbstractModel->afterSave()
#11 /var/www/html/vendor/magento/framework/Event/Invoker/InvokerDefault.php(88): Magento\Framework\EntityManager\Observer\AfterEntitySave->execute()
#12 /var/www/html/vendor/magento/framework/Event/Invoker/InvokerDefault.php(74): Magento\Framework\Event\Invoker\InvokerDefault->_callObserverMethod()
#13 /var/www/html/vendor/magento/framework/Event/Manager.php(65): Magento\Framework\Event\Invoker\InvokerDefault->dispatch()
#14 /var/www/html/generated/code/Magento/Framework/Event/Manager/Proxy.php(105): Magento\Framework\Event\Manager->dispatch()
#15 /var/www/html/vendor/magento/framework/EntityManager/EventManager.php(49): Magento\Framework\Event\Manager\Proxy->dispatch()
#16 /var/www/html/vendor/magento/framework/EntityManager/Operation/Create.php(123): Magento\Framework\EntityManager\EventManager->dispatchEntityEvent()
#17 /var/www/html/vendor/magento/framework/EntityManager/EntityManager.php(106): Magento\Framework\EntityManager\Operation\Create->execute()
#18 /var/www/html/vendor/magento/module-cms/Model/ResourceModel/Block.php(247): Magento\Framework\EntityManager\EntityManager->save()
#19 /var/www/html/vendor/magento/framework/Model/AbstractModel.php(682): Magento\Cms\Model\ResourceModel\Block->save()
#20 /var/www/html/vendor/magento/module-cms-sample-data/Model/Block.php(98): Magento\Framework\Model\AbstractModel->save()
#21 /var/www/html/vendor/magento/module-cms-sample-data/Model/Block.php(77): Magento\CmsSampleData\Model\Block->saveCmsBlock()
#22 /var/www/html/vendor/magento/module-cms-sample-data/Setup/Installer.php(60): Magento\CmsSampleData\Model\Block->install()
#23 [internal function]: Magento\CmsSampleData\Setup\Installer->install()
#24 /var/www/html/vendor/magento/framework/App/State.php(183): call_user_func_array()
#25 /var/www/html/generated/code/Magento/Framework/App/State/Interceptor.php(68): Magento\Framework\App\State->emulateAreaCode()
#26 /var/www/html/vendor/magento/framework/Setup/SampleData/Executor.php(54): Magento\Framework\App\State\Interceptor->emulateAreaCode()
#27 /var/www/html/vendor/magento/module-cms-sample-data/Setup/Patch/Data/InstallCmsSampleData.php(47): Magento\Framework\Setup\SampleData\Executor->exec()
#28 /var/www/html/vendor/magento/framework/Setup/Patch/PatchApplier.php(301): Magento\CmsSampleData\Setup\Patch\Data\InstallCmsSampleData->apply()
#29 /var/www/html/vendor/magento/framework/Setup/Patch/PatchApplier.php(165): Magento\Framework\Setup\Patch\PatchApplier->applyPatch()
#30 /var/www/html/setup/src/Magento/Setup/Model/Installer.php(1148): Magento\Framework\Setup\Patch\PatchApplier->applyDataPatch()
#31 /var/www/html/setup/src/Magento/Setup/Model/Installer.php(1020): Magento\Setup\Model\Installer->handleDBSchemaData()
#32 /var/www/html/setup/src/Magento/Setup/Console/Command/UpgradeCommand.php(167): Magento\Setup\Model\Installer->installDataFixtures()
#33 /var/www/html/vendor/symfony/console/Command/Command.php(341): Magento\Setup\Console\Command\UpgradeCommand->execute()
#34 /var/www/html/vendor/symfony/console/Application.php(1094): Symfony\Component\Console\Command\Command->run()
#35 /var/www/html/vendor/symfony/console/Application.php(356): Symfony\Component\Console\Application->doRunCommand()
#36 /var/www/html/vendor/magento/framework/Console/Cli.php(137): Symfony\Component\Console\Application->doRun()
#37 /var/www/html/vendor/symfony/console/Application.php(195): Magento\Framework\Console\Cli->doRun()
#38 /var/www/html/bin/magento(23): Symfony\Component\Console\Application->run()
#39 {main}

Next Magento\Framework\Exception\IntegrationException: An error occurred during get media asset list: There is no such media asset with path "wysiwyg/sale/sale-main.jpg" in /var/www/html/vendor/magento/module-media-gallery/Model/Asset/Command/GetByPath.php:103
Stack trace:
#0 /var/www/html/vendor/magento/module-media-content/Model/ExtractAssetsFromContent.php(88): Magento\MediaGallery\Model\Asset\Command\GetByPath->execute()
#1 /var/www/html/vendor/magento/module-media-content/Model/ExtractAssetsFromContent.php(70): Magento\MediaContent\Model\ExtractAssetsFromContent->getAssetsByPaths()
#2 /var/www/html/vendor/magento/module-media-content/Model/UpdateContentAssetLinks.php(109): Magento\MediaContent\Model\ExtractAssetsFromContent->execute()
#3 /var/www/html/vendor/magento/module-media-content/Model/UpdateContentAssetLinks.php(91): Magento\MediaContent\Model\UpdateContentAssetLinks->updateRelation()
#4 /var/www/html/vendor/magento/module-media-content-cms/Observer/Block.php(82): Magento\MediaContent\Model\UpdateContentAssetLinks->execute()
#5 /var/www/html/vendor/magento/framework/Event/Invoker/InvokerDefault.php(88): Magento\MediaContentCms\Observer\Block->execute()
#6 /var/www/html/vendor/magento/framework/Event/Invoker/InvokerDefault.php(74): Magento\Framework\Event\Invoker\InvokerDefault->_callObserverMethod()
#7 /var/www/html/vendor/magento/framework/Event/Manager.php(65): Magento\Framework\Event\Invoker\InvokerDefault->dispatch()
#8 /var/www/html/generated/code/Magento/Framework/Event/Manager/Proxy.php(105): Magento\Framework\Event\Manager->dispatch()
#9 /var/www/html/vendor/magento/framework/Model/AbstractModel.php(866): Magento\Framework\Event\Manager\Proxy->dispatch()
#10 /var/www/html/vendor/magento/framework/EntityManager/Observer/AfterEntitySave.php(34): Magento\Framework\Model\AbstractModel->afterSave()
#11 /var/www/html/vendor/magento/framework/Event/Invoker/InvokerDefault.php(88): Magento\Framework\EntityManager\Observer\AfterEntitySave->execute()
#12 /var/www/html/vendor/magento/framework/Event/Invoker/InvokerDefault.php(74): Magento\Framework\Event\Invoker\InvokerDefault->_callObserverMethod()
#13 /var/www/html/vendor/magento/framework/Event/Manager.php(65): Magento\Framework\Event\Invoker\InvokerDefault->dispatch()
#14 /var/www/html/generated/code/Magento/Framework/Event/Manager/Proxy.php(105): Magento\Framework\Event\Manager->dispatch()
#15 /var/www/html/vendor/magento/framework/EntityManager/EventManager.php(49): Magento\Framework\Event\Manager\Proxy->dispatch()
#16 /var/www/html/vendor/magento/framework/EntityManager/Operation/Create.php(123): Magento\Framework\EntityManager\EventManager->dispatchEntityEvent()
#17 /var/www/html/vendor/magento/framework/EntityManager/EntityManager.php(106): Magento\Framework\EntityManager\Operation\Create->execute()
#18 /var/www/html/vendor/magento/module-cms/Model/ResourceModel/Block.php(247): Magento\Framework\EntityManager\EntityManager->save()
#19 /var/www/html/vendor/magento/framework/Model/AbstractModel.php(682): Magento\Cms\Model\ResourceModel\Block->save()
#20 /var/www/html/vendor/magento/module-cms-sample-data/Model/Block.php(98): Magento\Framework\Model\AbstractModel->save()
#21 /var/www/html/vendor/magento/module-cms-sample-data/Model/Block.php(77): Magento\CmsSampleData\Model\Block->saveCmsBlock()
#22 /var/www/html/vendor/magento/module-cms-sample-data/Setup/Installer.php(60): Magento\CmsSampleData\Model\Block->install()
#23 [internal function]: Magento\CmsSampleData\Setup\Installer->install()
#24 /var/www/html/vendor/magento/framework/App/State.php(183): call_user_func_array()
#25 /var/www/html/generated/code/Magento/Framework/App/State/Interceptor.php(68): Magento\Framework\App\State->emulateAreaCode()
#26 /var/www/html/vendor/magento/framework/Setup/SampleData/Executor.php(54): Magento\Framework\App\State\Interceptor->emulateAreaCode()
#27 /var/www/html/vendor/magento/module-cms-sample-data/Setup/Patch/Data/InstallCmsSampleData.php(47): Magento\Framework\Setup\SampleData\Executor->exec()
#28 /var/www/html/vendor/magento/framework/Setup/Patch/PatchApplier.php(301): Magento\CmsSampleData\Setup\Patch\Data\InstallCmsSampleData->apply()
#29 /var/www/html/vendor/magento/framework/Setup/Patch/PatchApplier.php(165): Magento\Framework\Setup\Patch\PatchApplier->applyPatch()
#30 /var/www/html/setup/src/Magento/Setup/Model/Installer.php(1148): Magento\Framework\Setup\Patch\PatchApplier->applyDataPatch()
#31 /var/www/html/setup/src/Magento/Setup/Model/Installer.php(1020): Magento\Setup\Model\Installer->handleDBSchemaData()
#32 /var/www/html/setup/src/Magento/Setup/Console/Command/UpgradeCommand.php(167): Magento\Setup\Model\Installer->installDataFixtures()
#33 /var/www/html/vendor/symfony/console/Command/Command.php(341): Magento\Setup\Console\Command\UpgradeCommand->execute()
#34 /var/www/html/vendor/symfony/console/Application.php(1094): Symfony\Component\Console\Command\Command->run()
#35 /var/www/html/vendor/symfony/console/Application.php(356): Symfony\Component\Console\Application->doRunCommand()
#36 /var/www/html/vendor/magento/framework/Console/Cli.php(137): Symfony\Component\Console\Application->doRun()
#37 /var/www/html/vendor/symfony/console/Application.php(195): Magento\Framework\Console\Cli->doRun()
#38 /var/www/html/bin/magento(23): Symfony\Component\Console\Application->run()
#39 {main} {"exception":"[object] (Magento\\Framework\\Exception\\IntegrationException(code: 0): An error occurred during get media asset list: There is no such media asset with path \"wysiwyg/sale/sale-main.jpg\" at /var/www/html/vendor/magento/module-media-gallery/Model/Asset/Command/GetByPath.php:103)
[previous exception] [object] (Magento\\Framework\\Exception\\NoSuchEntityException(code: 0): There is no such media asset with path \"wysiwyg/sale/sale-main.jpg\" at /var/www/html/vendor/magento/module-media-gallery/Model/Asset/Command/GetByPath.php:81)"} []
[2026-07-30T04:14:00.317943+00:00] main.CRITICAL: Magento\Framework\Exception\NoSuchEntityException: There is no such media asset with path "wysiwyg/sale/sale-mens.jpg" in /var/www/html/vendor/magento/module-media-gallery/Model/Asset/Command/GetByPath.php:81
Stack trace:
#0 /var/www/html/vendor/magento/module-media-content/Model/ExtractAssetsFromContent.php(88): Magento\MediaGallery\Model\Asset\Command\GetByPath->execute()
#1 /var/www/html/vendor/magento/module-media-content/Model/ExtractAssetsFromContent.php(70): Magento\MediaContent\Model\ExtractAssetsFromContent->getAssetsByPaths()
#2 /var/www/html/vendor/magento/module-media-content/Model/UpdateContentAssetLinks.php(109): Magento\MediaContent\Model\ExtractAssetsFromContent->execute()
#3 /var/www/html/vendor/magento/module-media-content/Model/UpdateContentAssetLinks.php(91): Magento\MediaContent\Model\UpdateContentAssetLinks->updateRelation()
#4 /var/www/html/vendor/magento/module-media-content-cms/Observer/Block.php(82): Magento\MediaContent\Model\UpdateContentAssetLinks->execute()
#5 /var/www/html/vendor/magento/framework/Event/Invoker/InvokerDefault.php(88): Magento\MediaContentCms\Observer\Block->execute()
#6 /var/www/html/vendor/magento/framework/Event/Invoker/InvokerDefault.php(74): Magento\Framework\Event\Invoker\InvokerDefault->_callObserverMethod()
#7 /var/www/html/vendor/magento/framework/Event/Manager.php(65): Magento\Framework\Event\Invoker\InvokerDefault->dispatch()
#8 /var/www/html/generated/code/Magento/Framework/Event/Manager/Proxy.php(105): Magento\Framework\Event\Manager->dispatch()
#9 /var/www/html/vendor/magento/framework/Model/AbstractModel.php(866): Magento\Framework\Event\Manager\Proxy->dispatch()
#10 /var/www/html/vendor/magento/framework/EntityManager/Observer/AfterEntitySave.php(34): Magento\Framework\Model\AbstractModel->afterSave()
#11 /var/www/html/vendor/magento/framework/Event/Invoker/InvokerDefault.php(88): Magento\Framework\EntityManager\Observer\AfterEntitySave->execute()
#12 /var/www/html/vendor/magento/framework/Event/Invoker/InvokerDefault.php(74): Magento\Framework\Event\Invoker\InvokerDefault->_callObserverMethod()
#13 /var/www/html/vendor/magento/framework/Event/Manager.php(65): Magento\Framework\Event\Invoker\InvokerDefault->dispatch()
#14 /var/www/html/generated/code/Magento/Framework/Event/Manager/Proxy.php(105): Magento\Framework\Event\Manager->dispatch()
#15 /var/www/html/vendor/magento/framework/EntityManager/EventManager.php(49): Magento\Framework\Event\Manager\Proxy->dispatch()
#16 /var/www/html/vendor/magento/framework/EntityManager/Operation/Create.php(123): Magento\Framework\EntityManager\EventManager->dispatchEntityEvent()
#17 /var/www/html/vendor/magento/framework/EntityManager/EntityManager.php(106): Magento\Framework\EntityManager\Operation\Create->execute()
#18 /var/www/html/vendor/magento/module-cms/Model/ResourceModel/Block.php(247): Magento\Framework\EntityManager\EntityManager->save()
#19 /var/www/html/vendor/magento/framework/Model/AbstractModel.php(682): Magento\Cms\Model\ResourceModel\Block->save()
#20 /var/www/html/vendor/magento/module-cms-sample-data/Model/Block.php(98): Magento\Framework\Model\AbstractModel->save()
#21 /var/www/html/vendor/magento/module-cms-sample-data/Model/Block.php(77): Magento\CmsSampleData\Model\Block->saveCmsBlock()
#22 /var/www/html/vendor/magento/module-cms-sample-data/Setup/Installer.php(60): Magento\CmsSampleData\Model\Block->install()
#23 [internal function]: Magento\CmsSampleData\Setup\Installer->install()
#24 /var/www/html/vendor/magento/framework/App/State.php(183): call_user_func_array()
#25 /var/www/html/generated/code/Magento/Framework/App/State/Interceptor.php(68): Magento\Framework\App\State->emulateAreaCode()
#26 /var/www/html/vendor/magento/framework/Setup/SampleData/Executor.php(54): Magento\Framework\App\State\Interceptor->emulateAreaCode()
#27 /var/www/html/vendor/magento/module-cms-sample-data/Setup/Patch/Data/InstallCmsSampleData.php(47): Magento\Framework\Setup\SampleData\Executor->exec()
#28 /var/www/html/vendor/magento/framework/Setup/Patch/PatchApplier.php(301): Magento\CmsSampleData\Setup\Patch\Data\InstallCmsSampleData->apply()
#29 /var/www/html/vendor/magento/framework/Setup/Patch/PatchApplier.php(165): Magento\Framework\Setup\Patch\PatchApplier->applyPatch()
#30 /var/www/html/setup/src/Magento/Setup/Model/Installer.php(1148): Magento\Framework\Setup\Patch\PatchApplier->applyDataPatch()
#31 /var/www/html/setup/src/Magento/Setup/Model/Installer.php(1020): Magento\Setup\Model\Installer->handleDBSchemaData()
#32 /var/www/html/setup/src/Magento/Setup/Console/Command/UpgradeCommand.php(167): Magento\Setup\Model\Installer->installDataFixtures()
#33 /var/www/html/vendor/symfony/console/Command/Command.php(341): Magento\Setup\Console\Command\UpgradeCommand->execute()
#34 /var/www/html/vendor/symfony/console/Application.php(1094): Symfony\Component\Console\Command\Command->run()
#35 /var/www/html/vendor/symfony/console/Application.php(356): Symfony\Component\Console\Application->doRunCommand()
#36 /var/www/html/vendor/magento/framework/Console/Cli.php(137): Symfony\Component\Console\Application->doRun()
#37 /var/www/html/vendor/symfony/console/Application.php(195): Magento\Framework\Console\Cli->doRun()
#38 /var/www/html/bin/magento(23): Symfony\Component\Console\Application->run()
#39 {main} {"exception":"[object] (Magento\\Framework\\Exception\\NoSuchEntityException(code: 0): There is no such media asset with path \"wysiwyg/sale/sale-mens.jpg\" at /var/www/html/vendor/magento/module-media-gallery/Model/Asset/Command/GetByPath.php:81)"} []
[2026-07-30T04:14:00.318045+00:00] main.CRITICAL: Magento\Framework\Exception\NoSuchEntityException: There is no such media asset with path "wysiwyg/sale/sale-mens.jpg" in /var/www/html/vendor/magento/module-media-gallery/Model/Asset/Command/GetByPath.php:81
Stack trace:
#0 /var/www/html/vendor/magento/module-media-content/Model/ExtractAssetsFromContent.php(88): Magento\MediaGallery\Model\Asset\Command\GetByPath->execute()
#1 /var/www/html/vendor/magento/module-media-content/Model/ExtractAssetsFromContent.php(70): Magento\MediaContent\Model\ExtractAssetsFromContent->getAssetsByPaths()
#2 /var/www/html/vendor/magento/module-media-content/Model/UpdateContentAssetLinks.php(109): Magento\MediaContent\Model\ExtractAssetsFromContent->execute()
#3 /var/www/html/vendor/magento/module-media-content/Model/UpdateContentAssetLinks.php(91): Magento\MediaContent\Model\UpdateContentAssetLinks->updateRelation()
#4 /var/www/html/vendor/magento/module-media-content-cms/Observer/Block.php(82): Magento\MediaContent\Model\UpdateContentAssetLinks->execute()
#5 /var/www/html/vendor/magento/framework/Event/Invoker/InvokerDefault.php(88): Magento\MediaContentCms\Observer\Block->execute()
#6 /var/www/html/vendor/magento/framework/Event/Invoker/InvokerDefault.php(74): Magento\Framework\Event\Invoker\InvokerDefault->_callObserverMethod()
#7 /var/www/html/vendor/magento/framework/Event/Manager.php(65): Magento\Framework\Event\Invoker\InvokerDefault->dispatch()
#8 /var/www/html/generated/code/Magento/Framework/Event/Manager/Proxy.php(105): Magento\Framework\Event\Manager->dispatch()
#9 /var/www/html/vendor/magento/framework/Model/AbstractModel.php(866): Magento\Framework\Event\Manager\Proxy->dispatch()
#10 /var/www/html/vendor/magento/framework/EntityManager/Observer/AfterEntitySave.php(34): Magento\Framework\Model\AbstractModel->afterSave()
#11 /var/www/html/vendor/magento/framework/Event/Invoker/InvokerDefault.php(88): Magento\Framework\EntityManager\Observer\AfterEntitySave->execute()
#12 /var/www/html/vendor/magento/framework/Event/Invoker/InvokerDefault.php(74): Magento\Framework\Event\Invoker\InvokerDefault->_callObserverMethod()
#13 /var/www/html/vendor/magento/framework/Event/Manager.php(65): Magento\Framework\Event\Invoker\InvokerDefault->dispatch()
#14 /var/www/html/generated/code/Magento/Framework/Event/Manager/Proxy.php(105): Magento\Framework\Event\Manager->dispatch()
#15 /var/www/html/vendor/magento/framework/EntityManager/EventManager.php(49): Magento\Framework\Event\Manager\Proxy->dispatch()
#16 /var/www/html/vendor/magento/framework/EntityManager/Operation/Create.php(123): Magento\Framework\EntityManager\EventManager->dispatchEntityEvent()
#17 /var/www/html/vendor/magento/framework/EntityManager/EntityManager.php(106): Magento\Framework\EntityManager\Operation\Create->execute()
#18 /var/www/html/vendor/magento/module-cms/Model/ResourceModel/Block.php(247): Magento\Framework\EntityManager\EntityManager->save()
#19 /var/www/html/vendor/magento/framework/Model/AbstractModel.php(682): Magento\Cms\Model\ResourceModel\Block->save()
#20 /var/www/html/vendor/magento/module-cms-sample-data/Model/Block.php(98): Magento\Framework\Model\AbstractModel->save()
#21 /var/www/html/vendor/magento/module-cms-sample-data/Model/Block.php(77): Magento\CmsSampleData\Model\Block->saveCmsBlock()
#22 /var/www/html/vendor/magento/module-cms-sample-data/Setup/Installer.php(60): Magento\CmsSampleData\Model\Block->install()
#23 [internal function]: Magento\CmsSampleData\Setup\Installer->install()
#24 /var/www/html/vendor/magento/framework/App/State.php(183): call_user_func_array()
#25 /var/www/html/generated/code/Magento/Framework/App/State/Interceptor.php(68): Magento\Framework\App\State->emulateAreaCode()
#26 /var/www/html/vendor/magento/framework/Setup/SampleData/Executor.php(54): Magento\Framework\App\State\Interceptor->emulateAreaCode()
#27 /var/www/html/vendor/magento/module-cms-sample-data/Setup/Patch/Data/InstallCmsSampleData.php(47): Magento\Framework\Setup\SampleData\Executor->exec()
#28 /var/www/html/vendor/magento/framework/Setup/Patch/PatchApplier.php(301): Magento\CmsSampleData\Setup\Patch\Data\InstallCmsSampleData->apply()
#29 /var/www/html/vendor/magento/framework/Setup/Patch/PatchApplier.php(165): Magento\Framework\Setup\Patch\PatchApplier->applyPatch()
#30 /var/www/html/setup/src/Magento/Setup/Model/Installer.php(1148): Magento\Framework\Setup\Patch\PatchApplier->applyDataPatch()
#31 /var/www/html/setup/src/Magento/Setup/Model/Installer.php(1020): Magento\Setup\Model\Installer->handleDBSchemaData()
#32 /var/www/html/setup/src/Magento/Setup/Console/Command/UpgradeCommand.php(167): Magento\Setup\Model\Installer->installDataFixtures()
#33 /var/www/html/vendor/symfony/console/Command/Command.php(341): Magento\Setup\Console\Command\UpgradeCommand->execute()
#34 /var/www/html/vendor/symfony/console/Application.php(1094): Symfony\Component\Console\Command\Command->run()
#35 /var/www/html/vendor/symfony/console/Application.php(356): Symfony\Component\Console\Application->doRunCommand()
#36 /var/www/html/vendor/magento/framework/Console/Cli.php(137): Symfony\Component\Console\Application->doRun()
#37 /var/www/html/vendor/symfony/console/Application.php(195): Magento\Framework\Console\Cli->doRun()
#38 /var/www/html/bin/magento(23): Symfony\Component\Console\Application->run()
#39 {main}

Next Magento\Framework\Exception\IntegrationException: An error occurred during get media asset list: There is no such media asset with path "wysiwyg/sale/sale-mens.jpg" in /var/www/html/vendor/magento/module-media-gallery/Model/Asset/Command/GetByPath.php:103
Stack trace:
#0 /var/www/html/vendor/magento/module-media-content/Model/ExtractAssetsFromContent.php(88): Magento\MediaGallery\Model\Asset\Command\GetByPath->execute()
#1 /var/www/html/vendor/magento/module-media-content/Model/ExtractAssetsFromContent.php(70): Magento\MediaContent\Model\ExtractAssetsFromContent->getAssetsByPaths()
#2 /var/www/html/vendor/magento/module-media-content/Model/UpdateContentAssetLinks.php(109): Magento\MediaContent\Model\ExtractAssetsFromContent->execute()
#3 /var/www/html/vendor/magento/module-media-content/Model/UpdateContentAssetLinks.php(91): Magento\MediaContent\Model\UpdateContentAssetLinks->updateRelation()
#4 /var/www/html/vendor/magento/module-media-content-cms/Observer/Block.php(82): Magento\MediaContent\Model\UpdateContentAssetLinks->execute()
#5 /var/www/html/vendor/magento/framework/Event/Invoker/InvokerDefault.php(88): Magento\MediaContentCms\Observer\Block->execute()
#6 /var/www/html/vendor/magento/framework/Event/Invoker/InvokerDefault.php(74): Magento\Framework\Event\Invoker\InvokerDefault->_callObserverMethod()
#7 /var/www/html/vendor/magento/framework/Event/Manager.php(65): Magento\Framework\Event\Invoker\InvokerDefault->dispatch()
#8 /var/www/html/generated/code/Magento/Framework/Event/Manager/Proxy.php(105): Magento\Framework\Event\Manager->dispatch()
#9 /var/www/html/vendor/magento/framework/Model/AbstractModel.php(866): Magento\Framework\Event\Manager\Proxy->dispatch()
#10 /var/www/html/vendor/magento/framework/EntityManager/Observer/AfterEntitySave.php(34): Magento\Framework\Model\AbstractModel->afterSave()
#11 /var/www/html/vendor/magento/framework/Event/Invoker/InvokerDefault.php(88): Magento\Framework\EntityManager\Observer\AfterEntitySave->execute()
#12 /var/www/html/vendor/magento/framework/Event/Invoker/InvokerDefault.php(74): Magento\Framework\Event\Invoker\InvokerDefault->_callObserverMethod()
#13 /var/www/html/vendor/magento/framework/Event/Manager.php(65): Magento\Framework\Event\Invoker\InvokerDefault->dispatch()
#14 /var/www/html/generated/code/Magento/Framework/Event/Manager/Proxy.php(105): Magento\Framework\Event\Manager->dispatch()
#15 /var/www/html/vendor/magento/framework/EntityManager/EventManager.php(49): Magento\Framework\Event\Manager\Proxy->dispatch()
#16 /var/www/html/vendor/magento/framework/EntityManager/Operation/Create.php(123): Magento\Framework\EntityManager\EventManager->dispatchEntityEvent()
#17 /var/www/html/vendor/magento/framework/EntityManager/EntityManager.php(106): Magento\Framework\EntityManager\Operation\Create->execute()
#18 /var/www/html/vendor/magento/module-cms/Model/ResourceModel/Block.php(247): Magento\Framework\EntityManager\EntityManager->save()
#19 /var/www/html/vendor/magento/framework/Model/AbstractModel.php(682): Magento\Cms\Model\ResourceModel\Block->save()
#20 /var/www/html/vendor/magento/module-cms-sample-data/Model/Block.php(98): Magento\Framework\Model\AbstractModel->save()
#21 /var/www/html/vendor/magento/module-cms-sample-data/Model/Block.php(77): Magento\CmsSampleData\Model\Block->saveCmsBlock()
#22 /var/www/html/vendor/magento/module-cms-sample-data/Setup/Installer.php(60): Magento\CmsSampleData\Model\Block->install()
#23 [internal function]: Magento\CmsSampleData\Setup\Installer->install()
#24 /var/www/html/vendor/magento/framework/App/State.php(183): call_user_func_array()
#25 /var/www/html/generated/code/Magento/Framework/App/State/Interceptor.php(68): Magento\Framework\App\State->emulateAreaCode()
#26 /var/www/html/vendor/magento/framework/Setup/SampleData/Executor.php(54): Magento\Framework\App\State\Interceptor->emulateAreaCode()
#27 /var/www/html/vendor/magento/module-cms-sample-data/Setup/Patch/Data/InstallCmsSampleData.php(47): Magento\Framework\Setup\SampleData\Executor->exec()
#28 /var/www/html/vendor/magento/framework/Setup/Patch/PatchApplier.php(301): Magento\CmsSampleData\Setup\Patch\Data\InstallCmsSampleData->apply()
#29 /var/www/html/vendor/magento/framework/Setup/Patch/PatchApplier.php(165): Magento\Framework\Setup\Patch\PatchApplier->applyPatch()
#30 /var/www/html/setup/src/Magento/Setup/Model/Installer.php(1148): Magento\Framework\Setup\Patch\PatchApplier->applyDataPatch()
#31 /var/www/html/setup/src/Magento/Setup/Model/Installer.php(1020): Magento\Setup\Model\Installer->handleDBSchemaData()
#32 /var/www/html/setup/src/Magento/Setup/Console/Command/UpgradeCommand.php(167): Magento\Setup\Model\Installer->installDataFixtures()
#33 /var/www/html/vendor/symfony/console/Command/Command.php(341): Magento\Setup\Console\Command\UpgradeCommand->execute()
#34 /var/www/html/vendor/symfony/console/Application.php(1094): Symfony\Component\Console\Command\Command->run()
#35 /var/www/html/vendor/symfony/console/Application.php(356): Symfony\Component\Console\Application->doRunCommand()
#36 /var/www/html/vendor/magento/framework/Console/Cli.php(137): Symfony\Component\Console\Application->doRun()
#37 /var/www/html/vendor/symfony/console/Application.php(195): Magento\Framework\Console\Cli->doRun()
#38 /var/www/html/bin/magento(23): Symfony\Component\Console\Application->run()
#39 {main} {"exception":"[object] (Magento\\Framework\\Exception\\IntegrationException(code: 0): An error occurred during get media asset list: There is no such media asset with path \"wysiwyg/sale/sale-mens.jpg\" at /var/www/html/vendor/magento/module-media-gallery/Model/Asset/Command/GetByPath.php:103)
[previous exception] [object] (Magento\\Framework\\Exception\\NoSuchEntityException(code: 0): There is no such media asset with path \"wysiwyg/sale/sale-mens.jpg\" at /var/www/html/vendor/magento/module-media-gallery/Model/Asset/Command/GetByPath.php:81)"} []
[2026-07-30T04:14:00.318240+00:00] main.CRITICAL: Magento\Framework\Exception\NoSuchEntityException: There is no such media asset with path "wysiwyg/sale/sale-gear.jpg" in /var/www/html/vendor/magento/module-media-gallery/Model/Asset/Command/GetByPath.php:81
Stack trace:
#0 /var/www/html/vendor/magento/module-media-content/Model/ExtractAssetsFromContent.php(88): Magento\MediaGallery\Model\Asset\Command\GetByPath->execute()
#1 /var/www/html/vendor/magento/module-media-content/Model/ExtractAssetsFromContent.php(70): Magento\MediaContent\Model\ExtractAssetsFromContent->getAssetsByPaths()
#2 /var/www/html/vendor/magento/module-media-content/Model/UpdateContentAssetLinks.php(109): Magento\MediaContent\Model\ExtractAssetsFromContent->execute()
#3 /var/www/html/vendor/magento/module-media-content/Model/UpdateContentAssetLinks.php(91): Magento\MediaContent\Model\UpdateContentAssetLinks->updateRelation()
#4 /var/www/html/vendor/magento/module-media-content-cms/Observer/Block.php(82): Magento\MediaContent\Model\UpdateContentAssetLinks->execute()
#5 /var/www/html/vendor/magento/framework/Event/Invoker/InvokerDefault.php(88): Magento\MediaContentCms\Observer\Block->execute()
#6 /var/www/html/vendor/magento/framework/Event/Invoker/InvokerDefault.php(74): Magento\Framework\Event\Invoker\InvokerDefault->_callObserverMethod()
#7 /var/www/html/vendor/magento/framework/Event/Manager.php(65): Magento\Framework\Event\Invoker\InvokerDefault->dispatch()
#8 /var/www/html/generated/code/Magento/Framework/Event/Manager/Proxy.php(105): Magento\Framework\Event\Manager->dispatch()
#9 /var/www/html/vendor/magento/framework/Model/AbstractModel.php(866): Magento\Framework\Event\Manager\Proxy->dispatch()
#10 /var/www/html/vendor/magento/framework/EntityManager/Observer/AfterEntitySave.php(34): Magento\Framework\Model\AbstractModel->afterSave()
#11 /var/www/html/vendor/magento/framework/Event/Invoker/InvokerDefault.php(88): Magento\Framework\EntityManager\Observer\AfterEntitySave->execute()
#12 /var/www/html/vendor/magento/framework/Event/Invoker/InvokerDefault.php(74): Magento\Framework\Event\Invoker\InvokerDefault->_callObserverMethod()
#13 /var/www/html/vendor/magento/framework/Event/Manager.php(65): Magento\Framework\Event\Invoker\InvokerDefault->dispatch()
#14 /var/www/html/generated/code/Magento/Framework/Event/Manager/Proxy.php(105): Magento\Framework\Event\Manager->dispatch()
#15 /var/www/html/vendor/magento/framework/EntityManager/EventManager.php(49): Magento\Framework\Event\Manager\Proxy->dispatch()
#16 /var/www/html/vendor/magento/framework/EntityManager/Operation/Create.php(123): Magento\Framework\EntityManager\EventManager->dispatchEntityEvent()
#17 /var/www/html/vendor/magento/framework/EntityManager/EntityManager.php(106): Magento\Framework\EntityManager\Operation\Create->execute()
#18 /var/www/html/vendor/magento/module-cms/Model/ResourceModel/Block.php(247): Magento\Framework\EntityManager\EntityManager->save()
#19 /var/www/html/vendor/magento/framework/Model/AbstractModel.php(682): Magento\Cms\Model\ResourceModel\Block->save()
#20 /var/www/html/vendor/magento/module-cms-sample-data/Model/Block.php(98): Magento\Framework\Model\AbstractModel->save()
#21 /var/www/html/vendor/magento/module-cms-sample-data/Model/Block.php(77): Magento\CmsSampleData\Model\Block->saveCmsBlock()
#22 /var/www/html/vendor/magento/module-cms-sample-data/Setup/Installer.php(60): Magento\CmsSampleData\Model\Block->install()
#23 [internal function]: Magento\CmsSampleData\Setup\Installer->install()
#24 /var/www/html/vendor/magento/framework/App/State.php(183): call_user_func_array()
#25 /var/www/html/generated/code/Magento/Framework/App/State/Interceptor.php(68): Magento\Framework\App\State->emulateAreaCode()
#26 /var/www/html/vendor/magento/framework/Setup/SampleData/Executor.php(54): Magento\Framework\App\State\Interceptor->emulateAreaCode()
#27 /var/www/html/vendor/magento/module-cms-sample-data/Setup/Patch/Data/InstallCmsSampleData.php(47): Magento\Framework\Setup\SampleData\Executor->exec()
#28 /var/www/html/vendor/magento/framework/Setup/Patch/PatchApplier.php(301): Magento\CmsSampleData\Setup\Patch\Data\InstallCmsSampleData->apply()
#29 /var/www/html/vendor/magento/framework/Setup/Patch/PatchApplier.php(165): Magento\Framework\Setup\Patch\PatchApplier->applyPatch()
#30 /var/www/html/setup/src/Magento/Setup/Model/Installer.php(1148): Magento\Framework\Setup\Patch\PatchApplier->applyDataPatch()
#31 /var/www/html/setup/src/Magento/Setup/Model/Installer.php(1020): Magento\Setup\Model\Installer->handleDBSchemaData()
#32 /var/www/html/setup/src/Magento/Setup/Console/Command/UpgradeCommand.php(167): Magento\Setup\Model\Installer->installDataFixtures()
#33 /var/www/html/vendor/symfony/console/Command/Command.php(341): Magento\Setup\Console\Command\UpgradeCommand->execute()
#34 /var/www/html/vendor/symfony/console/Application.php(1094): Symfony\Component\Console\Command\Command->run()
#35 /var/www/html/vendor/symfony/console/Application.php(356): Symfony\Component\Console\Application->doRunCommand()
#36 /var/www/html/vendor/magento/framework/Console/Cli.php(137): Symfony\Component\Console\Application->doRun()
#37 /var/www/html/vendor/symfony/console/Application.php(195): Magento\Framework\Console\Cli->doRun()
#38 /var/www/html/bin/magento(23): Symfony\Component\Console\Application->run()
#39 {main} {"exception":"[object] (Magento\\Framework\\Exception\\NoSuchEntityException(code: 0): There is no such media asset with path \"wysiwyg/sale/sale-gear.jpg\" at /var/www/html/vendor/magento/module-media-gallery/Model/Asset/Command/GetByPath.php:81)"} []
[2026-07-30T04:14:00.318359+00:00] main.CRITICAL: Magento\Framework\Exception\NoSuchEntityException: There is no such media asset with path "wysiwyg/sale/sale-gear.jpg" in /var/www/html/vendor/magento/module-media-gallery/Model/Asset/Command/GetByPath.php:81
Stack trace:
#0 /var/www/html/vendor/magento/module-media-content/Model/ExtractAssetsFromContent.php(88): Magento\MediaGallery\Model\Asset\Command\GetByPath->execute()
#1 /var/www/html/vendor/magento/module-media-content/Model/ExtractAssetsFromContent.php(70): Magento\MediaContent\Model\ExtractAssetsFromContent->getAssetsByPaths()
#2 /var/www/html/vendor/magento/module-media-content/Model/UpdateContentAssetLinks.php(109): Magento\MediaContent\Model\ExtractAssetsFromContent->execute()
#3 /var/www/html/vendor/magento/module-media-content/Model/UpdateContentAssetLinks.php(91): Magento\MediaContent\Model\UpdateContentAssetLinks->updateRelation()
#4 /var/www/html/vendor/magento/module-media-content-cms/Observer/Block.php(82): Magento\MediaContent\Model\UpdateContentAssetLinks->execute()
#5 /var/www/html/vendor/magento/framework/Event/Invoker/InvokerDefault.php(88): Magento\MediaContentCms\Observer\Block->execute()
#6 /var/www/html/vendor/magento/framework/Event/Invoker/InvokerDefault.php(74): Magento\Framework\Event\Invoker\InvokerDefault->_callObserverMethod()
#7 /var/www/html/vendor/magento/framework/Event/Manager.php(65): Magento\Framework\Event\Invoker\InvokerDefault->dispatch()
#8 /var/www/html/generated/code/Magento/Framework/Event/Manager/Proxy.php(105): Magento\Framework\Event\Manager->dispatch()
#9 /var/www/html/vendor/magento/framework/Model/AbstractModel.php(866): Magento\Framework\Event\Manager\Proxy->dispatch()
#10 /var/www/html/vendor/magento/framework/EntityManager/Observer/AfterEntitySave.php(34): Magento\Framework\Model\AbstractModel->afterSave()
#11 /var/www/html/vendor/magento/framework/Event/Invoker/InvokerDefault.php(88): Magento\Framework\EntityManager\Observer\AfterEntitySave->execute()
#12 /var/www/html/vendor/magento/framework/Event/Invoker/InvokerDefault.php(74): Magento\Framework\Event\Invoker\InvokerDefault->_callObserverMethod()
#13 /var/www/html/vendor/magento/framework/Event/Manager.php(65): Magento\Framework\Event\Invoker\InvokerDefault->dispatch()
#14 /var/www/html/generated/code/Magento/Framework/Event/Manager/Proxy.php(105): Magento\Framework\Event\Manager->dispatch()
#15 /var/www/html/vendor/magento/framework/EntityManager/EventManager.php(49): Magento\Framework\Event\Manager\Proxy->dispatch()
#16 /var/www/html/vendor/magento/framework/EntityManager/Operation/Create.php(123): Magento\Framework\EntityManager\EventManager->dispatchEntityEvent()
#17 /var/www/html/vendor/magento/framework/EntityManager/EntityManager.php(106): Magento\Framework\EntityManager\Operation\Create->execute()
#18 /var/www/html/vendor/magento/module-cms/Model/ResourceModel/Block.php(247): Magento\Framework\EntityManager\EntityManager->save()
#19 /var/www/html/vendor/magento/framework/Model/AbstractModel.php(682): Magento\Cms\Model\ResourceModel\Block->save()
#20 /var/www/html/vendor/magento/module-cms-sample-data/Model/Block.php(98): Magento\Framework\Model\AbstractModel->save()
#21 /var/www/html/vendor/magento/module-cms-sample-data/Model/Block.php(77): Magento\CmsSampleData\Model\Block->saveCmsBlock()
#22 /var/www/html/vendor/magento/module-cms-sample-data/Setup/Installer.php(60): Magento\CmsSampleData\Model\Block->install()
#23 [internal function]: Magento\CmsSampleData\Setup\Installer->install()
#24 /var/www/html/vendor/magento/framework/App/State.php(183): call_user_func_array()
#25 /var/www/html/generated/code/Magento/Framework/App/State/Interceptor.php(68): Magento\Framework\App\State->emulateAreaCode()
#26 /var/www/html/vendor/magento/framework/Setup/SampleData/Executor.php(54): Magento\Framework\App\State\Interceptor->emulateAreaCode()
#27 /var/www/html/vendor/magento/module-cms-sample-data/Setup/Patch/Data/InstallCmsSampleData.php(47): Magento\Framework\Setup\SampleData\Executor->exec()
#28 /var/www/html/vendor/magento/framework/Setup/Patch/PatchApplier.php(301): Magento\CmsSampleData\Setup\Patch\Data\InstallCmsSampleData->apply()
#29 /var/www/html/vendor/magento/framework/Setup/Patch/PatchApplier.php(165): Magento\Framework\Setup\Patch\PatchApplier->applyPatch()
#30 /var/www/html/setup/src/Magento/Setup/Model/Installer.php(1148): Magento\Framework\Setup\Patch\PatchApplier->applyDataPatch()
#31 /var/www/html/setup/src/Magento/Setup/Model/Installer.php(1020): Magento\Setup\Model\Installer->handleDBSchemaData()
#32 /var/www/html/setup/src/Magento/Setup/Console/Command/UpgradeCommand.php(167): Magento\Setup\Model\Installer->installDataFixtures()
#33 /var/www/html/vendor/symfony/console/Command/Command.php(341): Magento\Setup\Console\Command\UpgradeCommand->execute()
#34 /var/www/html/vendor/symfony/console/Application.php(1094): Symfony\Component\Console\Command\Command->run()
#35 /var/www/html/vendor/symfony/console/Application.php(356): Symfony\Component\Console\Application->doRunCommand()
#36 /var/www/html/vendor/magento/framework/Console/Cli.php(137): Symfony\Component\Console\Application->doRun()
#37 /var/www/html/vendor/symfony/console/Application.php(195): Magento\Framework\Console\Cli->doRun()
#38 /var/www/html/bin/magento(23): Symfony\Component\Console\Application->run()
#39 {main}

Next Magento\Framework\Exception\IntegrationException: An error occurred during get media asset list: There is no such media asset with path "wysiwyg/sale/sale-gear.jpg" in /var/www/html/vendor/magento/module-media-gallery/Model/Asset/Command/GetByPath.php:103
Stack trace:
#0 /var/www/html/vendor/magento/module-media-content/Model/ExtractAssetsFromContent.php(88): Magento\MediaGallery\Model\Asset\Command\GetByPath->execute()
#1 /var/www/html/vendor/magento/module-media-content/Model/ExtractAssetsFromContent.php(70): Magento\MediaContent\Model\ExtractAssetsFromContent->getAssetsByPaths()
#2 /var/www/html/vendor/magento/module-media-content/Model/UpdateContentAssetLinks.php(109): Magento\MediaContent\Model\ExtractAssetsFromContent->execute()
#3 /var/www/html/vendor/magento/module-media-content/Model/UpdateContentAssetLinks.php(91): Magento\MediaContent\Model\UpdateContentAssetLinks->updateRelation()
#4 /var/www/html/vendor/magento/module-media-content-cms/Observer/Block.php(82): Magento\MediaContent\Model\UpdateContentAssetLinks->execute()
#5 /var/www/html/vendor/magento/framework/Event/Invoker/InvokerDefault.php(88): Magento\MediaContentCms\Observer\Block->execute()
#6 /var/www/html/vendor/magento/framework/Event/Invoker/InvokerDefault.php(74): Magento\Framework\Event\Invoker\InvokerDefault->_callObserverMethod()
#7 /var/www/html/vendor/magento/framework/Event/Manager.php(65): Magento\Framework\Event\Invoker\InvokerDefault->dispatch()
#8 /var/www/html/generated/code/Magento/Framework/Event/Manager/Proxy.php(105): Magento\Framework\Event\Manager->dispatch()
#9 /var/www/html/vendor/magento/framework/Model/AbstractModel.php(866): Magento\Framework\Event\Manager\Proxy->dispatch()
#10 /var/www/html/vendor/magento/framework/EntityManager/Observer/AfterEntitySave.php(34): Magento\Framework\Model\AbstractModel->afterSave()
#11 /var/www/html/vendor/magento/framework/Event/Invoker/InvokerDefault.php(88): Magento\Framework\EntityManager\Observer\AfterEntitySave->execute()
#12 /var/www/html/vendor/magento/framework/Event/Invoker/InvokerDefault.php(74): Magento\Framework\Event\Invoker\InvokerDefault->_callObserverMethod()
#13 /var/www/html/vendor/magento/framework/Event/Manager.php(65): Magento\Framework\Event\Invoker\InvokerDefault->dispatch()
#14 /var/www/html/generated/code/Magento/Framework/Event/Manager/Proxy.php(105): Magento\Framework\Event\Manager->dispatch()
#15 /var/www/html/vendor/magento/framework/EntityManager/EventManager.php(49): Magento\Framework\Event\Manager\Proxy->dispatch()
#16 /var/www/html/vendor/magento/framework/EntityManager/Operation/Create.php(123): Magento\Framework\EntityManager\EventManager->dispatchEntityEvent()
#17 /var/www/html/vendor/magento/framework/EntityManager/EntityManager.php(106): Magento\Framework\EntityManager\Operation\Create->execute()
#18 /var/www/html/vendor/magento/module-cms/Model/ResourceModel/Block.php(247): Magento\Framework\EntityManager\EntityManager->save()
#19 /var/www/html/vendor/magento/framework/Model/AbstractModel.php(682): Magento\Cms\Model\ResourceModel\Block->save()
#20 /var/www/html/vendor/magento/module-cms-sample-data/Model/Block.php(98): Magento\Framework\Model\AbstractModel->save()
#21 /var/www/html/vendor/magento/module-cms-sample-data/Model/Block.php(77): Magento\CmsSampleData\Model\Block->saveCmsBlock()
#22 /var/www/html/vendor/magento/module-cms-sample-data/Setup/Installer.php(60): Magento\CmsSampleData\Model\Block->install()
#23 [internal function]: Magento\CmsSampleData\Setup\Installer->install()
#24 /var/www/html/vendor/magento/framework/App/State.php(183): call_user_func_array()
#25 /var/www/html/generated/code/Magento/Framework/App/State/Interceptor.php(68): Magento\Framework\App\State->emulateAreaCode()
#26 /var/www/html/vendor/magento/framework/Setup/SampleData/Executor.php(54): Magento\Framework\App\State\Interceptor->emulateAreaCode()
#27 /var/www/html/vendor/magento/module-cms-sample-data/Setup/Patch/Data/InstallCmsSampleData.php(47): Magento\Framework\Setup\SampleData\Executor->exec()
#28 /var/www/html/vendor/magento/framework/Setup/Patch/PatchApplier.php(301): Magento\CmsSampleData\Setup\Patch\Data\InstallCmsSampleData->apply()
#29 /var/www/html/vendor/magento/framework/Setup/Patch/PatchApplier.php(165): Magento\Framework\Setup\Patch\PatchApplier->applyPatch()
#30 /var/www/html/setup/src/Magento/Setup/Model/Installer.php(1148): Magento\Framework\Setup\Patch\PatchApplier->applyDataPatch()
#31 /var/www/html/setup/src/Magento/Setup/Model/Installer.php(1020): Magento\Setup\Model\Installer->handleDBSchemaData()
#32 /var/www/html/setup/src/Magento/Setup/Console/Command/UpgradeCommand.php(167): Magento\Setup\Model\Installer->installDataFixtures()
#33 /var/www/html/vendor/symfony/console/Command/Command.php(341): Magento\Setup\Console\Command\UpgradeCommand->execute()
#34 /var/www/html/vendor/symfony/console/Application.php(1094): Symfony\Component\Console\Command\Command->run()
#35 /var/www/html/vendor/symfony/console/Application.php(356): Symfony\Component\Console\Application->doRunCommand()
#36 /var/www/html/vendor/magento/framework/Console/Cli.php(137): Symfony\Component\Console\Application->doRun()
#37 /var/www/html/vendor/symfony/console/Application.php(195): Magento\Framework\Console\Cli->doRun()
#38 /var/www/html/bin/magento(23): Symfony\Component\Console\Application->run()
#39 {main} {"exception":"[object] (Magento\\Framework\\Exception\\IntegrationException(code: 0): An error occurred during get media asset list: There is no such media asset with path \"wysiwyg/sale/sale-gear.jpg\" at /var/www/html/vendor/magento/module-media-gallery/Model/Asset/Command/GetByPath.php:103)
[previous exception] [object] (Magento\\Framework\\Exception\\NoSuchEntityException(code: 0): There is no such media asset with path \"wysiwyg/sale/sale-gear.jpg\" at /var/www/html/vendor/magento/module-media-gallery/Model/Asset/Command/GetByPath.php:81)"} []
[2026-07-30T04:14:00.318564+00:00] main.CRITICAL: Magento\Framework\Exception\NoSuchEntityException: There is no such media asset with path "wysiwyg/sale/sale-20-off.png" in /var/www/html/vendor/magento/module-media-gallery/Model/Asset/Command/GetByPath.php:81
Stack trace:
#0 /var/www/html/vendor/magento/module-media-content/Model/ExtractAssetsFromContent.php(88): Magento\MediaGallery\Model\Asset\Command\GetByPath->execute()
#1 /var/www/html/vendor/magento/module-media-content/Model/ExtractAssetsFromContent.php(70): Magento\MediaContent\Model\ExtractAssetsFromContent->getAssetsByPaths()
#2 /var/www/html/vendor/magento/module-media-content/Model/UpdateContentAssetLinks.php(109): Magento\MediaContent\Model\ExtractAssetsFromContent->execute()
#3 /var/www/html/vendor/magento/module-media-content/Model/UpdateContentAssetLinks.php(91): Magento\MediaContent\Model\UpdateContentAssetLinks->updateRelation()
#4 /var/www/html/vendor/magento/module-media-content-cms/Observer/Block.php(82): Magento\MediaContent\Model\UpdateContentAssetLinks->execute()
#5 /var/www/html/vendor/magento/framework/Event/Invoker/InvokerDefault.php(88): Magento\MediaContentCms\Observer\Block->execute()
#6 /var/www/html/vendor/magento/framework/Event/Invoker/InvokerDefault.php(74): Magento\Framework\Event\Invoker\InvokerDefault->_callObserverMethod()
#7 /var/www/html/vendor/magento/framework/Event/Manager.php(65): Magento\Framework\Event\Invoker\InvokerDefault->dispatch()
#8 /var/www/html/generated/code/Magento/Framework/Event/Manager/Proxy.php(105): Magento\Framework\Event\Manager->dispatch()
#9 /var/www/html/vendor/magento/framework/Model/AbstractModel.php(866): Magento\Framework\Event\Manager\Proxy->dispatch()
#10 /var/www/html/vendor/magento/framework/EntityManager/Observer/AfterEntitySave.php(34): Magento\Framework\Model\AbstractModel->afterSave()
#11 /var/www/html/vendor/magento/framework/Event/Invoker/InvokerDefault.php(88): Magento\Framework\EntityManager\Observer\AfterEntitySave->execute()
#12 /var/www/html/vendor/magento/framework/Event/Invoker/InvokerDefault.php(74): Magento\Framework\Event\Invoker\InvokerDefault->_callObserverMethod()
#13 /var/www/html/vendor/magento/framework/Event/Manager.php(65): Magento\Framework\Event\Invoker\InvokerDefault->dispatch()
#14 /var/www/html/generated/code/Magento/Framework/Event/Manager/Proxy.php(105): Magento\Framework\Event\Manager->dispatch()
#15 /var/www/html/vendor/magento/framework/EntityManager/EventManager.php(49): Magento\Framework\Event\Manager\Proxy->dispatch()
#16 /var/www/html/vendor/magento/framework/EntityManager/Operation/Create.php(123): Magento\Framework\EntityManager\EventManager->dispatchEntityEvent()
#17 /var/www/html/vendor/magento/framework/EntityManager/EntityManager.php(106): Magento\Framework\EntityManager\Operation\Create->execute()
#18 /var/www/html/vendor/magento/module-cms/Model/ResourceModel/Block.php(247): Magento\Framework\EntityManager\EntityManager->save()
#19 /var/www/html/vendor/magento/framework/Model/AbstractModel.php(682): Magento\Cms\Model\ResourceModel\Block->save()
#20 /var/www/html/vendor/magento/module-cms-sample-data/Model/Block.php(98): Magento\Framework\Model\AbstractModel->save()
#21 /var/www/html/vendor/magento/module-cms-sample-data/Model/Block.php(77): Magento\CmsSampleData\Model\Block->saveCmsBlock()
#22 /var/www/html/vendor/magento/module-cms-sample-data/Setup/Installer.php(60): Magento\CmsSampleData\Model\Block->install()
#23 [internal function]: Magento\CmsSampleData\Setup\Installer->install()
#24 /var/www/html/vendor/magento/framework/App/State.php(183): call_user_func_array()
#25 /var/www/html/generated/code/Magento/Framework/App/State/Interceptor.php(68): Magento\Framework\App\State->emulateAreaCode()
#26 /var/www/html/vendor/magento/framework/Setup/SampleData/Executor.php(54): Magento\Framework\App\State\Interceptor->emulateAreaCode()
#27 /var/www/html/vendor/magento/module-cms-sample-data/Setup/Patch/Data/InstallCmsSampleData.php(47): Magento\Framework\Setup\SampleData\Executor->exec()
#28 /var/www/html/vendor/magento/framework/Setup/Patch/PatchApplier.php(301): Magento\CmsSampleData\Setup\Patch\Data\InstallCmsSampleData->apply()
#29 /var/www/html/vendor/magento/framework/Setup/Patch/PatchApplier.php(165): Magento\Framework\Setup\Patch\PatchApplier->applyPatch()
#30 /var/www/html/setup/src/Magento/Setup/Model/Installer.php(1148): Magento\Framework\Setup\Patch\PatchApplier->applyDataPatch()
#31 /var/www/html/setup/src/Magento/Setup/Model/Installer.php(1020): Magento\Setup\Model\Installer->handleDBSchemaData()
#32 /var/www/html/setup/src/Magento/Setup/Console/Command/UpgradeCommand.php(167): Magento\Setup\Model\Installer->installDataFixtures()
#33 /var/www/html/vendor/symfony/console/Command/Command.php(341): Magento\Setup\Console\Command\UpgradeCommand->execute()
#34 /var/www/html/vendor/symfony/console/Application.php(1094): Symfony\Component\Console\Command\Command->run()
#35 /var/www/html/vendor/symfony/console/Application.php(356): Symfony\Component\Console\Application->doRunCommand()
#36 /var/www/html/vendor/magento/framework/Console/Cli.php(137): Symfony\Component\Console\Application->doRun()
#37 /var/www/html/vendor/symfony/console/Application.php(195): Magento\Framework\Console\Cli->doRun()
#38 /var/www/html/bin/magento(23): Symfony\Component\Console\Application->run()
#39 {main} {"exception":"[object] (Magento\\Framework\\Exception\\NoSuchEntityException(code: 0): There is no such media asset with path \"wysiwyg/sale/sale-20-off.png\" at /var/www/html/vendor/magento/module-media-gallery/Model/Asset/Command/GetByPath.php:81)"} []
[2026-07-30T04:14:00.318653+00:00] main.CRITICAL: Magento\Framework\Exception\NoSuchEntityException: There is no such media asset with path "wysiwyg/sale/sale-20-off.png" in /var/www/html/vendor/magento/module-media-gallery/Model/Asset/Command/GetByPath.php:81
Stack trace:
#0 /var/www/html/vendor/magento/module-media-content/Model/ExtractAssetsFromContent.php(88): Magento\MediaGallery\Model\Asset\Command\GetByPath->execute()
#1 /var/www/html/vendor/magento/module-media-content/Model/ExtractAssetsFromContent.php(70): Magento\MediaContent\Model\ExtractAssetsFromContent->getAssetsByPaths()
#2 /var/www/html/vendor/magento/module-media-content/Model/UpdateContentAssetLinks.php(109): Magento\MediaContent\Model\ExtractAssetsFromContent->execute()
#3 /var/www/html/vendor/magento/module-media-content/Model/UpdateContentAssetLinks.php(91): Magento\MediaContent\Model\UpdateContentAssetLinks->updateRelation()
#4 /var/www/html/vendor/magento/module-media-content-cms/Observer/Block.php(82): Magento\MediaContent\Model\UpdateContentAssetLinks->execute()
#5 /var/www/html/vendor/magento/framework/Event/Invoker/InvokerDefault.php(88): Magento\MediaContentCms\Observer\Block->execute()
#6 /var/www/html/vendor/magento/framework/Event/Invoker/InvokerDefault.php(74): Magento\Framework\Event\Invoker\InvokerDefault->_callObserverMethod()
#7 /var/www/html/vendor/magento/framework/Event/Manager.php(65): Magento\Framework\Event\Invoker\InvokerDefault->dispatch()
#8 /var/www/html/generated/code/Magento/Framework/Event/Manager/Proxy.php(105): Magento\Framework\Event\Manager->dispatch()
#9 /var/www/html/vendor/magento/framework/Model/AbstractModel.php(866): Magento\Framework\Event\Manager\Proxy->dispatch()
#10 /var/www/html/vendor/magento/framework/EntityManager/Observer/AfterEntitySave.php(34): Magento\Framework\Model\AbstractModel->afterSave()
#11 /var/www/html/vendor/magento/framework/Event/Invoker/InvokerDefault.php(88): Magento\Framework\EntityManager\Observer\AfterEntitySave->execute()
#12 /var/www/html/vendor/magento/framework/Event/Invoker/InvokerDefault.php(74): Magento\Framework\Event\Invoker\InvokerDefault->_callObserverMethod()
#13 /var/www/html/vendor/magento/framework/Event/Manager.php(65): Magento\Framework\Event\Invoker\InvokerDefault->dispatch()
#14 /var/www/html/generated/code/Magento/Framework/Event/Manager/Proxy.php(105): Magento\Framework\Event\Manager->dispatch()
#15 /var/www/html/vendor/magento/framework/EntityManager/EventManager.php(49): Magento\Framework\Event\Manager\Proxy->dispatch()
#16 /var/www/html/vendor/magento/framework/EntityManager/Operation/Create.php(123): Magento\Framework\EntityManager\EventManager->dispatchEntityEvent()
#17 /var/www/html/vendor/magento/framework/EntityManager/EntityManager.php(106): Magento\Framework\EntityManager\Operation\Create->execute()
#18 /var/www/html/vendor/magento/module-cms/Model/ResourceModel/Block.php(247): Magento\Framework\EntityManager\EntityManager->save()
#19 /var/www/html/vendor/magento/framework/Model/AbstractModel.php(682): Magento\Cms\Model\ResourceModel\Block->save()
#20 /var/www/html/vendor/magento/module-cms-sample-data/Model/Block.php(98): Magento\Framework\Model\AbstractModel->save()
#21 /var/www/html/vendor/magento/module-cms-sample-data/Model/Block.php(77): Magento\CmsSampleData\Model\Block->saveCmsBlock()
#22 /var/www/html/vendor/magento/module-cms-sample-data/Setup/Installer.php(60): Magento\CmsSampleData\Model\Block->install()
#23 [internal function]: Magento\CmsSampleData\Setup\Installer->install()
#24 /var/www/html/vendor/magento/framework/App/State.php(183): call_user_func_array()
#25 /var/www/html/generated/code/Magento/Framework/App/State/Interceptor.php(68): Magento\Framework\App\State->emulateAreaCode()
#26 /var/www/html/vendor/magento/framework/Setup/SampleData/Executor.php(54): Magento\Framework\App\State\Interceptor->emulateAreaCode()
#27 /var/www/html/vendor/magento/module-cms-sample-data/Setup/Patch/Data/InstallCmsSampleData.php(47): Magento\Framework\Setup\SampleData\Executor->exec()
#28 /var/www/html/vendor/magento/framework/Setup/Patch/PatchApplier.php(301): Magento\CmsSampleData\Setup\Patch\Data\InstallCmsSampleData->apply()
#29 /var/www/html/vendor/magento/framework/Setup/Patch/PatchApplier.php(165): Magento\Framework\Setup\Patch\PatchApplier->applyPatch()
#30 /var/www/html/setup/src/Magento/Setup/Model/Installer.php(1148): Magento\Framework\Setup\Patch\PatchApplier->applyDataPatch()
#31 /var/www/html/setup/src/Magento/Setup/Model/Installer.php(1020): Magento\Setup\Model\Installer->handleDBSchemaData()
#32 /var/www/html/setup/src/Magento/Setup/Console/Command/UpgradeCommand.php(167): Magento\Setup\Model\Installer->installDataFixtures()
#33 /var/www/html/vendor/symfony/console/Command/Command.php(341): Magento\Setup\Console\Command\UpgradeCommand->execute()
#34 /var/www/html/vendor/symfony/console/Application.php(1094): Symfony\Component\Console\Command\Command->run()
#35 /var/www/html/vendor/symfony/console/Application.php(356): Symfony\Component\Console\Application->doRunCommand()
#36 /var/www/html/vendor/magento/framework/Console/Cli.php(137): Symfony\Component\Console\Application->doRun()
#37 /var/www/html/vendor/symfony/console/Application.php(195): Magento\Framework\Console\Cli->doRun()
#38 /var/www/html/bin/magento(23): Symfony\Component\Console\Application->run()
#39 {main}

Next Magento\Framework\Exception\IntegrationException: An error occurred during get media asset list: There is no such media asset with path "wysiwyg/sale/sale-20-off.png" in /var/www/html/vendor/magento/module-media-gallery/Model/Asset/Command/GetByPath.php:103
Stack trace:
#0 /var/www/html/vendor/magento/module-media-content/Model/ExtractAssetsFromContent.php(88): Magento\MediaGallery\Model\Asset\Command\GetByPath->execute()
#1 /var/www/html/vendor/magento/module-media-content/Model/ExtractAssetsFromContent.php(70): Magento\MediaContent\Model\ExtractAssetsFromContent->getAssetsByPaths()
#2 /var/www/html/vendor/magento/module-media-content/Model/UpdateContentAssetLinks.php(109): Magento\MediaContent\Model\ExtractAssetsFromContent->execute()
#3 /var/www/html/vendor/magento/module-media-content/Model/UpdateContentAssetLinks.php(91): Magento\MediaContent\Model\UpdateContentAssetLinks->updateRelation()
#4 /var/www/html/vendor/magento/module-media-content-cms/Observer/Block.php(82): Magento\MediaContent\Model\UpdateContentAssetLinks->execute()
#5 /var/www/html/vendor/magento/framework/Event/Invoker/InvokerDefault.php(88): Magento\MediaContentCms\Observer\Block->execute()
#6 /var/www/html/vendor/magento/framework/Event/Invoker/InvokerDefault.php(74): Magento\Framework\Event\Invoker\InvokerDefault->_callObserverMethod()
#7 /var/www/html/vendor/magento/framework/Event/Manager.php(65): Magento\Framework\Event\Invoker\InvokerDefault->dispatch()
#8 /var/www/html/generated/code/Magento/Framework/Event/Manager/Proxy.php(105): Magento\Framework\Event\Manager->dispatch()
#9 /var/www/html/vendor/magento/framework/Model/AbstractModel.php(866): Magento\Framework\Event\Manager\Proxy->dispatch()
#10 /var/www/html/vendor/magento/framework/EntityManager/Observer/AfterEntitySave.php(34): Magento\Framework\Model\AbstractModel->afterSave()
#11 /var/www/html/vendor/magento/framework/Event/Invoker/InvokerDefault.php(88): Magento\Framework\EntityManager\Observer\AfterEntitySave->execute()
#12 /var/www/html/vendor/magento/framework/Event/Invoker/InvokerDefault.php(74): Magento\Framework\Event\Invoker\InvokerDefault->_callObserverMethod()
#13 /var/www/html/vendor/magento/framework/Event/Manager.php(65): Magento\Framework\Event\Invoker\InvokerDefault->dispatch()
#14 /var/www/html/generated/code/Magento/Framework/Event/Manager/Proxy.php(105): Magento\Framework\Event\Manager->dispatch()
#15 /var/www/html/vendor/magento/framework/EntityManager/EventManager.php(49): Magento\Framework\Event\Manager\Proxy->dispatch()
#16 /var/www/html/vendor/magento/framework/EntityManager/Operation/Create.php(123): Magento\Framework\EntityManager\EventManager->dispatchEntityEvent()
#17 /var/www/html/vendor/magento/framework/EntityManager/EntityManager.php(106): Magento\Framework\EntityManager\Operation\Create->execute()
#18 /var/www/html/vendor/magento/module-cms/Model/ResourceModel/Block.php(247): Magento\Framework\EntityManager\EntityManager->save()
#19 /var/www/html/vendor/magento/framework/Model/AbstractModel.php(682): Magento\Cms\Model\ResourceModel\Block->save()
#20 /var/www/html/vendor/magento/module-cms-sample-data/Model/Block.php(98): Magento\Framework\Model\AbstractModel->save()
#21 /var/www/html/vendor/magento/module-cms-sample-data/Model/Block.php(77): Magento\CmsSampleData\Model\Block->saveCmsBlock()
#22 /var/www/html/vendor/magento/module-cms-sample-data/Setup/Installer.php(60): Magento\CmsSampleData\Model\Block->install()
#23 [internal function]: Magento\CmsSampleData\Setup\Installer->install()
#24 /var/www/html/vendor/magento/framework/App/State.php(183): call_user_func_array()
#25 /var/www/html/generated/code/Magento/Framework/App/State/Interceptor.php(68): Magento\Framework\App\State->emulateAreaCode()
#26 /var/www/html/vendor/magento/framework/Setup/SampleData/Executor.php(54): Magento\Framework\App\State\Interceptor->emulateAreaCode()
#27 /var/www/html/vendor/magento/module-cms-sample-data/Setup/Patch/Data/InstallCmsSampleData.php(47): Magento\Framework\Setup\SampleData\Executor->exec()
#28 /var/www/html/vendor/magento/framework/Setup/Patch/PatchApplier.php(301): Magento\CmsSampleData\Setup\Patch\Data\InstallCmsSampleData->apply()
#29 /var/www/html/vendor/magento/framework/Setup/Patch/PatchApplier.php(165): Magento\Framework\Setup\Patch\PatchApplier->applyPatch()
#30 /var/www/html/setup/src/Magento/Setup/Model/Installer.php(1148): Magento\Framework\Setup\Patch\PatchApplier->applyDataPatch()
#31 /var/www/html/setup/src/Magento/Setup/Model/Installer.php(1020): Magento\Setup\Model\Installer->handleDBSchemaData()
#32 /var/www/html/setup/src/Magento/Setup/Console/Command/UpgradeCommand.php(167): Magento\Setup\Model\Installer->installDataFixtures()
#33 /var/www/html/vendor/symfony/console/Command/Command.php(341): Magento\Setup\Console\Command\UpgradeCommand->execute()
#34 /var/www/html/vendor/symfony/console/Application.php(1094): Symfony\Component\Console\Command\Command->run()
#35 /var/www/html/vendor/symfony/console/Application.php(356): Symfony\Component\Console\Application->doRunCommand()
#36 /var/www/html/vendor/magento/framework/Console/Cli.php(137): Symfony\Component\Console\Application->doRun()
#37 /var/www/html/vendor/symfony/console/Application.php(195): Magento\Framework\Console\Cli->doRun()
#38 /var/www/html/bin/magento(23): Symfony\Component\Console\Application->run()
#39 {main} {"exception":"[object] (Magento\\Framework\\Exception\\IntegrationException(code: 0): An error occurred during get media asset list: There is no such media asset with path \"wysiwyg/sale/sale-20-off.png\" at /var/www/html/vendor/magento/module-media-gallery/Model/Asset/Command/GetByPath.php:103)
[previous exception] [object] (Magento\\Framework\\Exception\\NoSuchEntityException(code: 0): There is no such media asset with path \"wysiwyg/sale/sale-20-off.png\" at /var/www/html/vendor/magento/module-media-gallery/Model/Asset/Command/GetByPath.php:81)"} []
[2026-07-30T04:14:00.318859+00:00] main.CRITICAL: Magento\Framework\Exception\NoSuchEntityException: There is no such media asset with path "wysiwyg/sale/sale-free-shipping.png" in /var/www/html/vendor/magento/module-media-gallery/Model/Asset/Command/GetByPath.php:81
Stack trace:
#0 /var/www/html/vendor/magento/module-media-content/Model/ExtractAssetsFromContent.php(88): Magento\MediaGallery\Model\Asset\Command\GetByPath->execute()
#1 /var/www/html/vendor/magento/module-media-content/Model/ExtractAssetsFromContent.php(70): Magento\MediaContent\Model\ExtractAssetsFromContent->getAssetsByPaths()
#2 /var/www/html/vendor/magento/module-media-content/Model/UpdateContentAssetLinks.php(109): Magento\MediaContent\Model\ExtractAssetsFromContent->execute()
#3 /var/www/html/vendor/magento/module-media-content/Model/UpdateContentAssetLinks.php(91): Magento\MediaContent\Model\UpdateContentAssetLinks->updateRelation()
#4 /var/www/html/vendor/magento/module-media-content-cms/Observer/Block.php(82): Magento\MediaContent\Model\UpdateContentAssetLinks->execute()
#5 /var/www/html/vendor/magento/framework/Event/Invoker/InvokerDefault.php(88): Magento\MediaContentCms\Observer\Block->execute()
#6 /var/www/html/vendor/magento/framework/Event/Invoker/InvokerDefault.php(74): Magento\Framework\Event\Invoker\InvokerDefault->_callObserverMethod()
#7 /var/www/html/vendor/magento/framework/Event/Manager.php(65): Magento\Framework\Event\Invoker\InvokerDefault->dispatch()
#8 /var/www/html/generated/code/Magento/Framework/Event/Manager/Proxy.php(105): Magento\Framework\Event\Manager->dispatch()
#9 /var/www/html/vendor/magento/framework/Model/AbstractModel.php(866): Magento\Framework\Event\Manager\Proxy->dispatch()
#10 /var/www/html/vendor/magento/framework/EntityManager/Observer/AfterEntitySave.php(34): Magento\Framework\Model\AbstractModel->afterSave()
#11 /var/www/html/vendor/magento/framework/Event/Invoker/InvokerDefault.php(88): Magento\Framework\EntityManager\Observer\AfterEntitySave->execute()
#12 /var/www/html/vendor/magento/framework/Event/Invoker/InvokerDefault.php(74): Magento\Framework\Event\Invoker\InvokerDefault->_callObserverMethod()
#13 /var/www/html/vendor/magento/framework/Event/Manager.php(65): Magento\Framework\Event\Invoker\InvokerDefault->dispatch()
#14 /var/www/html/generated/code/Magento/Framework/Event/Manager/Proxy.php(105): Magento\Framework\Event\Manager->dispatch()
#15 /var/www/html/vendor/magento/framework/EntityManager/EventManager.php(49): Magento\Framework\Event\Manager\Proxy->dispatch()
#16 /var/www/html/vendor/magento/framework/EntityManager/Operation/Create.php(123): Magento\Framework\EntityManager\EventManager->dispatchEntityEvent()
#17 /var/www/html/vendor/magento/framework/EntityManager/EntityManager.php(106): Magento\Framework\EntityManager\Operation\Create->execute()
#18 /var/www/html/vendor/magento/module-cms/Model/ResourceModel/Block.php(247): Magento\Framework\EntityManager\EntityManager->save()
#19 /var/www/html/vendor/magento/framework/Model/AbstractModel.php(682): Magento\Cms\Model\ResourceModel\Block->save()
#20 /var/www/html/vendor/magento/module-cms-sample-data/Model/Block.php(98): Magento\Framework\Model\AbstractModel->save()
#21 /var/www/html/vendor/magento/module-cms-sample-data/Model/Block.php(77): Magento\CmsSampleData\Model\Block->saveCmsBlock()
#22 /var/www/html/vendor/magento/module-cms-sample-data/Setup/Installer.php(60): Magento\CmsSampleData\Model\Block->install()
#23 [internal function]: Magento\CmsSampleData\Setup\Installer->install()
#24 /var/www/html/vendor/magento/framework/App/State.php(183): call_user_func_array()
#25 /var/www/html/generated/code/Magento/Framework/App/State/Interceptor.php(68): Magento\Framework\App\State->emulateAreaCode()
#26 /var/www/html/vendor/magento/framework/Setup/SampleData/Executor.php(54): Magento\Framework\App\State\Interceptor->emulateAreaCode()
#27 /var/www/html/vendor/magento/module-cms-sample-data/Setup/Patch/Data/InstallCmsSampleData.php(47): Magento\Framework\Setup\SampleData\Executor->exec()
#28 /var/www/html/vendor/magento/framework/Setup/Patch/PatchApplier.php(301): Magento\CmsSampleData\Setup\Patch\Data\InstallCmsSampleData->apply()
#29 /var/www/html/vendor/magento/framework/Setup/Patch/PatchApplier.php(165): Magento\Framework\Setup\Patch\PatchApplier->applyPatch()
#30 /var/www/html/setup/src/Magento/Setup/Model/Installer.php(1148): Magento\Framework\Setup\Patch\PatchApplier->applyDataPatch()
#31 /var/www/html/setup/src/Magento/Setup/Model/Installer.php(1020): Magento\Setup\Model\Installer->handleDBSchemaData()
#32 /var/www/html/setup/src/Magento/Setup/Console/Command/UpgradeCommand.php(167): Magento\Setup\Model\Installer->installDataFixtures()
#33 /var/www/html/vendor/symfony/console/Command/Command.php(341): Magento\Setup\Console\Command\UpgradeCommand->execute()
#34 /var/www/html/vendor/symfony/console/Application.php(1094): Symfony\Component\Console\Command\Command->run()
#35 /var/www/html/vendor/symfony/console/Application.php(356): Symfony\Component\Console\Application->doRunCommand()
#36 /var/www/html/vendor/magento/framework/Console/Cli.php(137): Symfony\Component\Console\Application->doRun()
#37 /var/www/html/vendor/symfony/console/Application.php(195): Magento\Framework\Console\Cli->doRun()
#38 /var/www/html/bin/magento(23): Symfony\Component\Console\Application->run()
#39 {main} {"exception":"[object] (Magento\\Framework\\Exception\\NoSuchEntityException(code: 0): There is no such media asset with path \"wysiwyg/sale/sale-free-shipping.png\" at /var/www/html/vendor/magento/module-media-gallery/Model/Asset/Command/GetByPath.php:81)"} []
[2026-07-30T04:14:00.318948+00:00] main.CRITICAL: Magento\Framework\Exception\NoSuchEntityException: There is no such media asset with path "wysiwyg/sale/sale-free-shipping.png" in /var/www/html/vendor/magento/module-media-gallery/Model/Asset/Command/GetByPath.php:81
Stack trace:
#0 /var/www/html/vendor/magento/module-media-content/Model/ExtractAssetsFromContent.php(88): Magento\MediaGallery\Model\Asset\Command\GetByPath->execute()
#1 /var/www/html/vendor/magento/module-media-content/Model/ExtractAssetsFromContent.php(70): Magento\MediaContent\Model\ExtractAssetsFromContent->getAssetsByPaths()
#2 /var/www/html/vendor/magento/module-media-content/Model/UpdateContentAssetLinks.php(109): Magento\MediaContent\Model\ExtractAssetsFromContent->execute()
#3 /var/www/html/vendor/magento/module-media-content/Model/UpdateContentAssetLinks.php(91): Magento\MediaContent\Model\UpdateContentAssetLinks->updateRelation()
#4 /var/www/html/vendor/magento/module-media-content-cms/Observer/Block.php(82): Magento\MediaContent\Model\UpdateContentAssetLinks->execute()
#5 /var/www/html/vendor/magento/framework/Event/Invoker/InvokerDefault.php(88): Magento\MediaContentCms\Observer\Block->execute()
#6 /var/www/html/vendor/magento/framework/Event/Invoker/InvokerDefault.php(74): Magento\Framework\Event\Invoker\InvokerDefault->_callObserverMethod()
#7 /var/www/html/vendor/magento/framework/Event/Manager.php(65): Magento\Framework\Event\Invoker\InvokerDefault->dispatch()
#8 /var/www/html/generated/code/Magento/Framework/Event/Manager/Proxy.php(105): Magento\Framework\Event\Manager->dispatch()
#9 /var/www/html/vendor/magento/framework/Model/AbstractModel.php(866): Magento\Framework\Event\Manager\Proxy->dispatch()
#10 /var/www/html/vendor/magento/framework/EntityManager/Observer/AfterEntitySave.php(34): Magento\Framework\Model\AbstractModel->afterSave()
#11 /var/www/html/vendor/magento/framework/Event/Invoker/InvokerDefault.php(88): Magento\Framework\EntityManager\Observer\AfterEntitySave->execute()
#12 /var/www/html/vendor/magento/framework/Event/Invoker/InvokerDefault.php(74): Magento\Framework\Event\Invoker\InvokerDefault->_callObserverMethod()
#13 /var/www/html/vendor/magento/framework/Event/Manager.php(65): Magento\Framework\Event\Invoker\InvokerDefault->dispatch()
#14 /var/www/html/generated/code/Magento/Framework/Event/Manager/Proxy.php(105): Magento\Framework\Event\Manager->dispatch()
#15 /var/www/html/vendor/magento/framework/EntityManager/EventManager.php(49): Magento\Framework\Event\Manager\Proxy->dispatch()
#16 /var/www/html/vendor/magento/framework/EntityManager/Operation/Create.php(123): Magento\Framework\EntityManager\EventManager->dispatchEntityEvent()
#17 /var/www/html/vendor/magento/framework/EntityManager/EntityManager.php(106): Magento\Framework\EntityManager\Operation\Create->execute()
#18 /var/www/html/vendor/magento/module-cms/Model/ResourceModel/Block.php(247): Magento\Framework\EntityManager\EntityManager->save()
#19 /var/www/html/vendor/magento/framework/Model/AbstractModel.php(682): Magento\Cms\Model\ResourceModel\Block->save()
#20 /var/www/html/vendor/magento/module-cms-sample-data/Model/Block.php(98): Magento\Framework\Model\AbstractModel->save()
#21 /var/www/html/vendor/magento/module-cms-sample-data/Model/Block.php(77): Magento\CmsSampleData\Model\Block->saveCmsBlock()
#22 /var/www/html/vendor/magento/module-cms-sample-data/Setup/Installer.php(60): Magento\CmsSampleData\Model\Block->install()
#23 [internal function]: Magento\CmsSampleData\Setup\Installer->install()
#24 /var/www/html/vendor/magento/framework/App/State.php(183): call_user_func_array()
#25 /var/www/html/generated/code/Magento/Framework/App/State/Interceptor.php(68): Magento\Framework\App\State->emulateAreaCode()
#26 /var/www/html/vendor/magento/framework/Setup/SampleData/Executor.php(54): Magento\Framework\App\State\Interceptor->emulateAreaCode()
#27 /var/www/html/vendor/magento/module-cms-sample-data/Setup/Patch/Data/InstallCmsSampleData.php(47): Magento\Framework\Setup\SampleData\Executor->exec()
#28 /var/www/html/vendor/magento/framework/Setup/Patch/PatchApplier.php(301): Magento\CmsSampleData\Setup\Patch\Data\InstallCmsSampleData->apply()
#29 /var/www/html/vendor/magento/framework/Setup/Patch/PatchApplier.php(165): Magento\Framework\Setup\Patch\PatchApplier->applyPatch()
#30 /var/www/html/setup/src/Magento/Setup/Model/Installer.php(1148): Magento\Framework\Setup\Patch\PatchApplier->applyDataPatch()
#31 /var/www/html/setup/src/Magento/Setup/Model/Installer.php(1020): Magento\Setup\Model\Installer->handleDBSchemaData()
#32 /var/www/html/setup/src/Magento/Setup/Console/Command/UpgradeCommand.php(167): Magento\Setup\Model\Installer->installDataFixtures()
#33 /var/www/html/vendor/symfony/console/Command/Command.php(341): Magento\Setup\Console\Command\UpgradeCommand->execute()
#34 /var/www/html/vendor/symfony/console/Application.php(1094): Symfony\Component\Console\Command\Command->run()
#35 /var/www/html/vendor/symfony/console/Application.php(356): Symfony\Component\Console\Application->doRunCommand()
#36 /var/www/html/vendor/magento/framework/Console/Cli.php(137): Symfony\Component\Console\Application->doRun()
#37 /var/www/html/vendor/symfony/console/Application.php(195): Magento\Framework\Console\Cli->doRun()
#38 /var/www/html/bin/magento(23): Symfony\Component\Console\Application->run()
#39 {main}

Next Magento\Framework\Exception\IntegrationException: An error occurred during get media asset list: There is no such media asset with path "wysiwyg/sale/sale-free-shipping.png" in /var/www/html/vendor/magento/module-media-gallery/Model/Asset/Command/GetByPath.php:103
Stack trace:
#0 /var/www/html/vendor/magento/module-media-content/Model/ExtractAssetsFromContent.php(88): Magento\MediaGallery\Model\Asset\Command\GetByPath->execute()
#1 /var/www/html/vendor/magento/module-media-content/Model/ExtractAssetsFromContent.php(70): Magento\MediaContent\Model\ExtractAssetsFromContent->getAssetsByPaths()
#2 /var/www/html/vendor/magento/module-media-content/Model/UpdateContentAssetLinks.php(109): Magento\MediaContent\Model\ExtractAssetsFromContent->execute()
#3 /var/www/html/vendor/magento/module-media-content/Model/UpdateContentAssetLinks.php(91): Magento\MediaContent\Model\UpdateContentAssetLinks->updateRelation()
#4 /var/www/html/vendor/magento/module-media-content-cms/Observer/Block.php(82): Magento\MediaContent\Model\UpdateContentAssetLinks->execute()
#5 /var/www/html/vendor/magento/framework/Event/Invoker/InvokerDefault.php(88): Magento\MediaContentCms\Observer\Block->execute()
#6 /var/www/html/vendor/magento/framework/Event/Invoker/InvokerDefault.php(74): Magento\Framework\Event\Invoker\InvokerDefault->_callObserverMethod()
#7 /var/www/html/vendor/magento/framework/Event/Manager.php(65): Magento\Framework\Event\Invoker\InvokerDefault->dispatch()
#8 /var/www/html/generated/code/Magento/Framework/Event/Manager/Proxy.php(105): Magento\Framework\Event\Manager->dispatch()
#9 /var/www/html/vendor/magento/framework/Model/AbstractModel.php(866): Magento\Framework\Event\Manager\Proxy->dispatch()
#10 /var/www/html/vendor/magento/framework/EntityManager/Observer/AfterEntitySave.php(34): Magento\Framework\Model\AbstractModel->afterSave()
#11 /var/www/html/vendor/magento/framework/Event/Invoker/InvokerDefault.php(88): Magento\Framework\EntityManager\Observer\AfterEntitySave->execute()
#12 /var/www/html/vendor/magento/framework/Event/Invoker/InvokerDefault.php(74): Magento\Framework\Event\Invoker\InvokerDefault->_callObserverMethod()
#13 /var/www/html/vendor/magento/framework/Event/Manager.php(65): Magento\Framework\Event\Invoker\InvokerDefault->dispatch()
#14 /var/www/html/generated/code/Magento/Framework/Event/Manager/Proxy.php(105): Magento\Framework\Event\Manager->dispatch()
#15 /var/www/html/vendor/magento/framework/EntityManager/EventManager.php(49): Magento\Framework\Event\Manager\Proxy->dispatch()
#16 /var/www/html/vendor/magento/framework/EntityManager/Operation/Create.php(123): Magento\Framework\EntityManager\EventManager->dispatchEntityEvent()
#17 /var/www/html/vendor/magento/framework/EntityManager/EntityManager.php(106): Magento\Framework\EntityManager\Operation\Create->execute()
#18 /var/www/html/vendor/magento/module-cms/Model/ResourceModel/Block.php(247): Magento\Framework\EntityManager\EntityManager->save()
#19 /var/www/html/vendor/magento/framework/Model/AbstractModel.php(682): Magento\Cms\Model\ResourceModel\Block->save()
#20 /var/www/html/vendor/magento/module-cms-sample-data/Model/Block.php(98): Magento\Framework\Model\AbstractModel->save()
#21 /var/www/html/vendor/magento/module-cms-sample-data/Model/Block.php(77): Magento\CmsSampleData\Model\Block->saveCmsBlock()
#22 /var/www/html/vendor/magento/module-cms-sample-data/Setup/Installer.php(60): Magento\CmsSampleData\Model\Block->install()
#23 [internal function]: Magento\CmsSampleData\Setup\Installer->install()
#24 /var/www/html/vendor/magento/framework/App/State.php(183): call_user_func_array()
#25 /var/www/html/generated/code/Magento/Framework/App/State/Interceptor.php(68): Magento\Framework\App\State->emulateAreaCode()
#26 /var/www/html/vendor/magento/framework/Setup/SampleData/Executor.php(54): Magento\Framework\App\State\Interceptor->emulateAreaCode()
#27 /var/www/html/vendor/magento/module-cms-sample-data/Setup/Patch/Data/InstallCmsSampleData.php(47): Magento\Framework\Setup\SampleData\Executor->exec()
#28 /var/www/html/vendor/magento/framework/Setup/Patch/PatchApplier.php(301): Magento\CmsSampleData\Setup\Patch\Data\InstallCmsSampleData->apply()
#29 /var/www/html/vendor/magento/framework/Setup/Patch/PatchApplier.php(165): Magento\Framework\Setup\Patch\PatchApplier->applyPatch()
#30 /var/www/html/setup/src/Magento/Setup/Model/Installer.php(1148): Magento\Framework\Setup\Patch\PatchApplier->applyDataPatch()
#31 /var/www/html/setup/src/Magento/Setup/Model/Installer.php(1020): Magento\Setup\Model\Installer->handleDBSchemaData()
#32 /var/www/html/setup/src/Magento/Setup/Console/Command/UpgradeCommand.php(167): Magento\Setup\Model\Installer->installDataFixtures()
#33 /var/www/html/vendor/symfony/console/Command/Command.php(341): Magento\Setup\Console\Command\UpgradeCommand->execute()
#34 /var/www/html/vendor/symfony/console/Application.php(1094): Symfony\Component\Console\Command\Command->run()
#35 /var/www/html/vendor/symfony/console/Application.php(356): Symfony\Component\Console\Application->doRunCommand()
#36 /var/www/html/vendor/magento/framework/Console/Cli.php(137): Symfony\Component\Console\Application->doRun()
#37 /var/www/html/vendor/symfony/console/Application.php(195): Magento\Framework\Console\Cli->doRun()
#38 /var/www/html/bin/magento(23): Symfony\Component\Console\Application->run()
#39 {main} {"exception":"[object] (Magento\\Framework\\Exception\\IntegrationException(code: 0): An error occurred during get media asset list: There is no such media asset with path \"wysiwyg/sale/sale-free-shipping.png\" at /var/www/html/vendor/magento/module-media-gallery/Model/Asset/Command/GetByPath.php:103)
[previous exception] [object] (Magento\\Framework\\Exception\\NoSuchEntityException(code: 0): There is no such media asset with path \"wysiwyg/sale/sale-free-shipping.png\" at /var/www/html/vendor/magento/module-media-gallery/Model/Asset/Command/GetByPath.php:81)"} []
[2026-07-30T04:14:00.319173+00:00] main.CRITICAL: Magento\Framework\Exception\NoSuchEntityException: There is no such media asset with path "wysiwyg/womens/womens-t-shirts.png" in /var/www/html/vendor/magento/module-media-gallery/Model/Asset/Command/GetByPath.php:81
Stack trace:
#0 /var/www/html/vendor/magento/module-media-content/Model/ExtractAssetsFromContent.php(88): Magento\MediaGallery\Model\Asset\Command\GetByPath->execute()
#1 /var/www/html/vendor/magento/module-media-content/Model/ExtractAssetsFromContent.php(70): Magento\MediaContent\Model\ExtractAssetsFromContent->getAssetsByPaths()
#2 /var/www/html/vendor/magento/module-media-content/Model/UpdateContentAssetLinks.php(109): Magento\MediaContent\Model\ExtractAssetsFromContent->execute()
#3 /var/www/html/vendor/magento/module-media-content/Model/UpdateContentAssetLinks.php(91): Magento\MediaContent\Model\UpdateContentAssetLinks->updateRelation()
#4 /var/www/html/vendor/magento/module-media-content-cms/Observer/Block.php(82): Magento\MediaContent\Model\UpdateContentAssetLinks->execute()
#5 /var/www/html/vendor/magento/framework/Event/Invoker/InvokerDefault.php(88): Magento\MediaContentCms\Observer\Block->execute()
#6 /var/www/html/vendor/magento/framework/Event/Invoker/InvokerDefault.php(74): Magento\Framework\Event\Invoker\InvokerDefault->_callObserverMethod()
#7 /var/www/html/vendor/magento/framework/Event/Manager.php(65): Magento\Framework\Event\Invoker\InvokerDefault->dispatch()
#8 /var/www/html/generated/code/Magento/Framework/Event/Manager/Proxy.php(105): Magento\Framework\Event\Manager->dispatch()
#9 /var/www/html/vendor/magento/framework/Model/AbstractModel.php(866): Magento\Framework\Event\Manager\Proxy->dispatch()
#10 /var/www/html/vendor/magento/framework/EntityManager/Observer/AfterEntitySave.php(34): Magento\Framework\Model\AbstractModel->afterSave()
#11 /var/www/html/vendor/magento/framework/Event/Invoker/InvokerDefault.php(88): Magento\Framework\EntityManager\Observer\AfterEntitySave->execute()
#12 /var/www/html/vendor/magento/framework/Event/Invoker/InvokerDefault.php(74): Magento\Framework\Event\Invoker\InvokerDefault->_callObserverMethod()
#13 /var/www/html/vendor/magento/framework/Event/Manager.php(65): Magento\Framework\Event\Invoker\InvokerDefault->dispatch()
#14 /var/www/html/generated/code/Magento/Framework/Event/Manager/Proxy.php(105): Magento\Framework\Event\Manager->dispatch()
#15 /var/www/html/vendor/magento/framework/EntityManager/EventManager.php(49): Magento\Framework\Event\Manager\Proxy->dispatch()
#16 /var/www/html/vendor/magento/framework/EntityManager/Operation/Create.php(123): Magento\Framework\EntityManager\EventManager->dispatchEntityEvent()
#17 /var/www/html/vendor/magento/framework/EntityManager/EntityManager.php(106): Magento\Framework\EntityManager\Operation\Create->execute()
#18 /var/www/html/vendor/magento/module-cms/Model/ResourceModel/Block.php(247): Magento\Framework\EntityManager\EntityManager->save()
#19 /var/www/html/vendor/magento/framework/Model/AbstractModel.php(682): Magento\Cms\Model\ResourceModel\Block->save()
#20 /var/www/html/vendor/magento/module-cms-sample-data/Model/Block.php(98): Magento\Framework\Model\AbstractModel->save()
#21 /var/www/html/vendor/magento/module-cms-sample-data/Model/Block.php(77): Magento\CmsSampleData\Model\Block->saveCmsBlock()
#22 /var/www/html/vendor/magento/module-cms-sample-data/Setup/Installer.php(60): Magento\CmsSampleData\Model\Block->install()
#23 [internal function]: Magento\CmsSampleData\Setup\Installer->install()
#24 /var/www/html/vendor/magento/framework/App/State.php(183): call_user_func_array()
#25 /var/www/html/generated/code/Magento/Framework/App/State/Interceptor.php(68): Magento\Framework\App\State->emulateAreaCode()
#26 /var/www/html/vendor/magento/framework/Setup/SampleData/Executor.php(54): Magento\Framework\App\State\Interceptor->emulateAreaCode()
#27 /var/www/html/vendor/magento/module-cms-sample-data/Setup/Patch/Data/InstallCmsSampleData.php(47): Magento\Framework\Setup\SampleData\Executor->exec()
#28 /var/www/html/vendor/magento/framework/Setup/Patch/PatchApplier.php(301): Magento\CmsSampleData\Setup\Patch\Data\InstallCmsSampleData->apply()
#29 /var/www/html/vendor/magento/framework/Setup/Patch/PatchApplier.php(165): Magento\Framework\Setup\Patch\PatchApplier->applyPatch()
#30 /var/www/html/setup/src/Magento/Setup/Model/Installer.php(1148): Magento\Framework\Setup\Patch\PatchApplier->applyDataPatch()
#31 /var/www/html/setup/src/Magento/Setup/Model/Installer.php(1020): Magento\Setup\Model\Installer->handleDBSchemaData()
#32 /var/www/html/setup/src/Magento/Setup/Console/Command/UpgradeCommand.php(167): Magento\Setup\Model\Installer->installDataFixtures()
#33 /var/www/html/vendor/symfony/console/Command/Command.php(341): Magento\Setup\Console\Command\UpgradeCommand->execute()
#34 /var/www/html/vendor/symfony/console/Application.php(1094): Symfony\Component\Console\Command\Command->run()
#35 /var/www/html/vendor/symfony/console/Application.php(356): Symfony\Component\Console\Application->doRunCommand()
#36 /var/www/html/vendor/magento/framework/Console/Cli.php(137): Symfony\Component\Console\Application->doRun()
#37 /var/www/html/vendor/symfony/console/Application.php(195): Magento\Framework\Console\Cli->doRun()
#38 /var/www/html/bin/magento(23): Symfony\Component\Console\Application->run()
#39 {main} {"exception":"[object] (Magento\\Framework\\Exception\\NoSuchEntityException(code: 0): There is no such media asset with path \"wysiwyg/womens/womens-t-shirts.png\" at /var/www/html/vendor/magento/module-media-gallery/Model/Asset/Command/GetByPath.php:81)"} []
[2026-07-30T04:14:00.319275+00:00] main.CRITICAL: Magento\Framework\Exception\NoSuchEntityException: There is no such media asset with path "wysiwyg/womens/womens-t-shirts.png" in /var/www/html/vendor/magento/module-media-gallery/Model/Asset/Command/GetByPath.php:81
Stack trace:
#0 /var/www/html/vendor/magento/module-media-content/Model/ExtractAssetsFromContent.php(88): Magento\MediaGallery\Model\Asset\Command\GetByPath->execute()
#1 /var/www/html/vendor/magento/module-media-content/Model/ExtractAssetsFromContent.php(70): Magento\MediaContent\Model\ExtractAssetsFromContent->getAssetsByPaths()
#2 /var/www/html/vendor/magento/module-media-content/Model/UpdateContentAssetLinks.php(109): Magento\MediaContent\Model\ExtractAssetsFromContent->execute()
#3 /var/www/html/vendor/magento/module-media-content/Model/UpdateContentAssetLinks.php(91): Magento\MediaContent\Model\UpdateContentAssetLinks->updateRelation()
#4 /var/www/html/vendor/magento/module-media-content-cms/Observer/Block.php(82): Magento\MediaContent\Model\UpdateContentAssetLinks->execute()
#5 /var/www/html/vendor/magento/framework/Event/Invoker/InvokerDefault.php(88): Magento\MediaContentCms\Observer\Block->execute()
#6 /var/www/html/vendor/magento/framework/Event/Invoker/InvokerDefault.php(74): Magento\Framework\Event\Invoker\InvokerDefault->_callObserverMethod()
#7 /var/www/html/vendor/magento/framework/Event/Manager.php(65): Magento\Framework\Event\Invoker\InvokerDefault->dispatch()
#8 /var/www/html/generated/code/Magento/Framework/Event/Manager/Proxy.php(105): Magento\Framework\Event\Manager->dispatch()
#9 /var/www/html/vendor/magento/framework/Model/AbstractModel.php(866): Magento\Framework\Event\Manager\Proxy->dispatch()
#10 /var/www/html/vendor/magento/framework/EntityManager/Observer/AfterEntitySave.php(34): Magento\Framework\Model\AbstractModel->afterSave()
#11 /var/www/html/vendor/magento/framework/Event/Invoker/InvokerDefault.php(88): Magento\Framework\EntityManager\Observer\AfterEntitySave->execute()
#12 /var/www/html/vendor/magento/framework/Event/Invoker/InvokerDefault.php(74): Magento\Framework\Event\Invoker\InvokerDefault->_callObserverMethod()
#13 /var/www/html/vendor/magento/framework/Event/Manager.php(65): Magento\Framework\Event\Invoker\InvokerDefault->dispatch()
#14 /var/www/html/generated/code/Magento/Framework/Event/Manager/Proxy.php(105): Magento\Framework\Event\Manager->dispatch()
#15 /var/www/html/vendor/magento/framework/EntityManager/EventManager.php(49): Magento\Framework\Event\Manager\Proxy->dispatch()
#16 /var/www/html/vendor/magento/framework/EntityManager/Operation/Create.php(123): Magento\Framework\EntityManager\EventManager->dispatchEntityEvent()
#17 /var/www/html/vendor/magento/framework/EntityManager/EntityManager.php(106): Magento\Framework\EntityManager\Operation\Create->execute()
#18 /var/www/html/vendor/magento/module-cms/Model/ResourceModel/Block.php(247): Magento\Framework\EntityManager\EntityManager->save()
#19 /var/www/html/vendor/magento/framework/Model/AbstractModel.php(682): Magento\Cms\Model\ResourceModel\Block->save()
#20 /var/www/html/vendor/magento/module-cms-sample-data/Model/Block.php(98): Magento\Framework\Model\AbstractModel->save()
#21 /var/www/html/vendor/magento/module-cms-sample-data/Model/Block.php(77): Magento\CmsSampleData\Model\Block->saveCmsBlock()
#22 /var/www/html/vendor/magento/module-cms-sample-data/Setup/Installer.php(60): Magento\CmsSampleData\Model\Block->install()
#23 [internal function]: Magento\CmsSampleData\Setup\Installer->install()
#24 /var/www/html/vendor/magento/framework/App/State.php(183): call_user_func_array()
#25 /var/www/html/generated/code/Magento/Framework/App/State/Interceptor.php(68): Magento\Framework\App\State->emulateAreaCode()
#26 /var/www/html/vendor/magento/framework/Setup/SampleData/Executor.php(54): Magento\Framework\App\State\Interceptor->emulateAreaCode()
#27 /var/www/html/vendor/magento/module-cms-sample-data/Setup/Patch/Data/InstallCmsSampleData.php(47): Magento\Framework\Setup\SampleData\Executor->exec()
#28 /var/www/html/vendor/magento/framework/Setup/Patch/PatchApplier.php(301): Magento\CmsSampleData\Setup\Patch\Data\InstallCmsSampleData->apply()
#29 /var/www/html/vendor/magento/framework/Setup/Patch/PatchApplier.php(165): Magento\Framework\Setup\Patch\PatchApplier->applyPatch()
#30 /var/www/html/setup/src/Magento/Setup/Model/Installer.php(1148): Magento\Framework\Setup\Patch\PatchApplier->applyDataPatch()
#31 /var/www/html/setup/src/Magento/Setup/Model/Installer.php(1020): Magento\Setup\Model\Installer->handleDBSchemaData()
#32 /var/www/html/setup/src/Magento/Setup/Console/Command/UpgradeCommand.php(167): Magento\Setup\Model\Installer->installDataFixtures()
#33 /var/www/html/vendor/symfony/console/Command/Command.php(341): Magento\Setup\Console\Command\UpgradeCommand->execute()
#34 /var/www/html/vendor/symfony/console/Application.php(1094): Symfony\Component\Console\Command\Command->run()
#35 /var/www/html/vendor/symfony/console/Application.php(356): Symfony\Component\Console\Application->doRunCommand()
#36 /var/www/html/vendor/magento/framework/Console/Cli.php(137): Symfony\Component\Console\Application->doRun()
#37 /var/www/html/vendor/symfony/console/Application.php(195): Magento\Framework\Console\Cli->doRun()
#38 /var/www/html/bin/magento(23): Symfony\Component\Console\Application->run()
#39 {main}

Next Magento\Framework\Exception\IntegrationException: An error occurred during get media asset list: There is no such media asset with path "wysiwyg/womens/womens-t-shirts.png" in /var/www/html/vendor/magento/module-media-gallery/Model/Asset/Command/GetByPath.php:103
Stack trace:
#0 /var/www/html/vendor/magento/module-media-content/Model/ExtractAssetsFromContent.php(88): Magento\MediaGallery\Model\Asset\Command\GetByPath->execute()
#1 /var/www/html/vendor/magento/module-media-content/Model/ExtractAssetsFromContent.php(70): Magento\MediaContent\Model\ExtractAssetsFromContent->getAssetsByPaths()
#2 /var/www/html/vendor/magento/module-media-content/Model/UpdateContentAssetLinks.php(109): Magento\MediaContent\Model\ExtractAssetsFromContent->execute()
#3 /var/www/html/vendor/magento/module-media-content/Model/UpdateContentAssetLinks.php(91): Magento\MediaContent\Model\UpdateContentAssetLinks->updateRelation()
#4 /var/www/html/vendor/magento/module-media-content-cms/Observer/Block.php(82): Magento\MediaContent\Model\UpdateContentAssetLinks->execute()
#5 /var/www/html/vendor/magento/framework/Event/Invoker/InvokerDefault.php(88): Magento\MediaContentCms\Observer\Block->execute()
#6 /var/www/html/vendor/magento/framework/Event/Invoker/InvokerDefault.php(74): Magento\Framework\Event\Invoker\InvokerDefault->_callObserverMethod()
#7 /var/www/html/vendor/magento/framework/Event/Manager.php(65): Magento\Framework\Event\Invoker\InvokerDefault->dispatch()
#8 /var/www/html/generated/code/Magento/Framework/Event/Manager/Proxy.php(105): Magento\Framework\Event\Manager->dispatch()
#9 /var/www/html/vendor/magento/framework/Model/AbstractModel.php(866): Magento\Framework\Event\Manager\Proxy->dispatch()
#10 /var/www/html/vendor/magento/framework/EntityManager/Observer/AfterEntitySave.php(34): Magento\Framework\Model\AbstractModel->afterSave()
#11 /var/www/html/vendor/magento/framework/Event/Invoker/InvokerDefault.php(88): Magento\Framework\EntityManager\Observer\AfterEntitySave->execute()
#12 /var/www/html/vendor/magento/framework/Event/Invoker/InvokerDefault.php(74): Magento\Framework\Event\Invoker\InvokerDefault->_callObserverMethod()
#13 /var/www/html/vendor/magento/framework/Event/Manager.php(65): Magento\Framework\Event\Invoker\InvokerDefault->dispatch()
#14 /var/www/html/generated/code/Magento/Framework/Event/Manager/Proxy.php(105): Magento\Framework\Event\Manager->dispatch()
#15 /var/www/html/vendor/magento/framework/EntityManager/EventManager.php(49): Magento\Framework\Event\Manager\Proxy->dispatch()
#16 /var/www/html/vendor/magento/framework/EntityManager/Operation/Create.php(123): Magento\Framework\EntityManager\EventManager->dispatchEntityEvent()
#17 /var/www/html/vendor/magento/framework/EntityManager/EntityManager.php(106): Magento\Framework\EntityManager\Operation\Create->execute()
#18 /var/www/html/vendor/magento/module-cms/Model/ResourceModel/Block.php(247): Magento\Framework\EntityManager\EntityManager->save()
#19 /var/www/html/vendor/magento/framework/Model/AbstractModel.php(682): Magento\Cms\Model\ResourceModel\Block->save()
#20 /var/www/html/vendor/magento/module-cms-sample-data/Model/Block.php(98): Magento\Framework\Model\AbstractModel->save()
#21 /var/www/html/vendor/magento/module-cms-sample-data/Model/Block.php(77): Magento\CmsSampleData\Model\Block->saveCmsBlock()
#22 /var/www/html/vendor/magento/module-cms-sample-data/Setup/Installer.php(60): Magento\CmsSampleData\Model\Block->install()
#23 [internal function]: Magento\CmsSampleData\Setup\Installer->install()
#24 /var/www/html/vendor/magento/framework/App/State.php(183): call_user_func_array()
#25 /var/www/html/generated/code/Magento/Framework/App/State/Interceptor.php(68): Magento\Framework\App\State->emulateAreaCode()
#26 /var/www/html/vendor/magento/framework/Setup/SampleData/Executor.php(54): Magento\Framework\App\State\Interceptor->emulateAreaCode()
#27 /var/www/html/vendor/magento/module-cms-sample-data/Setup/Patch/Data/InstallCmsSampleData.php(47): Magento\Framework\Setup\SampleData\Executor->exec()
#28 /var/www/html/vendor/magento/framework/Setup/Patch/PatchApplier.php(301): Magento\CmsSampleData\Setup\Patch\Data\InstallCmsSampleData->apply()
#29 /var/www/html/vendor/magento/framework/Setup/Patch/PatchApplier.php(165): Magento\Framework\Setup\Patch\PatchApplier->applyPatch()
#30 /var/www/html/setup/src/Magento/Setup/Model/Installer.php(1148): Magento\Framework\Setup\Patch\PatchApplier->applyDataPatch()
#31 /var/www/html/setup/src/Magento/Setup/Model/Installer.php(1020): Magento\Setup\Model\Installer->handleDBSchemaData()
#32 /var/www/html/setup/src/Magento/Setup/Console/Command/UpgradeCommand.php(167): Magento\Setup\Model\Installer->installDataFixtures()
#33 /var/www/html/vendor/symfony/console/Command/Command.php(341): Magento\Setup\Console\Command\UpgradeCommand->execute()
#34 /var/www/html/vendor/symfony/console/Application.php(1094): Symfony\Component\Console\Command\Command->run()
#35 /var/www/html/vendor/symfony/console/Application.php(356): Symfony\Component\Console\Application->doRunCommand()
#36 /var/www/html/vendor/magento/framework/Console/Cli.php(137): Symfony\Component\Console\Application->doRun()
#37 /var/www/html/vendor/symfony/console/Application.php(195): Magento\Framework\Console\Cli->doRun()
#38 /var/www/html/bin/magento(23): Symfony\Component\Console\Application->run()
#39 {main} {"exception":"[object] (Magento\\Framework\\Exception\\IntegrationException(code: 0): An error occurred during get media asset list: There is no such media asset with path \"wysiwyg/womens/womens-t-shirts.png\" at /var/www/html/vendor/magento/module-media-gallery/Model/Asset/Command/GetByPath.php:103)
[previous exception] [object] (Magento\\Framework\\Exception\\NoSuchEntityException(code: 0): There is no such media asset with path \"wysiwyg/womens/womens-t-shirts.png\" at /var/www/html/vendor/magento/module-media-gallery/Model/Asset/Command/GetByPath.php:81)"} []
[2026-07-30T04:14:00.321323+00:00] main.CRITICAL: Magento\Framework\Exception\NoSuchEntityException: There is no such media asset with path "wysiwyg/new/new-main.jpg" in /var/www/html/vendor/magento/module-media-gallery/Model/Asset/Command/GetByPath.php:81
Stack trace:
#0 /var/www/html/vendor/magento/module-media-content/Model/ExtractAssetsFromContent.php(88): Magento\MediaGallery\Model\Asset\Command\GetByPath->execute()
#1 /var/www/html/vendor/magento/module-media-content/Model/ExtractAssetsFromContent.php(70): Magento\MediaContent\Model\ExtractAssetsFromContent->getAssetsByPaths()
#2 /var/www/html/vendor/magento/module-media-content/Model/UpdateContentAssetLinks.php(109): Magento\MediaContent\Model\ExtractAssetsFromContent->execute()
#3 /var/www/html/vendor/magento/module-media-content/Model/UpdateContentAssetLinks.php(91): Magento\MediaContent\Model\UpdateContentAssetLinks->updateRelation()
#4 /var/www/html/vendor/magento/module-media-content-cms/Observer/Block.php(82): Magento\MediaContent\Model\UpdateContentAssetLinks->execute()
#5 /var/www/html/vendor/magento/framework/Event/Invoker/InvokerDefault.php(88): Magento\MediaContentCms\Observer\Block->execute()
#6 /var/www/html/vendor/magento/framework/Event/Invoker/InvokerDefault.php(74): Magento\Framework\Event\Invoker\InvokerDefault->_callObserverMethod()
#7 /var/www/html/vendor/magento/framework/Event/Manager.php(65): Magento\Framework\Event\Invoker\InvokerDefault->dispatch()
#8 /var/www/html/generated/code/Magento/Framework/Event/Manager/Proxy.php(105): Magento\Framework\Event\Manager->dispatch()
#9 /var/www/html/vendor/magento/framework/Model/AbstractModel.php(866): Magento\Framework\Event\Manager\Proxy->dispatch()
#10 /var/www/html/vendor/magento/framework/EntityManager/Observer/AfterEntitySave.php(34): Magento\Framework\Model\AbstractModel->afterSave()
#11 /var/www/html/vendor/magento/framework/Event/Invoker/InvokerDefault.php(88): Magento\Framework\EntityManager\Observer\AfterEntitySave->execute()
#12 /var/www/html/vendor/magento/framework/Event/Invoker/InvokerDefault.php(74): Magento\Framework\Event\Invoker\InvokerDefault->_callObserverMethod()
#13 /var/www/html/vendor/magento/framework/Event/Manager.php(65): Magento\Framework\Event\Invoker\InvokerDefault->dispatch()
#14 /var/www/html/generated/code/Magento/Framework/Event/Manager/Proxy.php(105): Magento\Framework\Event\Manager->dispatch()
#15 /var/www/html/vendor/magento/framework/EntityManager/EventManager.php(49): Magento\Framework\Event\Manager\Proxy->dispatch()
#16 /var/www/html/vendor/magento/framework/EntityManager/Operation/Create.php(123): Magento\Framework\EntityManager\EventManager->dispatchEntityEvent()
#17 /var/www/html/vendor/magento/framework/EntityManager/EntityManager.php(106): Magento\Framework\EntityManager\Operation\Create->execute()
#18 /var/www/html/vendor/magento/module-cms/Model/ResourceModel/Block.php(247): Magento\Framework\EntityManager\EntityManager->save()
#19 /var/www/html/vendor/magento/framework/Model/AbstractModel.php(682): Magento\Cms\Model\ResourceModel\Block->save()
#20 /var/www/html/vendor/magento/module-cms-sample-data/Model/Block.php(98): Magento\Framework\Model\AbstractModel->save()
#21 /var/www/html/vendor/magento/module-cms-sample-data/Model/Block.php(77): Magento\CmsSampleData\Model\Block->saveCmsBlock()
#22 /var/www/html/vendor/magento/module-cms-sample-data/Setup/Installer.php(60): Magento\CmsSampleData\Model\Block->install()
#23 [internal function]: Magento\CmsSampleData\Setup\Installer->install()
#24 /var/www/html/vendor/magento/framework/App/State.php(183): call_user_func_array()
#25 /var/www/html/generated/code/Magento/Framework/App/State/Interceptor.php(68): Magento\Framework\App\State->emulateAreaCode()
#26 /var/www/html/vendor/magento/framework/Setup/SampleData/Executor.php(54): Magento\Framework\App\State\Interceptor->emulateAreaCode()
#27 /var/www/html/vendor/magento/module-cms-sample-data/Setup/Patch/Data/InstallCmsSampleData.php(47): Magento\Framework\Setup\SampleData\Executor->exec()
#28 /var/www/html/vendor/magento/framework/Setup/Patch/PatchApplier.php(301): Magento\CmsSampleData\Setup\Patch\Data\InstallCmsSampleData->apply()
#29 /var/www/html/vendor/magento/framework/Setup/Patch/PatchApplier.php(165): Magento\Framework\Setup\Patch\PatchApplier->applyPatch()
#30 /var/www/html/setup/src/Magento/Setup/Model/Installer.php(1148): Magento\Framework\Setup\Patch\PatchApplier->applyDataPatch()
#31 /var/www/html/setup/src/Magento/Setup/Model/Installer.php(1020): Magento\Setup\Model\Installer->handleDBSchemaData()
#32 /var/www/html/setup/src/Magento/Setup/Console/Command/UpgradeCommand.php(167): Magento\Setup\Model\Installer->installDataFixtures()
#33 /var/www/html/vendor/symfony/console/Command/Command.php(341): Magento\Setup\Console\Command\UpgradeCommand->execute()
#34 /var/www/html/vendor/symfony/console/Application.php(1094): Symfony\Component\Console\Command\Command->run()
#35 /var/www/html/vendor/symfony/console/Application.php(356): Symfony\Component\Console\Application->doRunCommand()
#36 /var/www/html/vendor/magento/framework/Console/Cli.php(137): Symfony\Component\Console\Application->doRun()
#37 /var/www/html/vendor/symfony/console/Application.php(195): Magento\Framework\Console\Cli->doRun()
#38 /var/www/html/bin/magento(23): Symfony\Component\Console\Application->run()
#39 {main} {"exception":"[object] (Magento\\Framework\\Exception\\NoSuchEntityException(code: 0): There is no such media asset with path \"wysiwyg/new/new-main.jpg\" at /var/www/html/vendor/magento/module-media-gallery/Model/Asset/Command/GetByPath.php:81)"} []
[2026-07-30T04:14:00.321411+00:00] main.CRITICAL: Magento\Framework\Exception\NoSuchEntityException: There is no such media asset with path "wysiwyg/new/new-main.jpg" in /var/www/html/vendor/magento/module-media-gallery/Model/Asset/Command/GetByPath.php:81
Stack trace:
#0 /var/www/html/vendor/magento/module-media-content/Model/ExtractAssetsFromContent.php(88): Magento\MediaGallery\Model\Asset\Command\GetByPath->execute()
#1 /var/www/html/vendor/magento/module-media-content/Model/ExtractAssetsFromContent.php(70): Magento\MediaContent\Model\ExtractAssetsFromContent->getAssetsByPaths()
#2 /var/www/html/vendor/magento/module-media-content/Model/UpdateContentAssetLinks.php(109): Magento\MediaContent\Model\ExtractAssetsFromContent->execute()
#3 /var/www/html/vendor/magento/module-media-content/Model/UpdateContentAssetLinks.php(91): Magento\MediaContent\Model\UpdateContentAssetLinks->updateRelation()
#4 /var/www/html/vendor/magento/module-media-content-cms/Observer/Block.php(82): Magento\MediaContent\Model\UpdateContentAssetLinks->execute()
#5 /var/www/html/vendor/magento/framework/Event/Invoker/InvokerDefault.php(88): Magento\MediaContentCms\Observer\Block->execute()
#6 /var/www/html/vendor/magento/framework/Event/Invoker/InvokerDefault.php(74): Magento\Framework\Event\Invoker\InvokerDefault->_callObserverMethod()
#7 /var/www/html/vendor/magento/framework/Event/Manager.php(65): Magento\Framework\Event\Invoker\InvokerDefault->dispatch()
#8 /var/www/html/generated/code/Magento/Framework/Event/Manager/Proxy.php(105): Magento\Framework\Event\Manager->dispatch()
#9 /var/www/html/vendor/magento/framework/Model/AbstractModel.php(866): Magento\Framework\Event\Manager\Proxy->dispatch()
#10 /var/www/html/vendor/magento/framework/EntityManager/Observer/AfterEntitySave.php(34): Magento\Framework\Model\AbstractModel->afterSave()
#11 /var/www/html/vendor/magento/framework/Event/Invoker/InvokerDefault.php(88): Magento\Framework\EntityManager\Observer\AfterEntitySave->execute()
#12 /var/www/html/vendor/magento/framework/Event/Invoker/InvokerDefault.php(74): Magento\Framework\Event\Invoker\InvokerDefault->_callObserverMethod()
#13 /var/www/html/vendor/magento/framework/Event/Manager.php(65): Magento\Framework\Event\Invoker\InvokerDefault->dispatch()
#14 /var/www/html/generated/code/Magento/Framework/Event/Manager/Proxy.php(105): Magento\Framework\Event\Manager->dispatch()
#15 /var/www/html/vendor/magento/framework/EntityManager/EventManager.php(49): Magento\Framework\Event\Manager\Proxy->dispatch()
#16 /var/www/html/vendor/magento/framework/EntityManager/Operation/Create.php(123): Magento\Framework\EntityManager\EventManager->dispatchEntityEvent()
#17 /var/www/html/vendor/magento/framework/EntityManager/EntityManager.php(106): Magento\Framework\EntityManager\Operation\Create->execute()
#18 /var/www/html/vendor/magento/module-cms/Model/ResourceModel/Block.php(247): Magento\Framework\EntityManager\EntityManager->save()
#19 /var/www/html/vendor/magento/framework/Model/AbstractModel.php(682): Magento\Cms\Model\ResourceModel\Block->save()
#20 /var/www/html/vendor/magento/module-cms-sample-data/Model/Block.php(98): Magento\Framework\Model\AbstractModel->save()
#21 /var/www/html/vendor/magento/module-cms-sample-data/Model/Block.php(77): Magento\CmsSampleData\Model\Block->saveCmsBlock()
#22 /var/www/html/vendor/magento/module-cms-sample-data/Setup/Installer.php(60): Magento\CmsSampleData\Model\Block->install()
#23 [internal function]: Magento\CmsSampleData\Setup\Installer->install()
#24 /var/www/html/vendor/magento/framework/App/State.php(183): call_user_func_array()
#25 /var/www/html/generated/code/Magento/Framework/App/State/Interceptor.php(68): Magento\Framework\App\State->emulateAreaCode()
#26 /var/www/html/vendor/magento/framework/Setup/SampleData/Executor.php(54): Magento\Framework\App\State\Interceptor->emulateAreaCode()
#27 /var/www/html/vendor/magento/module-cms-sample-data/Setup/Patch/Data/InstallCmsSampleData.php(47): Magento\Framework\Setup\SampleData\Executor->exec()
#28 /var/www/html/vendor/magento/framework/Setup/Patch/PatchApplier.php(301): Magento\CmsSampleData\Setup\Patch\Data\InstallCmsSampleData->apply()
#29 /var/www/html/vendor/magento/framework/Setup/Patch/PatchApplier.php(165): Magento\Framework\Setup\Patch\PatchApplier->applyPatch()
#30 /var/www/html/setup/src/Magento/Setup/Model/Installer.php(1148): Magento\Framework\Setup\Patch\PatchApplier->applyDataPatch()
#31 /var/www/html/setup/src/Magento/Setup/Model/Installer.php(1020): Magento\Setup\Model\Installer->handleDBSchemaData()
#32 /var/www/html/setup/src/Magento/Setup/Console/Command/UpgradeCommand.php(167): Magento\Setup\Model\Installer->installDataFixtures()
#33 /var/www/html/vendor/symfony/console/Command/Command.php(341): Magento\Setup\Console\Command\UpgradeCommand->execute()
#34 /var/www/html/vendor/symfony/console/Application.php(1094): Symfony\Component\Console\Command\Command->run()
#35 /var/www/html/vendor/symfony/console/Application.php(356): Symfony\Component\Console\Application->doRunCommand()
#36 /var/www/html/vendor/magento/framework/Console/Cli.php(137): Symfony\Component\Console\Application->doRun()
#37 /var/www/html/vendor/symfony/console/Application.php(195): Magento\Framework\Console\Cli->doRun()
#38 /var/www/html/bin/magento(23): Symfony\Component\Console\Application->run()
#39 {main}

Next Magento\Framework\Exception\IntegrationException: An error occurred during get media asset list: There is no such media asset with path "wysiwyg/new/new-main.jpg" in /var/www/html/vendor/magento/module-media-gallery/Model/Asset/Command/GetByPath.php:103
Stack trace:
#0 /var/www/html/vendor/magento/module-media-content/Model/ExtractAssetsFromContent.php(88): Magento\MediaGallery\Model\Asset\Command\GetByPath->execute()
#1 /var/www/html/vendor/magento/module-media-content/Model/ExtractAssetsFromContent.php(70): Magento\MediaContent\Model\ExtractAssetsFromContent->getAssetsByPaths()
#2 /var/www/html/vendor/magento/module-media-content/Model/UpdateContentAssetLinks.php(109): Magento\MediaContent\Model\ExtractAssetsFromContent->execute()
#3 /var/www/html/vendor/magento/module-media-content/Model/UpdateContentAssetLinks.php(91): Magento\MediaContent\Model\UpdateContentAssetLinks->updateRelation()
#4 /var/www/html/vendor/magento/module-media-content-cms/Observer/Block.php(82): Magento\MediaContent\Model\UpdateContentAssetLinks->execute()
#5 /var/www/html/vendor/magento/framework/Event/Invoker/InvokerDefault.php(88): Magento\MediaContentCms\Observer\Block->execute()
#6 /var/www/html/vendor/magento/framework/Event/Invoker/InvokerDefault.php(74): Magento\Framework\Event\Invoker\InvokerDefault->_callObserverMethod()
#7 /var/www/html/vendor/magento/framework/Event/Manager.php(65): Magento\Framework\Event\Invoker\InvokerDefault->dispatch()
#8 /var/www/html/generated/code/Magento/Framework/Event/Manager/Proxy.php(105): Magento\Framework\Event\Manager->dispatch()
#9 /var/www/html/vendor/magento/framework/Model/AbstractModel.php(866): Magento\Framework\Event\Manager\Proxy->dispatch()
#10 /var/www/html/vendor/magento/framework/EntityManager/Observer/AfterEntitySave.php(34): Magento\Framework\Model\AbstractModel->afterSave()
#11 /var/www/html/vendor/magento/framework/Event/Invoker/InvokerDefault.php(88): Magento\Framework\EntityManager\Observer\AfterEntitySave->execute()
#12 /var/www/html/vendor/magento/framework/Event/Invoker/InvokerDefault.php(74): Magento\Framework\Event\Invoker\InvokerDefault->_callObserverMethod()
#13 /var/www/html/vendor/magento/framework/Event/Manager.php(65): Magento\Framework\Event\Invoker\InvokerDefault->dispatch()
#14 /var/www/html/generated/code/Magento/Framework/Event/Manager/Proxy.php(105): Magento\Framework\Event\Manager->dispatch()
#15 /var/www/html/vendor/magento/framework/EntityManager/EventManager.php(49): Magento\Framework\Event\Manager\Proxy->dispatch()
#16 /var/www/html/vendor/magento/framework/EntityManager/Operation/Create.php(123): Magento\Framework\EntityManager\EventManager->dispatchEntityEvent()
#17 /var/www/html/vendor/magento/framework/EntityManager/EntityManager.php(106): Magento\Framework\EntityManager\Operation\Create->execute()
#18 /var/www/html/vendor/magento/module-cms/Model/ResourceModel/Block.php(247): Magento\Framework\EntityManager\EntityManager->save()
#19 /var/www/html/vendor/magento/framework/Model/AbstractModel.php(682): Magento\Cms\Model\ResourceModel\Block->save()
#20 /var/www/html/vendor/magento/module-cms-sample-data/Model/Block.php(98): Magento\Framework\Model\AbstractModel->save()
#21 /var/www/html/vendor/magento/module-cms-sample-data/Model/Block.php(77): Magento\CmsSampleData\Model\Block->saveCmsBlock()
#22 /var/www/html/vendor/magento/module-cms-sample-data/Setup/Installer.php(60): Magento\CmsSampleData\Model\Block->install()
#23 [internal function]: Magento\CmsSampleData\Setup\Installer->install()
#24 /var/www/html/vendor/magento/framework/App/State.php(183): call_user_func_array()
#25 /var/www/html/generated/code/Magento/Framework/App/State/Interceptor.php(68): Magento\Framework\App\State->emulateAreaCode()
#26 /var/www/html/vendor/magento/framework/Setup/SampleData/Executor.php(54): Magento\Framework\App\State\Interceptor->emulateAreaCode()
#27 /var/www/html/vendor/magento/module-cms-sample-data/Setup/Patch/Data/InstallCmsSampleData.php(47): Magento\Framework\Setup\SampleData\Executor->exec()
#28 /var/www/html/vendor/magento/framework/Setup/Patch/PatchApplier.php(301): Magento\CmsSampleData\Setup\Patch\Data\InstallCmsSampleData->apply()
#29 /var/www/html/vendor/magento/framework/Setup/Patch/PatchApplier.php(165): Magento\Framework\Setup\Patch\PatchApplier->applyPatch()
#30 /var/www/html/setup/src/Magento/Setup/Model/Installer.php(1148): Magento\Framework\Setup\Patch\PatchApplier->applyDataPatch()
#31 /var/www/html/setup/src/Magento/Setup/Model/Installer.php(1020): Magento\Setup\Model\Installer->handleDBSchemaData()
#32 /var/www/html/setup/src/Magento/Setup/Console/Command/UpgradeCommand.php(167): Magento\Setup\Model\Installer->installDataFixtures()
#33 /var/www/html/vendor/symfony/console/Command/Command.php(341): Magento\Setup\Console\Command\UpgradeCommand->execute()
#34 /var/www/html/vendor/symfony/console/Application.php(1094): Symfony\Component\Console\Command\Command->run()
#35 /var/www/html/vendor/symfony/console/Application.php(356): Symfony\Component\Console\Application->doRunCommand()
#36 /var/www/html/vendor/magento/framework/Console/Cli.php(137): Symfony\Component\Console\Application->doRun()
#37 /var/www/html/vendor/symfony/console/Application.php(195): Magento\Framework\Console\Cli->doRun()
#38 /var/www/html/bin/magento(23): Symfony\Component\Console\Application->run()
#39 {main} {"exception":"[object] (Magento\\Framework\\Exception\\IntegrationException(code: 0): An error occurred during get media asset list: There is no such media asset with path \"wysiwyg/new/new-main.jpg\" at /var/www/html/vendor/magento/module-media-gallery/Model/Asset/Command/GetByPath.php:103)
[previous exception] [object] (Magento\\Framework\\Exception\\NoSuchEntityException(code: 0): There is no such media asset with path \"wysiwyg/new/new-main.jpg\" at /var/www/html/vendor/magento/module-media-gallery/Model/Asset/Command/GetByPath.php:81)"} []
[2026-07-30T04:14:00.321625+00:00] main.CRITICAL: Magento\Framework\Exception\NoSuchEntityException: There is no such media asset with path "wysiwyg/new/new-performance.jpg" in /var/www/html/vendor/magento/module-media-gallery/Model/Asset/Command/GetByPath.php:81
Stack trace:
#0 /var/www/html/vendor/magento/module-media-content/Model/ExtractAssetsFromContent.php(88): Magento\MediaGallery\Model\Asset\Command\GetByPath->execute()
#1 /var/www/html/vendor/magento/module-media-content/Model/ExtractAssetsFromContent.php(70): Magento\MediaContent\Model\ExtractAssetsFromContent->getAssetsByPaths()
#2 /var/www/html/vendor/magento/module-media-content/Model/UpdateContentAssetLinks.php(109): Magento\MediaContent\Model\ExtractAssetsFromContent->execute()
#3 /var/www/html/vendor/magento/module-media-content/Model/UpdateContentAssetLinks.php(91): Magento\MediaContent\Model\UpdateContentAssetLinks->updateRelation()
#4 /var/www/html/vendor/magento/module-media-content-cms/Observer/Block.php(82): Magento\MediaContent\Model\UpdateContentAssetLinks->execute()
#5 /var/www/html/vendor/magento/framework/Event/Invoker/InvokerDefault.php(88): Magento\MediaContentCms\Observer\Block->execute()
#6 /var/www/html/vendor/magento/framework/Event/Invoker/InvokerDefault.php(74): Magento\Framework\Event\Invoker\InvokerDefault->_callObserverMethod()
#7 /var/www/html/vendor/magento/framework/Event/Manager.php(65): Magento\Framework\Event\Invoker\InvokerDefault->dispatch()
#8 /var/www/html/generated/code/Magento/Framework/Event/Manager/Proxy.php(105): Magento\Framework\Event\Manager->dispatch()
#9 /var/www/html/vendor/magento/framework/Model/AbstractModel.php(866): Magento\Framework\Event\Manager\Proxy->dispatch()
#10 /var/www/html/vendor/magento/framework/EntityManager/Observer/AfterEntitySave.php(34): Magento\Framework\Model\AbstractModel->afterSave()
#11 /var/www/html/vendor/magento/framework/Event/Invoker/InvokerDefault.php(88): Magento\Framework\EntityManager\Observer\AfterEntitySave->execute()
#12 /var/www/html/vendor/magento/framework/Event/Invoker/InvokerDefault.php(74): Magento\Framework\Event\Invoker\InvokerDefault->_callObserverMethod()
#13 /var/www/html/vendor/magento/framework/Event/Manager.php(65): Magento\Framework\Event\Invoker\InvokerDefault->dispatch()
#14 /var/www/html/generated/code/Magento/Framework/Event/Manager/Proxy.php(105): Magento\Framework\Event\Manager->dispatch()
#15 /var/www/html/vendor/magento/framework/EntityManager/EventManager.php(49): Magento\Framework\Event\Manager\Proxy->dispatch()
#16 /var/www/html/vendor/magento/framework/EntityManager/Operation/Create.php(123): Magento\Framework\EntityManager\EventManager->dispatchEntityEvent()
#17 /var/www/html/vendor/magento/framework/EntityManager/EntityManager.php(106): Magento\Framework\EntityManager\Operation\Create->execute()
#18 /var/www/html/vendor/magento/module-cms/Model/ResourceModel/Block.php(247): Magento\Framework\EntityManager\EntityManager->save()
#19 /var/www/html/vendor/magento/framework/Model/AbstractModel.php(682): Magento\Cms\Model\ResourceModel\Block->save()
#20 /var/www/html/vendor/magento/module-cms-sample-data/Model/Block.php(98): Magento\Framework\Model\AbstractModel->save()
#21 /var/www/html/vendor/magento/module-cms-sample-data/Model/Block.php(77): Magento\CmsSampleData\Model\Block->saveCmsBlock()
#22 /var/www/html/vendor/magento/module-cms-sample-data/Setup/Installer.php(60): Magento\CmsSampleData\Model\Block->install()
#23 [internal function]: Magento\CmsSampleData\Setup\Installer->install()
#24 /var/www/html/vendor/magento/framework/App/State.php(183): call_user_func_array()
#25 /var/www/html/generated/code/Magento/Framework/App/State/Interceptor.php(68): Magento\Framework\App\State->emulateAreaCode()
#26 /var/www/html/vendor/magento/framework/Setup/SampleData/Executor.php(54): Magento\Framework\App\State\Interceptor->emulateAreaCode()
#27 /var/www/html/vendor/magento/module-cms-sample-data/Setup/Patch/Data/InstallCmsSampleData.php(47): Magento\Framework\Setup\SampleData\Executor->exec()
#28 /var/www/html/vendor/magento/framework/Setup/Patch/PatchApplier.php(301): Magento\CmsSampleData\Setup\Patch\Data\InstallCmsSampleData->apply()
#29 /var/www/html/vendor/magento/framework/Setup/Patch/PatchApplier.php(165): Magento\Framework\Setup\Patch\PatchApplier->applyPatch()
#30 /var/www/html/setup/src/Magento/Setup/Model/Installer.php(1148): Magento\Framework\Setup\Patch\PatchApplier->applyDataPatch()
#31 /var/www/html/setup/src/Magento/Setup/Model/Installer.php(1020): Magento\Setup\Model\Installer->handleDBSchemaData()
#32 /var/www/html/setup/src/Magento/Setup/Console/Command/UpgradeCommand.php(167): Magento\Setup\Model\Installer->installDataFixtures()
#33 /var/www/html/vendor/symfony/console/Command/Command.php(341): Magento\Setup\Console\Command\UpgradeCommand->execute()
#34 /var/www/html/vendor/symfony/console/Application.php(1094): Symfony\Component\Console\Command\Command->run()
#35 /var/www/html/vendor/symfony/console/Application.php(356): Symfony\Component\Console\Application->doRunCommand()
#36 /var/www/html/vendor/magento/framework/Console/Cli.php(137): Symfony\Component\Console\Application->doRun()
#37 /var/www/html/vendor/symfony/console/Application.php(195): Magento\Framework\Console\Cli->doRun()
#38 /var/www/html/bin/magento(23): Symfony\Component\Console\Application->run()
#39 {main} {"exception":"[object] (Magento\\Framework\\Exception\\NoSuchEntityException(code: 0): There is no such media asset with path \"wysiwyg/new/new-performance.jpg\" at /var/www/html/vendor/magento/module-media-gallery/Model/Asset/Command/GetByPath.php:81)"} []
[2026-07-30T04:14:00.321722+00:00] main.CRITICAL: Magento\Framework\Exception\NoSuchEntityException: There is no such media asset with path "wysiwyg/new/new-performance.jpg" in /var/www/html/vendor/magento/module-media-gallery/Model/Asset/Command/GetByPath.php:81
Stack trace:
#0 /var/www/html/vendor/magento/module-media-content/Model/ExtractAssetsFromContent.php(88): Magento\MediaGallery\Model\Asset\Command\GetByPath->execute()
#1 /var/www/html/vendor/magento/module-media-content/Model/ExtractAssetsFromContent.php(70): Magento\MediaContent\Model\ExtractAssetsFromContent->getAssetsByPaths()
#2 /var/www/html/vendor/magento/module-media-content/Model/UpdateContentAssetLinks.php(109): Magento\MediaContent\Model\ExtractAssetsFromContent->execute()
#3 /var/www/html/vendor/magento/module-media-content/Model/UpdateContentAssetLinks.php(91): Magento\MediaContent\Model\UpdateContentAssetLinks->updateRelation()
#4 /var/www/html/vendor/magento/module-media-content-cms/Observer/Block.php(82): Magento\MediaContent\Model\UpdateContentAssetLinks->execute()
#5 /var/www/html/vendor/magento/framework/Event/Invoker/InvokerDefault.php(88): Magento\MediaContentCms\Observer\Block->execute()
#6 /var/www/html/vendor/magento/framework/Event/Invoker/InvokerDefault.php(74): Magento\Framework\Event\Invoker\InvokerDefault->_callObserverMethod()
#7 /var/www/html/vendor/magento/framework/Event/Manager.php(65): Magento\Framework\Event\Invoker\InvokerDefault->dispatch()
#8 /var/www/html/generated/code/Magento/Framework/Event/Manager/Proxy.php(105): Magento\Framework\Event\Manager->dispatch()
#9 /var/www/html/vendor/magento/framework/Model/AbstractModel.php(866): Magento\Framework\Event\Manager\Proxy->dispatch()
#10 /var/www/html/vendor/magento/framework/EntityManager/Observer/AfterEntitySave.php(34): Magento\Framework\Model\AbstractModel->afterSave()
#11 /var/www/html/vendor/magento/framework/Event/Invoker/InvokerDefault.php(88): Magento\Framework\EntityManager\Observer\AfterEntitySave->execute()
#12 /var/www/html/vendor/magento/framework/Event/Invoker/InvokerDefault.php(74): Magento\Framework\Event\Invoker\InvokerDefault->_callObserverMethod()
#13 /var/www/html/vendor/magento/framework/Event/Manager.php(65): Magento\Framework\Event\Invoker\InvokerDefault->dispatch()
#14 /var/www/html/generated/code/Magento/Framework/Event/Manager/Proxy.php(105): Magento\Framework\Event\Manager->dispatch()
#15 /var/www/html/vendor/magento/framework/EntityManager/EventManager.php(49): Magento\Framework\Event\Manager\Proxy->dispatch()
#16 /var/www/html/vendor/magento/framework/EntityManager/Operation/Create.php(123): Magento\Framework\EntityManager\EventManager->dispatchEntityEvent()
#17 /var/www/html/vendor/magento/framework/EntityManager/EntityManager.php(106): Magento\Framework\EntityManager\Operation\Create->execute()
#18 /var/www/html/vendor/magento/module-cms/Model/ResourceModel/Block.php(247): Magento\Framework\EntityManager\EntityManager->save()
#19 /var/www/html/vendor/magento/framework/Model/AbstractModel.php(682): Magento\Cms\Model\ResourceModel\Block->save()
#20 /var/www/html/vendor/magento/module-cms-sample-data/Model/Block.php(98): Magento\Framework\Model\AbstractModel->save()
#21 /var/www/html/vendor/magento/module-cms-sample-data/Model/Block.php(77): Magento\CmsSampleData\Model\Block->saveCmsBlock()
#22 /var/www/html/vendor/magento/module-cms-sample-data/Setup/Installer.php(60): Magento\CmsSampleData\Model\Block->install()
#23 [internal function]: Magento\CmsSampleData\Setup\Installer->install()
#24 /var/www/html/vendor/magento/framework/App/State.php(183): call_user_func_array()
#25 /var/www/html/generated/code/Magento/Framework/App/State/Interceptor.php(68): Magento\Framework\App\State->emulateAreaCode()
#26 /var/www/html/vendor/magento/framework/Setup/SampleData/Executor.php(54): Magento\Framework\App\State\Interceptor->emulateAreaCode()
#27 /var/www/html/vendor/magento/module-cms-sample-data/Setup/Patch/Data/InstallCmsSampleData.php(47): Magento\Framework\Setup\SampleData\Executor->exec()
#28 /var/www/html/vendor/magento/framework/Setup/Patch/PatchApplier.php(301): Magento\CmsSampleData\Setup\Patch\Data\InstallCmsSampleData->apply()
#29 /var/www/html/vendor/magento/framework/Setup/Patch/PatchApplier.php(165): Magento\Framework\Setup\Patch\PatchApplier->applyPatch()
#30 /var/www/html/setup/src/Magento/Setup/Model/Installer.php(1148): Magento\Framework\Setup\Patch\PatchApplier->applyDataPatch()
#31 /var/www/html/setup/src/Magento/Setup/Model/Installer.php(1020): Magento\Setup\Model\Installer->handleDBSchemaData()
#32 /var/www/html/setup/src/Magento/Setup/Console/Command/UpgradeCommand.php(167): Magento\Setup\Model\Installer->installDataFixtures()
#33 /var/www/html/vendor/symfony/console/Command/Command.php(341): Magento\Setup\Console\Command\UpgradeCommand->execute()
#34 /var/www/html/vendor/symfony/console/Application.php(1094): Symfony\Component\Console\Command\Command->run()
#35 /var/www/html/vendor/symfony/console/Application.php(356): Symfony\Component\Console\Application->doRunCommand()
#36 /var/www/html/vendor/magento/framework/Console/Cli.php(137): Symfony\Component\Console\Application->doRun()
#37 /var/www/html/vendor/symfony/console/Application.php(195): Magento\Framework\Console\Cli->doRun()
#38 /var/www/html/bin/magento(23): Symfony\Component\Console\Application->run()
#39 {main}

Next Magento\Framework\Exception\IntegrationException: An error occurred during get media asset list: There is no such media asset with path "wysiwyg/new/new-performance.jpg" in /var/www/html/vendor/magento/module-media-gallery/Model/Asset/Command/GetByPath.php:103
Stack trace:
#0 /var/www/html/vendor/magento/module-media-content/Model/ExtractAssetsFromContent.php(88): Magento\MediaGallery\Model\Asset\Command\GetByPath->execute()
#1 /var/www/html/vendor/magento/module-media-content/Model/ExtractAssetsFromContent.php(70): Magento\MediaContent\Model\ExtractAssetsFromContent->getAssetsByPaths()
#2 /var/www/html/vendor/magento/module-media-content/Model/UpdateContentAssetLinks.php(109): Magento\MediaContent\Model\ExtractAssetsFromContent->execute()
#3 /var/www/html/vendor/magento/module-media-content/Model/UpdateContentAssetLinks.php(91): Magento\MediaContent\Model\UpdateContentAssetLinks->updateRelation()
#4 /var/www/html/vendor/magento/module-media-content-cms/Observer/Block.php(82): Magento\MediaContent\Model\UpdateContentAssetLinks->execute()
#5 /var/www/html/vendor/magento/framework/Event/Invoker/InvokerDefault.php(88): Magento\MediaContentCms\Observer\Block->execute()
#6 /var/www/html/vendor/magento/framework/Event/Invoker/InvokerDefault.php(74): Magento\Framework\Event\Invoker\InvokerDefault->_callObserverMethod()
#7 /var/www/html/vendor/magento/framework/Event/Manager.php(65): Magento\Framework\Event\Invoker\InvokerDefault->dispatch()
#8 /var/www/html/generated/code/Magento/Framework/Event/Manager/Proxy.php(105): Magento\Framework\Event\Manager->dispatch()
#9 /var/www/html/vendor/magento/framework/Model/AbstractModel.php(866): Magento\Framework\Event\Manager\Proxy->dispatch()
#10 /var/www/html/vendor/magento/framework/EntityManager/Observer/AfterEntitySave.php(34): Magento\Framework\Model\AbstractModel->afterSave()
#11 /var/www/html/vendor/magento/framework/Event/Invoker/InvokerDefault.php(88): Magento\Framework\EntityManager\Observer\AfterEntitySave->execute()
#12 /var/www/html/vendor/magento/framework/Event/Invoker/InvokerDefault.php(74): Magento\Framework\Event\Invoker\InvokerDefault->_callObserverMethod()
#13 /var/www/html/vendor/magento/framework/Event/Manager.php(65): Magento\Framework\Event\Invoker\InvokerDefault->dispatch()
#14 /var/www/html/generated/code/Magento/Framework/Event/Manager/Proxy.php(105): Magento\Framework\Event\Manager->dispatch()
#15 /var/www/html/vendor/magento/framework/EntityManager/EventManager.php(49): Magento\Framework\Event\Manager\Proxy->dispatch()
#16 /var/www/html/vendor/magento/framework/EntityManager/Operation/Create.php(123): Magento\Framework\EntityManager\EventManager->dispatchEntityEvent()
#17 /var/www/html/vendor/magento/framework/EntityManager/EntityManager.php(106): Magento\Framework\EntityManager\Operation\Create->execute()
#18 /var/www/html/vendor/magento/module-cms/Model/ResourceModel/Block.php(247): Magento\Framework\EntityManager\EntityManager->save()
#19 /var/www/html/vendor/magento/framework/Model/AbstractModel.php(682): Magento\Cms\Model\ResourceModel\Block->save()
#20 /var/www/html/vendor/magento/module-cms-sample-data/Model/Block.php(98): Magento\Framework\Model\AbstractModel->save()
#21 /var/www/html/vendor/magento/module-cms-sample-data/Model/Block.php(77): Magento\CmsSampleData\Model\Block->saveCmsBlock()
#22 /var/www/html/vendor/magento/module-cms-sample-data/Setup/Installer.php(60): Magento\CmsSampleData\Model\Block->install()
#23 [internal function]: Magento\CmsSampleData\Setup\Installer->install()
#24 /var/www/html/vendor/magento/framework/App/State.php(183): call_user_func_array()
#25 /var/www/html/generated/code/Magento/Framework/App/State/Interceptor.php(68): Magento\Framework\App\State->emulateAreaCode()
#26 /var/www/html/vendor/magento/framework/Setup/SampleData/Executor.php(54): Magento\Framework\App\State\Interceptor->emulateAreaCode()
#27 /var/www/html/vendor/magento/module-cms-sample-data/Setup/Patch/Data/InstallCmsSampleData.php(47): Magento\Framework\Setup\SampleData\Executor->exec()
#28 /var/www/html/vendor/magento/framework/Setup/Patch/PatchApplier.php(301): Magento\CmsSampleData\Setup\Patch\Data\InstallCmsSampleData->apply()
#29 /var/www/html/vendor/magento/framework/Setup/Patch/PatchApplier.php(165): Magento\Framework\Setup\Patch\PatchApplier->applyPatch()
#30 /var/www/html/setup/src/Magento/Setup/Model/Installer.php(1148): Magento\Framework\Setup\Patch\PatchApplier->applyDataPatch()
#31 /var/www/html/setup/src/Magento/Setup/Model/Installer.php(1020): Magento\Setup\Model\Installer->handleDBSchemaData()
#32 /var/www/html/setup/src/Magento/Setup/Console/Command/UpgradeCommand.php(167): Magento\Setup\Model\Installer->installDataFixtures()
#33 /var/www/html/vendor/symfony/console/Command/Command.php(341): Magento\Setup\Console\Command\UpgradeCommand->execute()
#34 /var/www/html/vendor/symfony/console/Application.php(1094): Symfony\Component\Console\Command\Command->run()
#35 /var/www/html/vendor/symfony/console/Application.php(356): Symfony\Component\Console\Application->doRunCommand()
#36 /var/www/html/vendor/magento/framework/Console/Cli.php(137): Symfony\Component\Console\Application->doRun()
#37 /var/www/html/vendor/symfony/console/Application.php(195): Magento\Framework\Console\Cli->doRun()
#38 /var/www/html/bin/magento(23): Symfony\Component\Console\Application->run()
#39 {main} {"exception":"[object] (Magento\\Framework\\Exception\\IntegrationException(code: 0): An error occurred during get media asset list: There is no such media asset with path \"wysiwyg/new/new-performance.jpg\" at /var/www/html/vendor/magento/module-media-gallery/Model/Asset/Command/GetByPath.php:103)
[previous exception] [object] (Magento\\Framework\\Exception\\NoSuchEntityException(code: 0): There is no such media asset with path \"wysiwyg/new/new-performance.jpg\" at /var/www/html/vendor/magento/module-media-gallery/Model/Asset/Command/GetByPath.php:81)"} []
[2026-07-30T04:14:00.321928+00:00] main.CRITICAL: Magento\Framework\Exception\NoSuchEntityException: There is no such media asset with path "wysiwyg/new/new-eco.jpg" in /var/www/html/vendor/magento/module-media-gallery/Model/Asset/Command/GetByPath.php:81
Stack trace:
#0 /var/www/html/vendor/magento/module-media-content/Model/ExtractAssetsFromContent.php(88): Magento\MediaGallery\Model\Asset\Command\GetByPath->execute()
#1 /var/www/html/vendor/magento/module-media-content/Model/ExtractAssetsFromContent.php(70): Magento\MediaContent\Model\ExtractAssetsFromContent->getAssetsByPaths()
#2 /var/www/html/vendor/magento/module-media-content/Model/UpdateContentAssetLinks.php(109): Magento\MediaContent\Model\ExtractAssetsFromContent->execute()
#3 /var/www/html/vendor/magento/module-media-content/Model/UpdateContentAssetLinks.php(91): Magento\MediaContent\Model\UpdateContentAssetLinks->updateRelation()
#4 /var/www/html/vendor/magento/module-media-content-cms/Observer/Block.php(82): Magento\MediaContent\Model\UpdateContentAssetLinks->execute()
#5 /var/www/html/vendor/magento/framework/Event/Invoker/InvokerDefault.php(88): Magento\MediaContentCms\Observer\Block->execute()
#6 /var/www/html/vendor/magento/framework/Event/Invoker/InvokerDefault.php(74): Magento\Framework\Event\Invoker\InvokerDefault->_callObserverMethod()
#7 /var/www/html/vendor/magento/framework/Event/Manager.php(65): Magento\Framework\Event\Invoker\InvokerDefault->dispatch()
#8 /var/www/html/generated/code/Magento/Framework/Event/Manager/Proxy.php(105): Magento\Framework\Event\Manager->dispatch()
#9 /var/www/html/vendor/magento/framework/Model/AbstractModel.php(866): Magento\Framework\Event\Manager\Proxy->dispatch()
#10 /var/www/html/vendor/magento/framework/EntityManager/Observer/AfterEntitySave.php(34): Magento\Framework\Model\AbstractModel->afterSave()
#11 /var/www/html/vendor/magento/framework/Event/Invoker/InvokerDefault.php(88): Magento\Framework\EntityManager\Observer\AfterEntitySave->execute()
#12 /var/www/html/vendor/magento/framework/Event/Invoker/InvokerDefault.php(74): Magento\Framework\Event\Invoker\InvokerDefault->_callObserverMethod()
#13 /var/www/html/vendor/magento/framework/Event/Manager.php(65): Magento\Framework\Event\Invoker\InvokerDefault->dispatch()
#14 /var/www/html/generated/code/Magento/Framework/Event/Manager/Proxy.php(105): Magento\Framework\Event\Manager->dispatch()
#15 /var/www/html/vendor/magento/framework/EntityManager/EventManager.php(49): Magento\Framework\Event\Manager\Proxy->dispatch()
#16 /var/www/html/vendor/magento/framework/EntityManager/Operation/Create.php(123): Magento\Framework\EntityManager\EventManager->dispatchEntityEvent()
#17 /var/www/html/vendor/magento/framework/EntityManager/EntityManager.php(106): Magento\Framework\EntityManager\Operation\Create->execute()
#18 /var/www/html/vendor/magento/module-cms/Model/ResourceModel/Block.php(247): Magento\Framework\EntityManager\EntityManager->save()
#19 /var/www/html/vendor/magento/framework/Model/AbstractModel.php(682): Magento\Cms\Model\ResourceModel\Block->save()
#20 /var/www/html/vendor/magento/module-cms-sample-data/Model/Block.php(98): Magento\Framework\Model\AbstractModel->save()
#21 /var/www/html/vendor/magento/module-cms-sample-data/Model/Block.php(77): Magento\CmsSampleData\Model\Block->saveCmsBlock()
#22 /var/www/html/vendor/magento/module-cms-sample-data/Setup/Installer.php(60): Magento\CmsSampleData\Model\Block->install()
#23 [internal function]: Magento\CmsSampleData\Setup\Installer->install()
#24 /var/www/html/vendor/magento/framework/App/State.php(183): call_user_func_array()
#25 /var/www/html/generated/code/Magento/Framework/App/State/Interceptor.php(68): Magento\Framework\App\State->emulateAreaCode()
#26 /var/www/html/vendor/magento/framework/Setup/SampleData/Executor.php(54): Magento\Framework\App\State\Interceptor->emulateAreaCode()
#27 /var/www/html/vendor/magento/module-cms-sample-data/Setup/Patch/Data/InstallCmsSampleData.php(47): Magento\Framework\Setup\SampleData\Executor->exec()
#28 /var/www/html/vendor/magento/framework/Setup/Patch/PatchApplier.php(301): Magento\CmsSampleData\Setup\Patch\Data\InstallCmsSampleData->apply()
#29 /var/www/html/vendor/magento/framework/Setup/Patch/PatchApplier.php(165): Magento\Framework\Setup\Patch\PatchApplier->applyPatch()
#30 /var/www/html/setup/src/Magento/Setup/Model/Installer.php(1148): Magento\Framework\Setup\Patch\PatchApplier->applyDataPatch()
#31 /var/www/html/setup/src/Magento/Setup/Model/Installer.php(1020): Magento\Setup\Model\Installer->handleDBSchemaData()
#32 /var/www/html/setup/src/Magento/Setup/Console/Command/UpgradeCommand.php(167): Magento\Setup\Model\Installer->installDataFixtures()
#33 /var/www/html/vendor/symfony/console/Command/Command.php(341): Magento\Setup\Console\Command\UpgradeCommand->execute()
#34 /var/www/html/vendor/symfony/console/Application.php(1094): Symfony\Component\Console\Command\Command->run()
#35 /var/www/html/vendor/symfony/console/Application.php(356): Symfony\Component\Console\Application->doRunCommand()
#36 /var/www/html/vendor/magento/framework/Console/Cli.php(137): Symfony\Component\Console\Application->doRun()
#37 /var/www/html/vendor/symfony/console/Application.php(195): Magento\Framework\Console\Cli->doRun()
#38 /var/www/html/bin/magento(23): Symfony\Component\Console\Application->run()
#39 {main} {"exception":"[object] (Magento\\Framework\\Exception\\NoSuchEntityException(code: 0): There is no such media asset with path \"wysiwyg/new/new-eco.jpg\" at /var/www/html/vendor/magento/module-media-gallery/Model/Asset/Command/GetByPath.php:81)"} []
[2026-07-30T04:14:00.322045+00:00] main.CRITICAL: Magento\Framework\Exception\NoSuchEntityException: There is no such media asset with path "wysiwyg/new/new-eco.jpg" in /var/www/html/vendor/magento/module-media-gallery/Model/Asset/Command/GetByPath.php:81
Stack trace:
#0 /var/www/html/vendor/magento/module-media-content/Model/ExtractAssetsFromContent.php(88): Magento\MediaGallery\Model\Asset\Command\GetByPath->execute()
#1 /var/www/html/vendor/magento/module-media-content/Model/ExtractAssetsFromContent.php(70): Magento\MediaContent\Model\ExtractAssetsFromContent->getAssetsByPaths()
#2 /var/www/html/vendor/magento/module-media-content/Model/UpdateContentAssetLinks.php(109): Magento\MediaContent\Model\ExtractAssetsFromContent->execute()
#3 /var/www/html/vendor/magento/module-media-content/Model/UpdateContentAssetLinks.php(91): Magento\MediaContent\Model\UpdateContentAssetLinks->updateRelation()
#4 /var/www/html/vendor/magento/module-media-content-cms/Observer/Block.php(82): Magento\MediaContent\Model\UpdateContentAssetLinks->execute()
#5 /var/www/html/vendor/magento/framework/Event/Invoker/InvokerDefault.php(88): Magento\MediaContentCms\Observer\Block->execute()
#6 /var/www/html/vendor/magento/framework/Event/Invoker/InvokerDefault.php(74): Magento\Framework\Event\Invoker\InvokerDefault->_callObserverMethod()
#7 /var/www/html/vendor/magento/framework/Event/Manager.php(65): Magento\Framework\Event\Invoker\InvokerDefault->dispatch()
#8 /var/www/html/generated/code/Magento/Framework/Event/Manager/Proxy.php(105): Magento\Framework\Event\Manager->dispatch()
#9 /var/www/html/vendor/magento/framework/Model/AbstractModel.php(866): Magento\Framework\Event\Manager\Proxy->dispatch()
#10 /var/www/html/vendor/magento/framework/EntityManager/Observer/AfterEntitySave.php(34): Magento\Framework\Model\AbstractModel->afterSave()
#11 /var/www/html/vendor/magento/framework/Event/Invoker/InvokerDefault.php(88): Magento\Framework\EntityManager\Observer\AfterEntitySave->execute()
#12 /var/www/html/vendor/magento/framework/Event/Invoker/InvokerDefault.php(74): Magento\Framework\Event\Invoker\InvokerDefault->_callObserverMethod()
#13 /var/www/html/vendor/magento/framework/Event/Manager.php(65): Magento\Framework\Event\Invoker\InvokerDefault->dispatch()
#14 /var/www/html/generated/code/Magento/Framework/Event/Manager/Proxy.php(105): Magento\Framework\Event\Manager->dispatch()
#15 /var/www/html/vendor/magento/framework/EntityManager/EventManager.php(49): Magento\Framework\Event\Manager\Proxy->dispatch()
#16 /var/www/html/vendor/magento/framework/EntityManager/Operation/Create.php(123): Magento\Framework\EntityManager\EventManager->dispatchEntityEvent()
#17 /var/www/html/vendor/magento/framework/EntityManager/EntityManager.php(106): Magento\Framework\EntityManager\Operation\Create->execute()
#18 /var/www/html/vendor/magento/module-cms/Model/ResourceModel/Block.php(247): Magento\Framework\EntityManager\EntityManager->save()
#19 /var/www/html/vendor/magento/framework/Model/AbstractModel.php(682): Magento\Cms\Model\ResourceModel\Block->save()
#20 /var/www/html/vendor/magento/module-cms-sample-data/Model/Block.php(98): Magento\Framework\Model\AbstractModel->save()
#21 /var/www/html/vendor/magento/module-cms-sample-data/Model/Block.php(77): Magento\CmsSampleData\Model\Block->saveCmsBlock()
#22 /var/www/html/vendor/magento/module-cms-sample-data/Setup/Installer.php(60): Magento\CmsSampleData\Model\Block->install()
#23 [internal function]: Magento\CmsSampleData\Setup\Installer->install()
#24 /var/www/html/vendor/magento/framework/App/State.php(183): call_user_func_array()
#25 /var/www/html/generated/code/Magento/Framework/App/State/Interceptor.php(68): Magento\Framework\App\State->emulateAreaCode()
#26 /var/www/html/vendor/magento/framework/Setup/SampleData/Executor.php(54): Magento\Framework\App\State\Interceptor->emulateAreaCode()
#27 /var/www/html/vendor/magento/module-cms-sample-data/Setup/Patch/Data/InstallCmsSampleData.php(47): Magento\Framework\Setup\SampleData\Executor->exec()
#28 /var/www/html/vendor/magento/framework/Setup/Patch/PatchApplier.php(301): Magento\CmsSampleData\Setup\Patch\Data\InstallCmsSampleData->apply()
#29 /var/www/html/vendor/magento/framework/Setup/Patch/PatchApplier.php(165): Magento\Framework\Setup\Patch\PatchApplier->applyPatch()
#30 /var/www/html/setup/src/Magento/Setup/Model/Installer.php(1148): Magento\Framework\Setup\Patch\PatchApplier->applyDataPatch()
#31 /var/www/html/setup/src/Magento/Setup/Model/Installer.php(1020): Magento\Setup\Model\Installer->handleDBSchemaData()
#32 /var/www/html/setup/src/Magento/Setup/Console/Command/UpgradeCommand.php(167): Magento\Setup\Model\Installer->installDataFixtures()
#33 /var/www/html/vendor/symfony/console/Command/Command.php(341): Magento\Setup\Console\Command\UpgradeCommand->execute()
#34 /var/www/html/vendor/symfony/console/Application.php(1094): Symfony\Component\Console\Command\Command->run()
#35 /var/www/html/vendor/symfony/console/Application.php(356): Symfony\Component\Console\Application->doRunCommand()
#36 /var/www/html/vendor/magento/framework/Console/Cli.php(137): Symfony\Component\Console\Application->doRun()
#37 /var/www/html/vendor/symfony/console/Application.php(195): Magento\Framework\Console\Cli->doRun()
#38 /var/www/html/bin/magento(23): Symfony\Component\Console\Application->run()
#39 {main}

Next Magento\Framework\Exception\IntegrationException: An error occurred during get media asset list: There is no such media asset with path "wysiwyg/new/new-eco.jpg" in /var/www/html/vendor/magento/module-media-gallery/Model/Asset/Command/GetByPath.php:103
Stack trace:
#0 /var/www/html/vendor/magento/module-media-content/Model/ExtractAssetsFromContent.php(88): Magento\MediaGallery\Model\Asset\Command\GetByPath->execute()
#1 /var/www/html/vendor/magento/module-media-content/Model/ExtractAssetsFromContent.php(70): Magento\MediaContent\Model\ExtractAssetsFromContent->getAssetsByPaths()
#2 /var/www/html/vendor/magento/module-media-content/Model/UpdateContentAssetLinks.php(109): Magento\MediaContent\Model\ExtractAssetsFromContent->execute()
#3 /var/www/html/vendor/magento/module-media-content/Model/UpdateContentAssetLinks.php(91): Magento\MediaContent\Model\UpdateContentAssetLinks->updateRelation()
#4 /var/www/html/vendor/magento/module-media-content-cms/Observer/Block.php(82): Magento\MediaContent\Model\UpdateContentAssetLinks->execute()
#5 /var/www/html/vendor/magento/framework/Event/Invoker/InvokerDefault.php(88): Magento\MediaContentCms\Observer\Block->execute()
#6 /var/www/html/vendor/magento/framework/Event/Invoker/InvokerDefault.php(74): Magento\Framework\Event\Invoker\InvokerDefault->_callObserverMethod()
#7 /var/www/html/vendor/magento/framework/Event/Manager.php(65): Magento\Framework\Event\Invoker\InvokerDefault->dispatch()
#8 /var/www/html/generated/code/Magento/Framework/Event/Manager/Proxy.php(105): Magento\Framework\Event\Manager->dispatch()
#9 /var/www/html/vendor/magento/framework/Model/AbstractModel.php(866): Magento\Framework\Event\Manager\Proxy->dispatch()
#10 /var/www/html/vendor/magento/framework/EntityManager/Observer/AfterEntitySave.php(34): Magento\Framework\Model\AbstractModel->afterSave()
#11 /var/www/html/vendor/magento/framework/Event/Invoker/InvokerDefault.php(88): Magento\Framework\EntityManager\Observer\AfterEntitySave->execute()
#12 /var/www/html/vendor/magento/framework/Event/Invoker/InvokerDefault.php(74): Magento\Framework\Event\Invoker\InvokerDefault->_callObserverMethod()
#13 /var/www/html/vendor/magento/framework/Event/Manager.php(65): Magento\Framework\Event\Invoker\InvokerDefault->dispatch()
#14 /var/www/html/generated/code/Magento/Framework/Event/Manager/Proxy.php(105): Magento\Framework\Event\Manager->dispatch()
#15 /var/www/html/vendor/magento/framework/EntityManager/EventManager.php(49): Magento\Framework\Event\Manager\Proxy->dispatch()
#16 /var/www/html/vendor/magento/framework/EntityManager/Operation/Create.php(123): Magento\Framework\EntityManager\EventManager->dispatchEntityEvent()
#17 /var/www/html/vendor/magento/framework/EntityManager/EntityManager.php(106): Magento\Framework\EntityManager\Operation\Create->execute()
#18 /var/www/html/vendor/magento/module-cms/Model/ResourceModel/Block.php(247): Magento\Framework\EntityManager\EntityManager->save()
#19 /var/www/html/vendor/magento/framework/Model/AbstractModel.php(682): Magento\Cms\Model\ResourceModel\Block->save()
#20 /var/www/html/vendor/magento/module-cms-sample-data/Model/Block.php(98): Magento\Framework\Model\AbstractModel->save()
#21 /var/www/html/vendor/magento/module-cms-sample-data/Model/Block.php(77): Magento\CmsSampleData\Model\Block->saveCmsBlock()
#22 /var/www/html/vendor/magento/module-cms-sample-data/Setup/Installer.php(60): Magento\CmsSampleData\Model\Block->install()
#23 [internal function]: Magento\CmsSampleData\Setup\Installer->install()
#24 /var/www/html/vendor/magento/framework/App/State.php(183): call_user_func_array()
#25 /var/www/html/generated/code/Magento/Framework/App/State/Interceptor.php(68): Magento\Framework\App\State->emulateAreaCode()
#26 /var/www/html/vendor/magento/framework/Setup/SampleData/Executor.php(54): Magento\Framework\App\State\Interceptor->emulateAreaCode()
#27 /var/www/html/vendor/magento/module-cms-sample-data/Setup/Patch/Data/InstallCmsSampleData.php(47): Magento\Framework\Setup\SampleData\Executor->exec()
#28 /var/www/html/vendor/magento/framework/Setup/Patch/PatchApplier.php(301): Magento\CmsSampleData\Setup\Patch\Data\InstallCmsSampleData->apply()
#29 /var/www/html/vendor/magento/framework/Setup/Patch/PatchApplier.php(165): Magento\Framework\Setup\Patch\PatchApplier->applyPatch()
#30 /var/www/html/setup/src/Magento/Setup/Model/Installer.php(1148): Magento\Framework\Setup\Patch\PatchApplier->applyDataPatch()
#31 /var/www/html/setup/src/Magento/Setup/Model/Installer.php(1020): Magento\Setup\Model\Installer->handleDBSchemaData()
#32 /var/www/html/setup/src/Magento/Setup/Console/Command/UpgradeCommand.php(167): Magento\Setup\Model\Installer->installDataFixtures()
#33 /var/www/html/vendor/symfony/console/Command/Command.php(341): Magento\Setup\Console\Command\UpgradeCommand->execute()
#34 /var/www/html/vendor/symfony/console/Application.php(1094): Symfony\Component\Console\Command\Command->run()
#35 /var/www/html/vendor/symfony/console/Application.php(356): Symfony\Component\Console\Application->doRunCommand()
#36 /var/www/html/vendor/magento/framework/Console/Cli.php(137): Symfony\Component\Console\Application->doRun()
#37 /var/www/html/vendor/symfony/console/Application.php(195): Magento\Framework\Console\Cli->doRun()
#38 /var/www/html/bin/magento(23): Symfony\Component\Console\Application->run()
#39 {main} {"exception":"[object] (Magento\\Framework\\Exception\\IntegrationException(code: 0): An error occurred during get media asset list: There is no such media asset with path \"wysiwyg/new/new-eco.jpg\" at /var/www/html/vendor/magento/module-media-gallery/Model/Asset/Command/GetByPath.php:103)
[previous exception] [object] (Magento\\Framework\\Exception\\NoSuchEntityException(code: 0): There is no such media asset with path \"wysiwyg/new/new-eco.jpg\" at /var/www/html/vendor/magento/module-media-gallery/Model/Asset/Command/GetByPath.php:81)"} []
[2026-07-30T04:14:00.324699+00:00] main.CRITICAL: Magento\Framework\Exception\NoSuchEntityException: There is no such media asset with path "wysiwyg/home/home-main.jpg" in /var/www/html/vendor/magento/module-media-gallery/Model/Asset/Command/GetByPath.php:81
Stack trace:
#0 /var/www/html/vendor/magento/module-media-content/Model/ExtractAssetsFromContent.php(88): Magento\MediaGallery\Model\Asset\Command\GetByPath->execute()
#1 /var/www/html/vendor/magento/module-media-content/Model/ExtractAssetsFromContent.php(70): Magento\MediaContent\Model\ExtractAssetsFromContent->getAssetsByPaths()
#2 /var/www/html/vendor/magento/module-media-content/Model/UpdateContentAssetLinks.php(109): Magento\MediaContent\Model\ExtractAssetsFromContent->execute()
#3 /var/www/html/vendor/magento/module-media-content/Model/UpdateContentAssetLinks.php(91): Magento\MediaContent\Model\UpdateContentAssetLinks->updateRelation()
#4 /var/www/html/vendor/magento/module-media-content-cms/Observer/Block.php(82): Magento\MediaContent\Model\UpdateContentAssetLinks->execute()
#5 /var/www/html/vendor/magento/framework/Event/Invoker/InvokerDefault.php(88): Magento\MediaContentCms\Observer\Block->execute()
#6 /var/www/html/vendor/magento/framework/Event/Invoker/InvokerDefault.php(74): Magento\Framework\Event\Invoker\InvokerDefault->_callObserverMethod()
#7 /var/www/html/vendor/magento/framework/Event/Manager.php(65): Magento\Framework\Event\Invoker\InvokerDefault->dispatch()
#8 /var/www/html/generated/code/Magento/Framework/Event/Manager/Proxy.php(105): Magento\Framework\Event\Manager->dispatch()
#9 /var/www/html/vendor/magento/framework/Model/AbstractModel.php(866): Magento\Framework\Event\Manager\Proxy->dispatch()
#10 /var/www/html/vendor/magento/framework/EntityManager/Observer/AfterEntitySave.php(34): Magento\Framework\Model\AbstractModel->afterSave()
#11 /var/www/html/vendor/magento/framework/Event/Invoker/InvokerDefault.php(88): Magento\Framework\EntityManager\Observer\AfterEntitySave->execute()
#12 /var/www/html/vendor/magento/framework/Event/Invoker/InvokerDefault.php(74): Magento\Framework\Event\Invoker\InvokerDefault->_callObserverMethod()
#13 /var/www/html/vendor/magento/framework/Event/Manager.php(65): Magento\Framework\Event\Invoker\InvokerDefault->dispatch()
#14 /var/www/html/generated/code/Magento/Framework/Event/Manager/Proxy.php(105): Magento\Framework\Event\Manager->dispatch()
#15 /var/www/html/vendor/magento/framework/EntityManager/EventManager.php(49): Magento\Framework\Event\Manager\Proxy->dispatch()
#16 /var/www/html/vendor/magento/framework/EntityManager/Operation/Create.php(123): Magento\Framework\EntityManager\EventManager->dispatchEntityEvent()
#17 /var/www/html/vendor/magento/framework/EntityManager/EntityManager.php(106): Magento\Framework\EntityManager\Operation\Create->execute()
#18 /var/www/html/vendor/magento/module-cms/Model/ResourceModel/Block.php(247): Magento\Framework\EntityManager\EntityManager->save()
#19 /var/www/html/vendor/magento/framework/Model/AbstractModel.php(682): Magento\Cms\Model\ResourceModel\Block->save()
#20 /var/www/html/vendor/magento/module-cms-sample-data/Model/Block.php(98): Magento\Framework\Model\AbstractModel->save()
#21 /var/www/html/vendor/magento/module-cms-sample-data/Model/Block.php(77): Magento\CmsSampleData\Model\Block->saveCmsBlock()
#22 /var/www/html/vendor/magento/module-cms-sample-data/Setup/Installer.php(60): Magento\CmsSampleData\Model\Block->install()
#23 [internal function]: Magento\CmsSampleData\Setup\Installer->install()
#24 /var/www/html/vendor/magento/framework/App/State.php(183): call_user_func_array()
#25 /var/www/html/generated/code/Magento/Framework/App/State/Interceptor.php(68): Magento\Framework\App\State->emulateAreaCode()
#26 /var/www/html/vendor/magento/framework/Setup/SampleData/Executor.php(54): Magento\Framework\App\State\Interceptor->emulateAreaCode()
#27 /var/www/html/vendor/magento/module-cms-sample-data/Setup/Patch/Data/InstallCmsSampleData.php(47): Magento\Framework\Setup\SampleData\Executor->exec()
#28 /var/www/html/vendor/magento/framework/Setup/Patch/PatchApplier.php(301): Magento\CmsSampleData\Setup\Patch\Data\InstallCmsSampleData->apply()
#29 /var/www/html/vendor/magento/framework/Setup/Patch/PatchApplier.php(165): Magento\Framework\Setup\Patch\PatchApplier->applyPatch()
#30 /var/www/html/setup/src/Magento/Setup/Model/Installer.php(1148): Magento\Framework\Setup\Patch\PatchApplier->applyDataPatch()
#31 /var/www/html/setup/src/Magento/Setup/Model/Installer.php(1020): Magento\Setup\Model\Installer->handleDBSchemaData()
#32 /var/www/html/setup/src/Magento/Setup/Console/Command/UpgradeCommand.php(167): Magento\Setup\Model\Installer->installDataFixtures()
#33 /var/www/html/vendor/symfony/console/Command/Command.php(341): Magento\Setup\Console\Command\UpgradeCommand->execute()
#34 /var/www/html/vendor/symfony/console/Application.php(1094): Symfony\Component\Console\Command\Command->run()
#35 /var/www/html/vendor/symfony/console/Application.php(356): Symfony\Component\Console\Application->doRunCommand()
#36 /var/www/html/vendor/magento/framework/Console/Cli.php(137): Symfony\Component\Console\Application->doRun()
#37 /var/www/html/vendor/symfony/console/Application.php(195): Magento\Framework\Console\Cli->doRun()
#38 /var/www/html/bin/magento(23): Symfony\Component\Console\Application->run()
#39 {main} {"exception":"[object] (Magento\\Framework\\Exception\\NoSuchEntityException(code: 0): There is no such media asset with path \"wysiwyg/home/home-main.jpg\" at /var/www/html/vendor/magento/module-media-gallery/Model/Asset/Command/GetByPath.php:81)"} []
[2026-07-30T04:14:00.324818+00:00] main.CRITICAL: Magento\Framework\Exception\NoSuchEntityException: There is no such media asset with path "wysiwyg/home/home-main.jpg" in /var/www/html/vendor/magento/module-media-gallery/Model/Asset/Command/GetByPath.php:81
Stack trace:
#0 /var/www/html/vendor/magento/module-media-content/Model/ExtractAssetsFromContent.php(88): Magento\MediaGallery\Model\Asset\Command\GetByPath->execute()
#1 /var/www/html/vendor/magento/module-media-content/Model/ExtractAssetsFromContent.php(70): Magento\MediaContent\Model\ExtractAssetsFromContent->getAssetsByPaths()
#2 /var/www/html/vendor/magento/module-media-content/Model/UpdateContentAssetLinks.php(109): Magento\MediaContent\Model\ExtractAssetsFromContent->execute()
#3 /var/www/html/vendor/magento/module-media-content/Model/UpdateContentAssetLinks.php(91): Magento\MediaContent\Model\UpdateContentAssetLinks->updateRelation()
#4 /var/www/html/vendor/magento/module-media-content-cms/Observer/Block.php(82): Magento\MediaContent\Model\UpdateContentAssetLinks->execute()
#5 /var/www/html/vendor/magento/framework/Event/Invoker/InvokerDefault.php(88): Magento\MediaContentCms\Observer\Block->execute()
#6 /var/www/html/vendor/magento/framework/Event/Invoker/InvokerDefault.php(74): Magento\Framework\Event\Invoker\InvokerDefault->_callObserverMethod()
#7 /var/www/html/vendor/magento/framework/Event/Manager.php(65): Magento\Framework\Event\Invoker\InvokerDefault->dispatch()
#8 /var/www/html/generated/code/Magento/Framework/Event/Manager/Proxy.php(105): Magento\Framework\Event\Manager->dispatch()
#9 /var/www/html/vendor/magento/framework/Model/AbstractModel.php(866): Magento\Framework\Event\Manager\Proxy->dispatch()
#10 /var/www/html/vendor/magento/framework/EntityManager/Observer/AfterEntitySave.php(34): Magento\Framework\Model\AbstractModel->afterSave()
#11 /var/www/html/vendor/magento/framework/Event/Invoker/InvokerDefault.php(88): Magento\Framework\EntityManager\Observer\AfterEntitySave->execute()
#12 /var/www/html/vendor/magento/framework/Event/Invoker/InvokerDefault.php(74): Magento\Framework\Event\Invoker\InvokerDefault->_callObserverMethod()
#13 /var/www/html/vendor/magento/framework/Event/Manager.php(65): Magento\Framework\Event\Invoker\InvokerDefault->dispatch()
#14 /var/www/html/generated/code/Magento/Framework/Event/Manager/Proxy.php(105): Magento\Framework\Event\Manager->dispatch()
#15 /var/www/html/vendor/magento/framework/EntityManager/EventManager.php(49): Magento\Framework\Event\Manager\Proxy->dispatch()
#16 /var/www/html/vendor/magento/framework/EntityManager/Operation/Create.php(123): Magento\Framework\EntityManager\EventManager->dispatchEntityEvent()
#17 /var/www/html/vendor/magento/framework/EntityManager/EntityManager.php(106): Magento\Framework\EntityManager\Operation\Create->execute()
#18 /var/www/html/vendor/magento/module-cms/Model/ResourceModel/Block.php(247): Magento\Framework\EntityManager\EntityManager->save()
#19 /var/www/html/vendor/magento/framework/Model/AbstractModel.php(682): Magento\Cms\Model\ResourceModel\Block->save()
#20 /var/www/html/vendor/magento/module-cms-sample-data/Model/Block.php(98): Magento\Framework\Model\AbstractModel->save()
#21 /var/www/html/vendor/magento/module-cms-sample-data/Model/Block.php(77): Magento\CmsSampleData\Model\Block->saveCmsBlock()
#22 /var/www/html/vendor/magento/module-cms-sample-data/Setup/Installer.php(60): Magento\CmsSampleData\Model\Block->install()
#23 [internal function]: Magento\CmsSampleData\Setup\Installer->install()
#24 /var/www/html/vendor/magento/framework/App/State.php(183): call_user_func_array()
#25 /var/www/html/generated/code/Magento/Framework/App/State/Interceptor.php(68): Magento\Framework\App\State->emulateAreaCode()
#26 /var/www/html/vendor/magento/framework/Setup/SampleData/Executor.php(54): Magento\Framework\App\State\Interceptor->emulateAreaCode()
#27 /var/www/html/vendor/magento/module-cms-sample-data/Setup/Patch/Data/InstallCmsSampleData.php(47): Magento\Framework\Setup\SampleData\Executor->exec()
#28 /var/www/html/vendor/magento/framework/Setup/Patch/PatchApplier.php(301): Magento\CmsSampleData\Setup\Patch\Data\InstallCmsSampleData->apply()
#29 /var/www/html/vendor/magento/framework/Setup/Patch/PatchApplier.php(165): Magento\Framework\Setup\Patch\PatchApplier->applyPatch()
#30 /var/www/html/setup/src/Magento/Setup/Model/Installer.php(1148): Magento\Framework\Setup\Patch\PatchApplier->applyDataPatch()
#31 /var/www/html/setup/src/Magento/Setup/Model/Installer.php(1020): Magento\Setup\Model\Installer->handleDBSchemaData()
#32 /var/www/html/setup/src/Magento/Setup/Console/Command/UpgradeCommand.php(167): Magento\Setup\Model\Installer->installDataFixtures()
#33 /var/www/html/vendor/symfony/console/Command/Command.php(341): Magento\Setup\Console\Command\UpgradeCommand->execute()
#34 /var/www/html/vendor/symfony/console/Application.php(1094): Symfony\Component\Console\Command\Command->run()
#35 /var/www/html/vendor/symfony/console/Application.php(356): Symfony\Component\Console\Application->doRunCommand()
#36 /var/www/html/vendor/magento/framework/Console/Cli.php(137): Symfony\Component\Console\Application->doRun()
#37 /var/www/html/vendor/symfony/console/Application.php(195): Magento\Framework\Console\Cli->doRun()
#38 /var/www/html/bin/magento(23): Symfony\Component\Console\Application->run()
#39 {main}

Next Magento\Framework\Exception\IntegrationException: An error occurred during get media asset list: There is no such media asset with path "wysiwyg/home/home-main.jpg" in /var/www/html/vendor/magento/module-media-gallery/Model/Asset/Command/GetByPath.php:103
Stack trace:
#0 /var/www/html/vendor/magento/module-media-content/Model/ExtractAssetsFromContent.php(88): Magento\MediaGallery\Model\Asset\Command\GetByPath->execute()
#1 /var/www/html/vendor/magento/module-media-content/Model/ExtractAssetsFromContent.php(70): Magento\MediaContent\Model\ExtractAssetsFromContent->getAssetsByPaths()
#2 /var/www/html/vendor/magento/module-media-content/Model/UpdateContentAssetLinks.php(109): Magento\MediaContent\Model\ExtractAssetsFromContent->execute()
#3 /var/www/html/vendor/magento/module-media-content/Model/UpdateContentAssetLinks.php(91): Magento\MediaContent\Model\UpdateContentAssetLinks->updateRelation()
#4 /var/www/html/vendor/magento/module-media-content-cms/Observer/Block.php(82): Magento\MediaContent\Model\UpdateContentAssetLinks->execute()
#5 /var/www/html/vendor/magento/framework/Event/Invoker/InvokerDefault.php(88): Magento\MediaContentCms\Observer\Block->execute()
#6 /var/www/html/vendor/magento/framework/Event/Invoker/InvokerDefault.php(74): Magento\Framework\Event\Invoker\InvokerDefault->_callObserverMethod()
#7 /var/www/html/vendor/magento/framework/Event/Manager.php(65): Magento\Framework\Event\Invoker\InvokerDefault->dispatch()
#8 /var/www/html/generated/code/Magento/Framework/Event/Manager/Proxy.php(105): Magento\Framework\Event\Manager->dispatch()
#9 /var/www/html/vendor/magento/framework/Model/AbstractModel.php(866): Magento\Framework\Event\Manager\Proxy->dispatch()
#10 /var/www/html/vendor/magento/framework/EntityManager/Observer/AfterEntitySave.php(34): Magento\Framework\Model\AbstractModel->afterSave()
#11 /var/www/html/vendor/magento/framework/Event/Invoker/InvokerDefault.php(88): Magento\Framework\EntityManager\Observer\AfterEntitySave->execute()
#12 /var/www/html/vendor/magento/framework/Event/Invoker/InvokerDefault.php(74): Magento\Framework\Event\Invoker\InvokerDefault->_callObserverMethod()
#13 /var/www/html/vendor/magento/framework/Event/Manager.php(65): Magento\Framework\Event\Invoker\InvokerDefault->dispatch()
#14 /var/www/html/generated/code/Magento/Framework/Event/Manager/Proxy.php(105): Magento\Framework\Event\Manager->dispatch()
#15 /var/www/html/vendor/magento/framework/EntityManager/EventManager.php(49): Magento\Framework\Event\Manager\Proxy->dispatch()
#16 /var/www/html/vendor/magento/framework/EntityManager/Operation/Create.php(123): Magento\Framework\EntityManager\EventManager->dispatchEntityEvent()
#17 /var/www/html/vendor/magento/framework/EntityManager/EntityManager.php(106): Magento\Framework\EntityManager\Operation\Create->execute()
#18 /var/www/html/vendor/magento/module-cms/Model/ResourceModel/Block.php(247): Magento\Framework\EntityManager\EntityManager->save()
#19 /var/www/html/vendor/magento/framework/Model/AbstractModel.php(682): Magento\Cms\Model\ResourceModel\Block->save()
#20 /var/www/html/vendor/magento/module-cms-sample-data/Model/Block.php(98): Magento\Framework\Model\AbstractModel->save()
#21 /var/www/html/vendor/magento/module-cms-sample-data/Model/Block.php(77): Magento\CmsSampleData\Model\Block->saveCmsBlock()
#22 /var/www/html/vendor/magento/module-cms-sample-data/Setup/Installer.php(60): Magento\CmsSampleData\Model\Block->install()
#23 [internal function]: Magento\CmsSampleData\Setup\Installer->install()
#24 /var/www/html/vendor/magento/framework/App/State.php(183): call_user_func_array()
#25 /var/www/html/generated/code/Magento/Framework/App/State/Interceptor.php(68): Magento\Framework\App\State->emulateAreaCode()
#26 /var/www/html/vendor/magento/framework/Setup/SampleData/Executor.php(54): Magento\Framework\App\State\Interceptor->emulateAreaCode()
#27 /var/www/html/vendor/magento/module-cms-sample-data/Setup/Patch/Data/InstallCmsSampleData.php(47): Magento\Framework\Setup\SampleData\Executor->exec()
#28 /var/www/html/vendor/magento/framework/Setup/Patch/PatchApplier.php(301): Magento\CmsSampleData\Setup\Patch\Data\InstallCmsSampleData->apply()
#29 /var/www/html/vendor/magento/framework/Setup/Patch/PatchApplier.php(165): Magento\Framework\Setup\Patch\PatchApplier->applyPatch()
#30 /var/www/html/setup/src/Magento/Setup/Model/Installer.php(1148): Magento\Framework\Setup\Patch\PatchApplier->applyDataPatch()
#31 /var/www/html/setup/src/Magento/Setup/Model/Installer.php(1020): Magento\Setup\Model\Installer->handleDBSchemaData()
#32 /var/www/html/setup/src/Magento/Setup/Console/Command/UpgradeCommand.php(167): Magento\Setup\Model\Installer->installDataFixtures()
#33 /var/www/html/vendor/symfony/console/Command/Command.php(341): Magento\Setup\Console\Command\UpgradeCommand->execute()
#34 /var/www/html/vendor/symfony/console/Application.php(1094): Symfony\Component\Console\Command\Command->run()
#35 /var/www/html/vendor/symfony/console/Application.php(356): Symfony\Component\Console\Application->doRunCommand()
#36 /var/www/html/vendor/magento/framework/Console/Cli.php(137): Symfony\Component\Console\Application->doRun()
#37 /var/www/html/vendor/symfony/console/Application.php(195): Magento\Framework\Console\Cli->doRun()
#38 /var/www/html/bin/magento(23): Symfony\Component\Console\Application->run()
#39 {main} {"exception":"[object] (Magento\\Framework\\Exception\\IntegrationException(code: 0): An error occurred during get media asset list: There is no such media asset with path \"wysiwyg/home/home-main.jpg\" at /var/www/html/vendor/magento/module-media-gallery/Model/Asset/Command/GetByPath.php:103)
[previous exception] [object] (Magento\\Framework\\Exception\\NoSuchEntityException(code: 0): There is no such media asset with path \"wysiwyg/home/home-main.jpg\" at /var/www/html/vendor/magento/module-media-gallery/Model/Asset/Command/GetByPath.php:81)"} []
[2026-07-30T04:14:00.325058+00:00] main.CRITICAL: Magento\Framework\Exception\NoSuchEntityException: There is no such media asset with path "wysiwyg/home/home-pants.jpg" in /var/www/html/vendor/magento/module-media-gallery/Model/Asset/Command/GetByPath.php:81
Stack trace:
#0 /var/www/html/vendor/magento/module-media-content/Model/ExtractAssetsFromContent.php(88): Magento\MediaGallery\Model\Asset\Command\GetByPath->execute()
#1 /var/www/html/vendor/magento/module-media-content/Model/ExtractAssetsFromContent.php(70): Magento\MediaContent\Model\ExtractAssetsFromContent->getAssetsByPaths()
#2 /var/www/html/vendor/magento/module-media-content/Model/UpdateContentAssetLinks.php(109): Magento\MediaContent\Model\ExtractAssetsFromContent->execute()
#3 /var/www/html/vendor/magento/module-media-content/Model/UpdateContentAssetLinks.php(91): Magento\MediaContent\Model\UpdateContentAssetLinks->updateRelation()
#4 /var/www/html/vendor/magento/module-media-content-cms/Observer/Block.php(82): Magento\MediaContent\Model\UpdateContentAssetLinks->execute()
#5 /var/www/html/vendor/magento/framework/Event/Invoker/InvokerDefault.php(88): Magento\MediaContentCms\Observer\Block->execute()
#6 /var/www/html/vendor/magento/framework/Event/Invoker/InvokerDefault.php(74): Magento\Framework\Event\Invoker\InvokerDefault->_callObserverMethod()
#7 /var/www/html/vendor/magento/framework/Event/Manager.php(65): Magento\Framework\Event\Invoker\InvokerDefault->dispatch()
#8 /var/www/html/generated/code/Magento/Framework/Event/Manager/Proxy.php(105): Magento\Framework\Event\Manager->dispatch()
#9 /var/www/html/vendor/magento/framework/Model/AbstractModel.php(866): Magento\Framework\Event\Manager\Proxy->dispatch()
#10 /var/www/html/vendor/magento/framework/EntityManager/Observer/AfterEntitySave.php(34): Magento\Framework\Model\AbstractModel->afterSave()
#11 /var/www/html/vendor/magento/framework/Event/Invoker/InvokerDefault.php(88): Magento\Framework\EntityManager\Observer\AfterEntitySave->execute()
#12 /var/www/html/vendor/magento/framework/Event/Invoker/InvokerDefault.php(74): Magento\Framework\Event\Invoker\InvokerDefault->_callObserverMethod()
#13 /var/www/html/vendor/magento/framework/Event/Manager.php(65): Magento\Framework\Event\Invoker\InvokerDefault->dispatch()
#14 /var/www/html/generated/code/Magento/Framework/Event/Manager/Proxy.php(105): Magento\Framework\Event\Manager->dispatch()
#15 /var/www/html/vendor/magento/framework/EntityManager/EventManager.php(49): Magento\Framework\Event\Manager\Proxy->dispatch()
#16 /var/www/html/vendor/magento/framework/EntityManager/Operation/Create.php(123): Magento\Framework\EntityManager\EventManager->dispatchEntityEvent()
#17 /var/www/html/vendor/magento/framework/EntityManager/EntityManager.php(106): Magento\Framework\EntityManager\Operation\Create->execute()
#18 /var/www/html/vendor/magento/module-cms/Model/ResourceModel/Block.php(247): Magento\Framework\EntityManager\EntityManager->save()
#19 /var/www/html/vendor/magento/framework/Model/AbstractModel.php(682): Magento\Cms\Model\ResourceModel\Block->save()
#20 /var/www/html/vendor/magento/module-cms-sample-data/Model/Block.php(98): Magento\Framework\Model\AbstractModel->save()
#21 /var/www/html/vendor/magento/module-cms-sample-data/Model/Block.php(77): Magento\CmsSampleData\Model\Block->saveCmsBlock()
#22 /var/www/html/vendor/magento/module-cms-sample-data/Setup/Installer.php(60): Magento\CmsSampleData\Model\Block->install()
#23 [internal function]: Magento\CmsSampleData\Setup\Installer->install()
#24 /var/www/html/vendor/magento/framework/App/State.php(183): call_user_func_array()
#25 /var/www/html/generated/code/Magento/Framework/App/State/Interceptor.php(68): Magento\Framework\App\State->emulateAreaCode()
#26 /var/www/html/vendor/magento/framework/Setup/SampleData/Executor.php(54): Magento\Framework\App\State\Interceptor->emulateAreaCode()
#27 /var/www/html/vendor/magento/module-cms-sample-data/Setup/Patch/Data/InstallCmsSampleData.php(47): Magento\Framework\Setup\SampleData\Executor->exec()
#28 /var/www/html/vendor/magento/framework/Setup/Patch/PatchApplier.php(301): Magento\CmsSampleData\Setup\Patch\Data\InstallCmsSampleData->apply()
#29 /var/www/html/vendor/magento/framework/Setup/Patch/PatchApplier.php(165): Magento\Framework\Setup\Patch\PatchApplier->applyPatch()
#30 /var/www/html/setup/src/Magento/Setup/Model/Installer.php(1148): Magento\Framework\Setup\Patch\PatchApplier->applyDataPatch()
#31 /var/www/html/setup/src/Magento/Setup/Model/Installer.php(1020): Magento\Setup\Model\Installer->handleDBSchemaData()
#32 /var/www/html/setup/src/Magento/Setup/Console/Command/UpgradeCommand.php(167): Magento\Setup\Model\Installer->installDataFixtures()
#33 /var/www/html/vendor/symfony/console/Command/Command.php(341): Magento\Setup\Console\Command\UpgradeCommand->execute()
#34 /var/www/html/vendor/symfony/console/Application.php(1094): Symfony\Component\Console\Command\Command->run()
#35 /var/www/html/vendor/symfony/console/Application.php(356): Symfony\Component\Console\Application->doRunCommand()
#36 /var/www/html/vendor/magento/framework/Console/Cli.php(137): Symfony\Component\Console\Application->doRun()
#37 /var/www/html/vendor/symfony/console/Application.php(195): Magento\Framework\Console\Cli->doRun()
#38 /var/www/html/bin/magento(23): Symfony\Component\Console\Application->run()
#39 {main} {"exception":"[object] (Magento\\Framework\\Exception\\NoSuchEntityException(code: 0): There is no such media asset with path \"wysiwyg/home/home-pants.jpg\" at /var/www/html/vendor/magento/module-media-gallery/Model/Asset/Command/GetByPath.php:81)"} []
[2026-07-30T04:14:00.325173+00:00] main.CRITICAL: Magento\Framework\Exception\NoSuchEntityException: There is no such media asset with path "wysiwyg/home/home-pants.jpg" in /var/www/html/vendor/magento/module-media-gallery/Model/Asset/Command/GetByPath.php:81
Stack trace:
#0 /var/www/html/vendor/magento/module-media-content/Model/ExtractAssetsFromContent.php(88): Magento\MediaGallery\Model\Asset\Command\GetByPath->execute()
#1 /var/www/html/vendor/magento/module-media-content/Model/ExtractAssetsFromContent.php(70): Magento\MediaContent\Model\ExtractAssetsFromContent->getAssetsByPaths()
#2 /var/www/html/vendor/magento/module-media-content/Model/UpdateContentAssetLinks.php(109): Magento\MediaContent\Model\ExtractAssetsFromContent->execute()
#3 /var/www/html/vendor/magento/module-media-content/Model/UpdateContentAssetLinks.php(91): Magento\MediaContent\Model\UpdateContentAssetLinks->updateRelation()
#4 /var/www/html/vendor/magento/module-media-content-cms/Observer/Block.php(82): Magento\MediaContent\Model\UpdateContentAssetLinks->execute()
#5 /var/www/html/vendor/magento/framework/Event/Invoker/InvokerDefault.php(88): Magento\MediaContentCms\Observer\Block->execute()
#6 /var/www/html/vendor/magento/framework/Event/Invoker/InvokerDefault.php(74): Magento\Framework\Event\Invoker\InvokerDefault->_callObserverMethod()
#7 /var/www/html/vendor/magento/framework/Event/Manager.php(65): Magento\Framework\Event\Invoker\InvokerDefault->dispatch()
#8 /var/www/html/generated/code/Magento/Framework/Event/Manager/Proxy.php(105): Magento\Framework\Event\Manager->dispatch()
#9 /var/www/html/vendor/magento/framework/Model/AbstractModel.php(866): Magento\Framework\Event\Manager\Proxy->dispatch()
#10 /var/www/html/vendor/magento/framework/EntityManager/Observer/AfterEntitySave.php(34): Magento\Framework\Model\AbstractModel->afterSave()
#11 /var/www/html/vendor/magento/framework/Event/Invoker/InvokerDefault.php(88): Magento\Framework\EntityManager\Observer\AfterEntitySave->execute()
#12 /var/www/html/vendor/magento/framework/Event/Invoker/InvokerDefault.php(74): Magento\Framework\Event\Invoker\InvokerDefault->_callObserverMethod()
#13 /var/www/html/vendor/magento/framework/Event/Manager.php(65): Magento\Framework\Event\Invoker\InvokerDefault->dispatch()
#14 /var/www/html/generated/code/Magento/Framework/Event/Manager/Proxy.php(105): Magento\Framework\Event\Manager->dispatch()
#15 /var/www/html/vendor/magento/framework/EntityManager/EventManager.php(49): Magento\Framework\Event\Manager\Proxy->dispatch()
#16 /var/www/html/vendor/magento/framework/EntityManager/Operation/Create.php(123): Magento\Framework\EntityManager\EventManager->dispatchEntityEvent()
#17 /var/www/html/vendor/magento/framework/EntityManager/EntityManager.php(106): Magento\Framework\EntityManager\Operation\Create->execute()
#18 /var/www/html/vendor/magento/module-cms/Model/ResourceModel/Block.php(247): Magento\Framework\EntityManager\EntityManager->save()
#19 /var/www/html/vendor/magento/framework/Model/AbstractModel.php(682): Magento\Cms\Model\ResourceModel\Block->save()
#20 /var/www/html/vendor/magento/module-cms-sample-data/Model/Block.php(98): Magento\Framework\Model\AbstractModel->save()
#21 /var/www/html/vendor/magento/module-cms-sample-data/Model/Block.php(77): Magento\CmsSampleData\Model\Block->saveCmsBlock()
#22 /var/www/html/vendor/magento/module-cms-sample-data/Setup/Installer.php(60): Magento\CmsSampleData\Model\Block->install()
#23 [internal function]: Magento\CmsSampleData\Setup\Installer->install()
#24 /var/www/html/vendor/magento/framework/App/State.php(183): call_user_func_array()
#25 /var/www/html/generated/code/Magento/Framework/App/State/Interceptor.php(68): Magento\Framework\App\State->emulateAreaCode()
#26 /var/www/html/vendor/magento/framework/Setup/SampleData/Executor.php(54): Magento\Framework\App\State\Interceptor->emulateAreaCode()
#27 /var/www/html/vendor/magento/module-cms-sample-data/Setup/Patch/Data/InstallCmsSampleData.php(47): Magento\Framework\Setup\SampleData\Executor->exec()
#28 /var/www/html/vendor/magento/framework/Setup/Patch/PatchApplier.php(301): Magento\CmsSampleData\Setup\Patch\Data\InstallCmsSampleData->apply()
#29 /var/www/html/vendor/magento/framework/Setup/Patch/PatchApplier.php(165): Magento\Framework\Setup\Patch\PatchApplier->applyPatch()
#30 /var/www/html/setup/src/Magento/Setup/Model/Installer.php(1148): Magento\Framework\Setup\Patch\PatchApplier->applyDataPatch()
#31 /var/www/html/setup/src/Magento/Setup/Model/Installer.php(1020): Magento\Setup\Model\Installer->handleDBSchemaData()
#32 /var/www/html/setup/src/Magento/Setup/Console/Command/UpgradeCommand.php(167): Magento\Setup\Model\Installer->installDataFixtures()
#33 /var/www/html/vendor/symfony/console/Command/Command.php(341): Magento\Setup\Console\Command\UpgradeCommand->execute()
#34 /var/www/html/vendor/symfony/console/Application.php(1094): Symfony\Component\Console\Command\Command->run()
#35 /var/www/html/vendor/symfony/console/Application.php(356): Symfony\Component\Console\Application->doRunCommand()
#36 /var/www/html/vendor/magento/framework/Console/Cli.php(137): Symfony\Component\Console\Application->doRun()
#37 /var/www/html/vendor/symfony/console/Application.php(195): Magento\Framework\Console\Cli->doRun()
#38 /var/www/html/bin/magento(23): Symfony\Component\Console\Application->run()
#39 {main}

Next Magento\Framework\Exception\IntegrationException: An error occurred during get media asset list: There is no such media asset with path "wysiwyg/home/home-pants.jpg" in /var/www/html/vendor/magento/module-media-gallery/Model/Asset/Command/GetByPath.php:103
Stack trace:
#0 /var/www/html/vendor/magento/module-media-content/Model/ExtractAssetsFromContent.php(88): Magento\MediaGallery\Model\Asset\Command\GetByPath->execute()
#1 /var/www/html/vendor/magento/module-media-content/Model/ExtractAssetsFromContent.php(70): Magento\MediaContent\Model\ExtractAssetsFromContent->getAssetsByPaths()
#2 /var/www/html/vendor/magento/module-media-content/Model/UpdateContentAssetLinks.php(109): Magento\MediaContent\Model\ExtractAssetsFromContent->execute()
#3 /var/www/html/vendor/magento/module-media-content/Model/UpdateContentAssetLinks.php(91): Magento\MediaContent\Model\UpdateContentAssetLinks->updateRelation()
#4 /var/www/html/vendor/magento/module-media-content-cms/Observer/Block.php(82): Magento\MediaContent\Model\UpdateContentAssetLinks->execute()
#5 /var/www/html/vendor/magento/framework/Event/Invoker/InvokerDefault.php(88): Magento\MediaContentCms\Observer\Block->execute()
#6 /var/www/html/vendor/magento/framework/Event/Invoker/InvokerDefault.php(74): Magento\Framework\Event\Invoker\InvokerDefault->_callObserverMethod()
#7 /var/www/html/vendor/magento/framework/Event/Manager.php(65): Magento\Framework\Event\Invoker\InvokerDefault->dispatch()
#8 /var/www/html/generated/code/Magento/Framework/Event/Manager/Proxy.php(105): Magento\Framework\Event\Manager->dispatch()
#9 /var/www/html/vendor/magento/framework/Model/AbstractModel.php(866): Magento\Framework\Event\Manager\Proxy->dispatch()
#10 /var/www/html/vendor/magento/framework/EntityManager/Observer/AfterEntitySave.php(34): Magento\Framework\Model\AbstractModel->afterSave()
#11 /var/www/html/vendor/magento/framework/Event/Invoker/InvokerDefault.php(88): Magento\Framework\EntityManager\Observer\AfterEntitySave->execute()
#12 /var/www/html/vendor/magento/framework/Event/Invoker/InvokerDefault.php(74): Magento\Framework\Event\Invoker\InvokerDefault->_callObserverMethod()
#13 /var/www/html/vendor/magento/framework/Event/Manager.php(65): Magento\Framework\Event\Invoker\InvokerDefault->dispatch()
#14 /var/www/html/generated/code/Magento/Framework/Event/Manager/Proxy.php(105): Magento\Framework\Event\Manager->dispatch()
#15 /var/www/html/vendor/magento/framework/EntityManager/EventManager.php(49): Magento\Framework\Event\Manager\Proxy->dispatch()
#16 /var/www/html/vendor/magento/framework/EntityManager/Operation/Create.php(123): Magento\Framework\EntityManager\EventManager->dispatchEntityEvent()
#17 /var/www/html/vendor/magento/framework/EntityManager/EntityManager.php(106): Magento\Framework\EntityManager\Operation\Create->execute()
#18 /var/www/html/vendor/magento/module-cms/Model/ResourceModel/Block.php(247): Magento\Framework\EntityManager\EntityManager->save()
#19 /var/www/html/vendor/magento/framework/Model/AbstractModel.php(682): Magento\Cms\Model\ResourceModel\Block->save()
#20 /var/www/html/vendor/magento/module-cms-sample-data/Model/Block.php(98): Magento\Framework\Model\AbstractModel->save()
#21 /var/www/html/vendor/magento/module-cms-sample-data/Model/Block.php(77): Magento\CmsSampleData\Model\Block->saveCmsBlock()
#22 /var/www/html/vendor/magento/module-cms-sample-data/Setup/Installer.php(60): Magento\CmsSampleData\Model\Block->install()
#23 [internal function]: Magento\CmsSampleData\Setup\Installer->install()
#24 /var/www/html/vendor/magento/framework/App/State.php(183): call_user_func_array()
#25 /var/www/html/generated/code/Magento/Framework/App/State/Interceptor.php(68): Magento\Framework\App\State->emulateAreaCode()
#26 /var/www/html/vendor/magento/framework/Setup/SampleData/Executor.php(54): Magento\Framework\App\State\Interceptor->emulateAreaCode()
#27 /var/www/html/vendor/magento/module-cms-sample-data/Setup/Patch/Data/InstallCmsSampleData.php(47): Magento\Framework\Setup\SampleData\Executor->exec()
#28 /var/www/html/vendor/magento/framework/Setup/Patch/PatchApplier.php(301): Magento\CmsSampleData\Setup\Patch\Data\InstallCmsSampleData->apply()
#29 /var/www/html/vendor/magento/framework/Setup/Patch/PatchApplier.php(165): Magento\Framework\Setup\Patch\PatchApplier->applyPatch()
#30 /var/www/html/setup/src/Magento/Setup/Model/Installer.php(1148): Magento\Framework\Setup\Patch\PatchApplier->applyDataPatch()
#31 /var/www/html/setup/src/Magento/Setup/Model/Installer.php(1020): Magento\Setup\Model\Installer->handleDBSchemaData()
#32 /var/www/html/setup/src/Magento/Setup/Console/Command/UpgradeCommand.php(167): Magento\Setup\Model\Installer->installDataFixtures()
#33 /var/www/html/vendor/symfony/console/Command/Command.php(341): Magento\Setup\Console\Command\UpgradeCommand->execute()
#34 /var/www/html/vendor/symfony/console/Application.php(1094): Symfony\Component\Console\Command\Command->run()
#35 /var/www/html/vendor/symfony/console/Application.php(356): Symfony\Component\Console\Application->doRunCommand()
#36 /var/www/html/vendor/magento/framework/Console/Cli.php(137): Symfony\Component\Console\Application->doRun()
#37 /var/www/html/vendor/symfony/console/Application.php(195): Magento\Framework\Console\Cli->doRun()
#38 /var/www/html/bin/magento(23): Symfony\Component\Console\Application->run()
#39 {main} {"exception":"[object] (Magento\\Framework\\Exception\\IntegrationException(code: 0): An error occurred during get media asset list: There is no such media asset with path \"wysiwyg/home/home-pants.jpg\" at /var/www/html/vendor/magento/module-media-gallery/Model/Asset/Command/GetByPath.php:103)
[previous exception] [object] (Magento\\Framework\\Exception\\NoSuchEntityException(code: 0): There is no such media asset with path \"wysiwyg/home/home-pants.jpg\" at /var/www/html/vendor/magento/module-media-gallery/Model/Asset/Command/GetByPath.php:81)"} []
[2026-07-30T04:14:00.325392+00:00] main.CRITICAL: Magento\Framework\Exception\NoSuchEntityException: There is no such media asset with path "wysiwyg/home/home-t-shirts.png" in /var/www/html/vendor/magento/module-media-gallery/Model/Asset/Command/GetByPath.php:81
Stack trace:
#0 /var/www/html/vendor/magento/module-media-content/Model/ExtractAssetsFromContent.php(88): Magento\MediaGallery\Model\Asset\Command\GetByPath->execute()
#1 /var/www/html/vendor/magento/module-media-content/Model/ExtractAssetsFromContent.php(70): Magento\MediaContent\Model\ExtractAssetsFromContent->getAssetsByPaths()
#2 /var/www/html/vendor/magento/module-media-content/Model/UpdateContentAssetLinks.php(109): Magento\MediaContent\Model\ExtractAssetsFromContent->execute()
#3 /var/www/html/vendor/magento/module-media-content/Model/UpdateContentAssetLinks.php(91): Magento\MediaContent\Model\UpdateContentAssetLinks->updateRelation()
#4 /var/www/html/vendor/magento/module-media-content-cms/Observer/Block.php(82): Magento\MediaContent\Model\UpdateContentAssetLinks->execute()
#5 /var/www/html/vendor/magento/framework/Event/Invoker/InvokerDefault.php(88): Magento\MediaContentCms\Observer\Block->execute()
#6 /var/www/html/vendor/magento/framework/Event/Invoker/InvokerDefault.php(74): Magento\Framework\Event\Invoker\InvokerDefault->_callObserverMethod()
#7 /var/www/html/vendor/magento/framework/Event/Manager.php(65): Magento\Framework\Event\Invoker\InvokerDefault->dispatch()
#8 /var/www/html/generated/code/Magento/Framework/Event/Manager/Proxy.php(105): Magento\Framework\Event\Manager->dispatch()
#9 /var/www/html/vendor/magento/framework/Model/AbstractModel.php(866): Magento\Framework\Event\Manager\Proxy->dispatch()
#10 /var/www/html/vendor/magento/framework/EntityManager/Observer/AfterEntitySave.php(34): Magento\Framework\Model\AbstractModel->afterSave()
#11 /var/www/html/vendor/magento/framework/Event/Invoker/InvokerDefault.php(88): Magento\Framework\EntityManager\Observer\AfterEntitySave->execute()
#12 /var/www/html/vendor/magento/framework/Event/Invoker/InvokerDefault.php(74): Magento\Framework\Event\Invoker\InvokerDefault->_callObserverMethod()
#13 /var/www/html/vendor/magento/framework/Event/Manager.php(65): Magento\Framework\Event\Invoker\InvokerDefault->dispatch()
#14 /var/www/html/generated/code/Magento/Framework/Event/Manager/Proxy.php(105): Magento\Framework\Event\Manager->dispatch()
#15 /var/www/html/vendor/magento/framework/EntityManager/EventManager.php(49): Magento\Framework\Event\Manager\Proxy->dispatch()
#16 /var/www/html/vendor/magento/framework/EntityManager/Operation/Create.php(123): Magento\Framework\EntityManager\EventManager->dispatchEntityEvent()
#17 /var/www/html/vendor/magento/framework/EntityManager/EntityManager.php(106): Magento\Framework\EntityManager\Operation\Create->execute()
#18 /var/www/html/vendor/magento/module-cms/Model/ResourceModel/Block.php(247): Magento\Framework\EntityManager\EntityManager->save()
#19 /var/www/html/vendor/magento/framework/Model/AbstractModel.php(682): Magento\Cms\Model\ResourceModel\Block->save()
#20 /var/www/html/vendor/magento/module-cms-sample-data/Model/Block.php(98): Magento\Framework\Model\AbstractModel->save()
#21 /var/www/html/vendor/magento/module-cms-sample-data/Model/Block.php(77): Magento\CmsSampleData\Model\Block->saveCmsBlock()
#22 /var/www/html/vendor/magento/module-cms-sample-data/Setup/Installer.php(60): Magento\CmsSampleData\Model\Block->install()
#23 [internal function]: Magento\CmsSampleData\Setup\Installer->install()
#24 /var/www/html/vendor/magento/framework/App/State.php(183): call_user_func_array()
#25 /var/www/html/generated/code/Magento/Framework/App/State/Interceptor.php(68): Magento\Framework\App\State->emulateAreaCode()
#26 /var/www/html/vendor/magento/framework/Setup/SampleData/Executor.php(54): Magento\Framework\App\State\Interceptor->emulateAreaCode()
#27 /var/www/html/vendor/magento/module-cms-sample-data/Setup/Patch/Data/InstallCmsSampleData.php(47): Magento\Framework\Setup\SampleData\Executor->exec()
#28 /var/www/html/vendor/magento/framework/Setup/Patch/PatchApplier.php(301): Magento\CmsSampleData\Setup\Patch\Data\InstallCmsSampleData->apply()
#29 /var/www/html/vendor/magento/framework/Setup/Patch/PatchApplier.php(165): Magento\Framework\Setup\Patch\PatchApplier->applyPatch()
#30 /var/www/html/setup/src/Magento/Setup/Model/Installer.php(1148): Magento\Framework\Setup\Patch\PatchApplier->applyDataPatch()
#31 /var/www/html/setup/src/Magento/Setup/Model/Installer.php(1020): Magento\Setup\Model\Installer->handleDBSchemaData()
#32 /var/www/html/setup/src/Magento/Setup/Console/Command/UpgradeCommand.php(167): Magento\Setup\Model\Installer->installDataFixtures()
#33 /var/www/html/vendor/symfony/console/Command/Command.php(341): Magento\Setup\Console\Command\UpgradeCommand->execute()
#34 /var/www/html/vendor/symfony/console/Application.php(1094): Symfony\Component\Console\Command\Command->run()
#35 /var/www/html/vendor/symfony/console/Application.php(356): Symfony\Component\Console\Application->doRunCommand()
#36 /var/www/html/vendor/magento/framework/Console/Cli.php(137): Symfony\Component\Console\Application->doRun()
#37 /var/www/html/vendor/symfony/console/Application.php(195): Magento\Framework\Console\Cli->doRun()
#38 /var/www/html/bin/magento(23): Symfony\Component\Console\Application->run()
#39 {main} {"exception":"[object] (Magento\\Framework\\Exception\\NoSuchEntityException(code: 0): There is no such media asset with path \"wysiwyg/home/home-t-shirts.png\" at /var/www/html/vendor/magento/module-media-gallery/Model/Asset/Command/GetByPath.php:81)"} []
[2026-07-30T04:14:00.325508+00:00] main.CRITICAL: Magento\Framework\Exception\NoSuchEntityException: There is no such media asset with path "wysiwyg/home/home-t-shirts.png" in /var/www/html/vendor/magento/module-media-gallery/Model/Asset/Command/GetByPath.php:81
Stack trace:
#0 /var/www/html/vendor/magento/module-media-content/Model/ExtractAssetsFromContent.php(88): Magento\MediaGallery\Model\Asset\Command\GetByPath->execute()
#1 /var/www/html/vendor/magento/module-media-content/Model/ExtractAssetsFromContent.php(70): Magento\MediaContent\Model\ExtractAssetsFromContent->getAssetsByPaths()
#2 /var/www/html/vendor/magento/module-media-content/Model/UpdateContentAssetLinks.php(109): Magento\MediaContent\Model\ExtractAssetsFromContent->execute()
#3 /var/www/html/vendor/magento/module-media-content/Model/UpdateContentAssetLinks.php(91): Magento\MediaContent\Model\UpdateContentAssetLinks->updateRelation()
#4 /var/www/html/vendor/magento/module-media-content-cms/Observer/Block.php(82): Magento\MediaContent\Model\UpdateContentAssetLinks->execute()
#5 /var/www/html/vendor/magento/framework/Event/Invoker/InvokerDefault.php(88): Magento\MediaContentCms\Observer\Block->execute()
#6 /var/www/html/vendor/magento/framework/Event/Invoker/InvokerDefault.php(74): Magento\Framework\Event\Invoker\InvokerDefault->_callObserverMethod()
#7 /var/www/html/vendor/magento/framework/Event/Manager.php(65): Magento\Framework\Event\Invoker\InvokerDefault->dispatch()
#8 /var/www/html/generated/code/Magento/Framework/Event/Manager/Proxy.php(105): Magento\Framework\Event\Manager->dispatch()
#9 /var/www/html/vendor/magento/framework/Model/AbstractModel.php(866): Magento\Framework\Event\Manager\Proxy->dispatch()
#10 /var/www/html/vendor/magento/framework/EntityManager/Observer/AfterEntitySave.php(34): Magento\Framework\Model\AbstractModel->afterSave()
#11 /var/www/html/vendor/magento/framework/Event/Invoker/InvokerDefault.php(88): Magento\Framework\EntityManager\Observer\AfterEntitySave->execute()
#12 /var/www/html/vendor/magento/framework/Event/Invoker/InvokerDefault.php(74): Magento\Framework\Event\Invoker\InvokerDefault->_callObserverMethod()
#13 /var/www/html/vendor/magento/framework/Event/Manager.php(65): Magento\Framework\Event\Invoker\InvokerDefault->dispatch()
#14 /var/www/html/generated/code/Magento/Framework/Event/Manager/Proxy.php(105): Magento\Framework\Event\Manager->dispatch()
#15 /var/www/html/vendor/magento/framework/EntityManager/EventManager.php(49): Magento\Framework\Event\Manager\Proxy->dispatch()
#16 /var/www/html/vendor/magento/framework/EntityManager/Operation/Create.php(123): Magento\Framework\EntityManager\EventManager->dispatchEntityEvent()
#17 /var/www/html/vendor/magento/framework/EntityManager/EntityManager.php(106): Magento\Framework\EntityManager\Operation\Create->execute()
#18 /var/www/html/vendor/magento/module-cms/Model/ResourceModel/Block.php(247): Magento\Framework\EntityManager\EntityManager->save()
#19 /var/www/html/vendor/magento/framework/Model/AbstractModel.php(682): Magento\Cms\Model\ResourceModel\Block->save()
#20 /var/www/html/vendor/magento/module-cms-sample-data/Model/Block.php(98): Magento\Framework\Model\AbstractModel->save()
#21 /var/www/html/vendor/magento/module-cms-sample-data/Model/Block.php(77): Magento\CmsSampleData\Model\Block->saveCmsBlock()
#22 /var/www/html/vendor/magento/module-cms-sample-data/Setup/Installer.php(60): Magento\CmsSampleData\Model\Block->install()
#23 [internal function]: Magento\CmsSampleData\Setup\Installer->install()
#24 /var/www/html/vendor/magento/framework/App/State.php(183): call_user_func_array()
#25 /var/www/html/generated/code/Magento/Framework/App/State/Interceptor.php(68): Magento\Framework\App\State->emulateAreaCode()
#26 /var/www/html/vendor/magento/framework/Setup/SampleData/Executor.php(54): Magento\Framework\App\State\Interceptor->emulateAreaCode()
#27 /var/www/html/vendor/magento/module-cms-sample-data/Setup/Patch/Data/InstallCmsSampleData.php(47): Magento\Framework\Setup\SampleData\Executor->exec()
#28 /var/www/html/vendor/magento/framework/Setup/Patch/PatchApplier.php(301): Magento\CmsSampleData\Setup\Patch\Data\InstallCmsSampleData->apply()
#29 /var/www/html/vendor/magento/framework/Setup/Patch/PatchApplier.php(165): Magento\Framework\Setup\Patch\PatchApplier->applyPatch()
#30 /var/www/html/setup/src/Magento/Setup/Model/Installer.php(1148): Magento\Framework\Setup\Patch\PatchApplier->applyDataPatch()
#31 /var/www/html/setup/src/Magento/Setup/Model/Installer.php(1020): Magento\Setup\Model\Installer->handleDBSchemaData()
#32 /var/www/html/setup/src/Magento/Setup/Console/Command/UpgradeCommand.php(167): Magento\Setup\Model\Installer->installDataFixtures()
#33 /var/www/html/vendor/symfony/console/Command/Command.php(341): Magento\Setup\Console\Command\UpgradeCommand->execute()
#34 /var/www/html/vendor/symfony/console/Application.php(1094): Symfony\Component\Console\Command\Command->run()
#35 /var/www/html/vendor/symfony/console/Application.php(356): Symfony\Component\Console\Application->doRunCommand()
#36 /var/www/html/vendor/magento/framework/Console/Cli.php(137): Symfony\Component\Console\Application->doRun()
#37 /var/www/html/vendor/symfony/console/Application.php(195): Magento\Framework\Console\Cli->doRun()
#38 /var/www/html/bin/magento(23): Symfony\Component\Console\Application->run()
#39 {main}

Next Magento\Framework\Exception\IntegrationException: An error occurred during get media asset list: There is no such media asset with path "wysiwyg/home/home-t-shirts.png" in /var/www/html/vendor/magento/module-media-gallery/Model/Asset/Command/GetByPath.php:103
Stack trace:
#0 /var/www/html/vendor/magento/module-media-content/Model/ExtractAssetsFromContent.php(88): Magento\MediaGallery\Model\Asset\Command\GetByPath->execute()
#1 /var/www/html/vendor/magento/module-media-content/Model/ExtractAssetsFromContent.php(70): Magento\MediaContent\Model\ExtractAssetsFromContent->getAssetsByPaths()
#2 /var/www/html/vendor/magento/module-media-content/Model/UpdateContentAssetLinks.php(109): Magento\MediaContent\Model\ExtractAssetsFromContent->execute()
#3 /var/www/html/vendor/magento/module-media-content/Model/UpdateContentAssetLinks.php(91): Magento\MediaContent\Model\UpdateContentAssetLinks->updateRelation()
#4 /var/www/html/vendor/magento/module-media-content-cms/Observer/Block.php(82): Magento\MediaContent\Model\UpdateContentAssetLinks->execute()
#5 /var/www/html/vendor/magento/framework/Event/Invoker/InvokerDefault.php(88): Magento\MediaContentCms\Observer\Block->execute()
#6 /var/www/html/vendor/magento/framework/Event/Invoker/InvokerDefault.php(74): Magento\Framework\Event\Invoker\InvokerDefault->_callObserverMethod()
#7 /var/www/html/vendor/magento/framework/Event/Manager.php(65): Magento\Framework\Event\Invoker\InvokerDefault->dispatch()
#8 /var/www/html/generated/code/Magento/Framework/Event/Manager/Proxy.php(105): Magento\Framework\Event\Manager->dispatch()
#9 /var/www/html/vendor/magento/framework/Model/AbstractModel.php(866): Magento\Framework\Event\Manager\Proxy->dispatch()
#10 /var/www/html/vendor/magento/framework/EntityManager/Observer/AfterEntitySave.php(34): Magento\Framework\Model\AbstractModel->afterSave()
#11 /var/www/html/vendor/magento/framework/Event/Invoker/InvokerDefault.php(88): Magento\Framework\EntityManager\Observer\AfterEntitySave->execute()
#12 /var/www/html/vendor/magento/framework/Event/Invoker/InvokerDefault.php(74): Magento\Framework\Event\Invoker\InvokerDefault->_callObserverMethod()
#13 /var/www/html/vendor/magento/framework/Event/Manager.php(65): Magento\Framework\Event\Invoker\InvokerDefault->dispatch()
#14 /var/www/html/generated/code/Magento/Framework/Event/Manager/Proxy.php(105): Magento\Framework\Event\Manager->dispatch()
#15 /var/www/html/vendor/magento/framework/EntityManager/EventManager.php(49): Magento\Framework\Event\Manager\Proxy->dispatch()
#16 /var/www/html/vendor/magento/framework/EntityManager/Operation/Create.php(123): Magento\Framework\EntityManager\EventManager->dispatchEntityEvent()
#17 /var/www/html/vendor/magento/framework/EntityManager/EntityManager.php(106): Magento\Framework\EntityManager\Operation\Create->execute()
#18 /var/www/html/vendor/magento/module-cms/Model/ResourceModel/Block.php(247): Magento\Framework\EntityManager\EntityManager->save()
#19 /var/www/html/vendor/magento/framework/Model/AbstractModel.php(682): Magento\Cms\Model\ResourceModel\Block->save()
#20 /var/www/html/vendor/magento/module-cms-sample-data/Model/Block.php(98): Magento\Framework\Model\AbstractModel->save()
#21 /var/www/html/vendor/magento/module-cms-sample-data/Model/Block.php(77): Magento\CmsSampleData\Model\Block->saveCmsBlock()
#22 /var/www/html/vendor/magento/module-cms-sample-data/Setup/Installer.php(60): Magento\CmsSampleData\Model\Block->install()
#23 [internal function]: Magento\CmsSampleData\Setup\Installer->install()
#24 /var/www/html/vendor/magento/framework/App/State.php(183): call_user_func_array()
#25 /var/www/html/generated/code/Magento/Framework/App/State/Interceptor.php(68): Magento\Framework\App\State->emulateAreaCode()
#26 /var/www/html/vendor/magento/framework/Setup/SampleData/Executor.php(54): Magento\Framework\App\State\Interceptor->emulateAreaCode()
#27 /var/www/html/vendor/magento/module-cms-sample-data/Setup/Patch/Data/InstallCmsSampleData.php(47): Magento\Framework\Setup\SampleData\Executor->exec()
#28 /var/www/html/vendor/magento/framework/Setup/Patch/PatchApplier.php(301): Magento\CmsSampleData\Setup\Patch\Data\InstallCmsSampleData->apply()
#29 /var/www/html/vendor/magento/framework/Setup/Patch/PatchApplier.php(165): Magento\Framework\Setup\Patch\PatchApplier->applyPatch()
#30 /var/www/html/setup/src/Magento/Setup/Model/Installer.php(1148): Magento\Framework\Setup\Patch\PatchApplier->applyDataPatch()
#31 /var/www/html/setup/src/Magento/Setup/Model/Installer.php(1020): Magento\Setup\Model\Installer->handleDBSchemaData()
#32 /var/www/html/setup/src/Magento/Setup/Console/Command/UpgradeCommand.php(167): Magento\Setup\Model\Installer->installDataFixtures()
#33 /var/www/html/vendor/symfony/console/Command/Command.php(341): Magento\Setup\Console\Command\UpgradeCommand->execute()
#34 /var/www/html/vendor/symfony/console/Application.php(1094): Symfony\Component\Console\Command\Command->run()
#35 /var/www/html/vendor/symfony/console/Application.php(356): Symfony\Component\Console\Application->doRunCommand()
#36 /var/www/html/vendor/magento/framework/Console/Cli.php(137): Symfony\Component\Console\Application->doRun()
#37 /var/www/html/vendor/symfony/console/Application.php(195): Magento\Framework\Console\Cli->doRun()
#38 /var/www/html/bin/magento(23): Symfony\Component\Console\Application->run()
#39 {main} {"exception":"[object] (Magento\\Framework\\Exception\\IntegrationException(code: 0): An error occurred during get media asset list: There is no such media asset with path \"wysiwyg/home/home-t-shirts.png\" at /var/www/html/vendor/magento/module-media-gallery/Model/Asset/Command/GetByPath.php:103)
[previous exception] [object] (Magento\\Framework\\Exception\\NoSuchEntityException(code: 0): There is no such media asset with path \"wysiwyg/home/home-t-shirts.png\" at /var/www/html/vendor/magento/module-media-gallery/Model/Asset/Command/GetByPath.php:81)"} []
[2026-07-30T04:14:00.325747+00:00] main.CRITICAL: Magento\Framework\Exception\NoSuchEntityException: There is no such media asset with path "wysiwyg/home/home-erin.jpg" in /var/www/html/vendor/magento/module-media-gallery/Model/Asset/Command/GetByPath.php:81
Stack trace:
#0 /var/www/html/vendor/magento/module-media-content/Model/ExtractAssetsFromContent.php(88): Magento\MediaGallery\Model\Asset\Command\GetByPath->execute()
#1 /var/www/html/vendor/magento/module-media-content/Model/ExtractAssetsFromContent.php(70): Magento\MediaContent\Model\ExtractAssetsFromContent->getAssetsByPaths()
#2 /var/www/html/vendor/magento/module-media-content/Model/UpdateContentAssetLinks.php(109): Magento\MediaContent\Model\ExtractAssetsFromContent->execute()
#3 /var/www/html/vendor/magento/module-media-content/Model/UpdateContentAssetLinks.php(91): Magento\MediaContent\Model\UpdateContentAssetLinks->updateRelation()
#4 /var/www/html/vendor/magento/module-media-content-cms/Observer/Block.php(82): Magento\MediaContent\Model\UpdateContentAssetLinks->execute()
#5 /var/www/html/vendor/magento/framework/Event/Invoker/InvokerDefault.php(88): Magento\MediaContentCms\Observer\Block->execute()
#6 /var/www/html/vendor/magento/framework/Event/Invoker/InvokerDefault.php(74): Magento\Framework\Event\Invoker\InvokerDefault->_callObserverMethod()
#7 /var/www/html/vendor/magento/framework/Event/Manager.php(65): Magento\Framework\Event\Invoker\InvokerDefault->dispatch()
#8 /var/www/html/generated/code/Magento/Framework/Event/Manager/Proxy.php(105): Magento\Framework\Event\Manager->dispatch()
#9 /var/www/html/vendor/magento/framework/Model/AbstractModel.php(866): Magento\Framework\Event\Manager\Proxy->dispatch()
#10 /var/www/html/vendor/magento/framework/EntityManager/Observer/AfterEntitySave.php(34): Magento\Framework\Model\AbstractModel->afterSave()
#11 /var/www/html/vendor/magento/framework/Event/Invoker/InvokerDefault.php(88): Magento\Framework\EntityManager\Observer\AfterEntitySave->execute()
#12 /var/www/html/vendor/magento/framework/Event/Invoker/InvokerDefault.php(74): Magento\Framework\Event\Invoker\InvokerDefault->_callObserverMethod()
#13 /var/www/html/vendor/magento/framework/Event/Manager.php(65): Magento\Framework\Event\Invoker\InvokerDefault->dispatch()
#14 /var/www/html/generated/code/Magento/Framework/Event/Manager/Proxy.php(105): Magento\Framework\Event\Manager->dispatch()
#15 /var/www/html/vendor/magento/framework/EntityManager/EventManager.php(49): Magento\Framework\Event\Manager\Proxy->dispatch()
#16 /var/www/html/vendor/magento/framework/EntityManager/Operation/Create.php(123): Magento\Framework\EntityManager\EventManager->dispatchEntityEvent()
#17 /var/www/html/vendor/magento/framework/EntityManager/EntityManager.php(106): Magento\Framework\EntityManager\Operation\Create->execute()
#18 /var/www/html/vendor/magento/module-cms/Model/ResourceModel/Block.php(247): Magento\Framework\EntityManager\EntityManager->save()
#19 /var/www/html/vendor/magento/framework/Model/AbstractModel.php(682): Magento\Cms\Model\ResourceModel\Block->save()
#20 /var/www/html/vendor/magento/module-cms-sample-data/Model/Block.php(98): Magento\Framework\Model\AbstractModel->save()
#21 /var/www/html/vendor/magento/module-cms-sample-data/Model/Block.php(77): Magento\CmsSampleData\Model\Block->saveCmsBlock()
#22 /var/www/html/vendor/magento/module-cms-sample-data/Setup/Installer.php(60): Magento\CmsSampleData\Model\Block->install()
#23 [internal function]: Magento\CmsSampleData\Setup\Installer->install()
#24 /var/www/html/vendor/magento/framework/App/State.php(183): call_user_func_array()
#25 /var/www/html/generated/code/Magento/Framework/App/State/Interceptor.php(68): Magento\Framework\App\State->emulateAreaCode()
#26 /var/www/html/vendor/magento/framework/Setup/SampleData/Executor.php(54): Magento\Framework\App\State\Interceptor->emulateAreaCode()
#27 /var/www/html/vendor/magento/module-cms-sample-data/Setup/Patch/Data/InstallCmsSampleData.php(47): Magento\Framework\Setup\SampleData\Executor->exec()
#28 /var/www/html/vendor/magento/framework/Setup/Patch/PatchApplier.php(301): Magento\CmsSampleData\Setup\Patch\Data\InstallCmsSampleData->apply()
#29 /var/www/html/vendor/magento/framework/Setup/Patch/PatchApplier.php(165): Magento\Framework\Setup\Patch\PatchApplier->applyPatch()
#30 /var/www/html/setup/src/Magento/Setup/Model/Installer.php(1148): Magento\Framework\Setup\Patch\PatchApplier->applyDataPatch()
#31 /var/www/html/setup/src/Magento/Setup/Model/Installer.php(1020): Magento\Setup\Model\Installer->handleDBSchemaData()
#32 /var/www/html/setup/src/Magento/Setup/Console/Command/UpgradeCommand.php(167): Magento\Setup\Model\Installer->installDataFixtures()
#33 /var/www/html/vendor/symfony/console/Command/Command.php(341): Magento\Setup\Console\Command\UpgradeCommand->execute()
#34 /var/www/html/vendor/symfony/console/Application.php(1094): Symfony\Component\Console\Command\Command->run()
#35 /var/www/html/vendor/symfony/console/Application.php(356): Symfony\Component\Console\Application->doRunCommand()
#36 /var/www/html/vendor/magento/framework/Console/Cli.php(137): Symfony\Component\Console\Application->doRun()
#37 /var/www/html/vendor/symfony/console/Application.php(195): Magento\Framework\Console\Cli->doRun()
#38 /var/www/html/bin/magento(23): Symfony\Component\Console\Application->run()
#39 {main} {"exception":"[object] (Magento\\Framework\\Exception\\NoSuchEntityException(code: 0): There is no such media asset with path \"wysiwyg/home/home-erin.jpg\" at /var/www/html/vendor/magento/module-media-gallery/Model/Asset/Command/GetByPath.php:81)"} []
[2026-07-30T04:14:00.325854+00:00] main.CRITICAL: Magento\Framework\Exception\NoSuchEntityException: There is no such media asset with path "wysiwyg/home/home-erin.jpg" in /var/www/html/vendor/magento/module-media-gallery/Model/Asset/Command/GetByPath.php:81
Stack trace:
#0 /var/www/html/vendor/magento/module-media-content/Model/ExtractAssetsFromContent.php(88): Magento\MediaGallery\Model\Asset\Command\GetByPath->execute()
#1 /var/www/html/vendor/magento/module-media-content/Model/ExtractAssetsFromContent.php(70): Magento\MediaContent\Model\ExtractAssetsFromContent->getAssetsByPaths()
#2 /var/www/html/vendor/magento/module-media-content/Model/UpdateContentAssetLinks.php(109): Magento\MediaContent\Model\ExtractAssetsFromContent->execute()
#3 /var/www/html/vendor/magento/module-media-content/Model/UpdateContentAssetLinks.php(91): Magento\MediaContent\Model\UpdateContentAssetLinks->updateRelation()
#4 /var/www/html/vendor/magento/module-media-content-cms/Observer/Block.php(82): Magento\MediaContent\Model\UpdateContentAssetLinks->execute()
#5 /var/www/html/vendor/magento/framework/Event/Invoker/InvokerDefault.php(88): Magento\MediaContentCms\Observer\Block->execute()
#6 /var/www/html/vendor/magento/framework/Event/Invoker/InvokerDefault.php(74): Magento\Framework\Event\Invoker\InvokerDefault->_callObserverMethod()
#7 /var/www/html/vendor/magento/framework/Event/Manager.php(65): Magento\Framework\Event\Invoker\InvokerDefault->dispatch()
#8 /var/www/html/generated/code/Magento/Framework/Event/Manager/Proxy.php(105): Magento\Framework\Event\Manager->dispatch()
#9 /var/www/html/vendor/magento/framework/Model/AbstractModel.php(866): Magento\Framework\Event\Manager\Proxy->dispatch()
#10 /var/www/html/vendor/magento/framework/EntityManager/Observer/AfterEntitySave.php(34): Magento\Framework\Model\AbstractModel->afterSave()
#11 /var/www/html/vendor/magento/framework/Event/Invoker/InvokerDefault.php(88): Magento\Framework\EntityManager\Observer\AfterEntitySave->execute()
#12 /var/www/html/vendor/magento/framework/Event/Invoker/InvokerDefault.php(74): Magento\Framework\Event\Invoker\InvokerDefault->_callObserverMethod()
#13 /var/www/html/vendor/magento/framework/Event/Manager.php(65): Magento\Framework\Event\Invoker\InvokerDefault->dispatch()
#14 /var/www/html/generated/code/Magento/Framework/Event/Manager/Proxy.php(105): Magento\Framework\Event\Manager->dispatch()
#15 /var/www/html/vendor/magento/framework/EntityManager/EventManager.php(49): Magento\Framework\Event\Manager\Proxy->dispatch()
#16 /var/www/html/vendor/magento/framework/EntityManager/Operation/Create.php(123): Magento\Framework\EntityManager\EventManager->dispatchEntityEvent()
#17 /var/www/html/vendor/magento/framework/EntityManager/EntityManager.php(106): Magento\Framework\EntityManager\Operation\Create->execute()
#18 /var/www/html/vendor/magento/module-cms/Model/ResourceModel/Block.php(247): Magento\Framework\EntityManager\EntityManager->save()
#19 /var/www/html/vendor/magento/framework/Model/AbstractModel.php(682): Magento\Cms\Model\ResourceModel\Block->save()
#20 /var/www/html/vendor/magento/module-cms-sample-data/Model/Block.php(98): Magento\Framework\Model\AbstractModel->save()
#21 /var/www/html/vendor/magento/module-cms-sample-data/Model/Block.php(77): Magento\CmsSampleData\Model\Block->saveCmsBlock()
#22 /var/www/html/vendor/magento/module-cms-sample-data/Setup/Installer.php(60): Magento\CmsSampleData\Model\Block->install()
#23 [internal function]: Magento\CmsSampleData\Setup\Installer->install()
#24 /var/www/html/vendor/magento/framework/App/State.php(183): call_user_func_array()
#25 /var/www/html/generated/code/Magento/Framework/App/State/Interceptor.php(68): Magento\Framework\App\State->emulateAreaCode()
#26 /var/www/html/vendor/magento/framework/Setup/SampleData/Executor.php(54): Magento\Framework\App\State\Interceptor->emulateAreaCode()
#27 /var/www/html/vendor/magento/module-cms-sample-data/Setup/Patch/Data/InstallCmsSampleData.php(47): Magento\Framework\Setup\SampleData\Executor->exec()
#28 /var/www/html/vendor/magento/framework/Setup/Patch/PatchApplier.php(301): Magento\CmsSampleData\Setup\Patch\Data\InstallCmsSampleData->apply()
#29 /var/www/html/vendor/magento/framework/Setup/Patch/PatchApplier.php(165): Magento\Framework\Setup\Patch\PatchApplier->applyPatch()
#30 /var/www/html/setup/src/Magento/Setup/Model/Installer.php(1148): Magento\Framework\Setup\Patch\PatchApplier->applyDataPatch()
#31 /var/www/html/setup/src/Magento/Setup/Model/Installer.php(1020): Magento\Setup\Model\Installer->handleDBSchemaData()
#32 /var/www/html/setup/src/Magento/Setup/Console/Command/UpgradeCommand.php(167): Magento\Setup\Model\Installer->installDataFixtures()
#33 /var/www/html/vendor/symfony/console/Command/Command.php(341): Magento\Setup\Console\Command\UpgradeCommand->execute()
#34 /var/www/html/vendor/symfony/console/Application.php(1094): Symfony\Component\Console\Command\Command->run()
#35 /var/www/html/vendor/symfony/console/Application.php(356): Symfony\Component\Console\Application->doRunCommand()
#36 /var/www/html/vendor/magento/framework/Console/Cli.php(137): Symfony\Component\Console\Application->doRun()
#37 /var/www/html/vendor/symfony/console/Application.php(195): Magento\Framework\Console\Cli->doRun()
#38 /var/www/html/bin/magento(23): Symfony\Component\Console\Application->run()
#39 {main}

Next Magento\Framework\Exception\IntegrationException: An error occurred during get media asset list: There is no such media asset with path "wysiwyg/home/home-erin.jpg" in /var/www/html/vendor/magento/module-media-gallery/Model/Asset/Command/GetByPath.php:103
Stack trace:
#0 /var/www/html/vendor/magento/module-media-content/Model/ExtractAssetsFromContent.php(88): Magento\MediaGallery\Model\Asset\Command\GetByPath->execute()
#1 /var/www/html/vendor/magento/module-media-content/Model/ExtractAssetsFromContent.php(70): Magento\MediaContent\Model\ExtractAssetsFromContent->getAssetsByPaths()
#2 /var/www/html/vendor/magento/module-media-content/Model/UpdateContentAssetLinks.php(109): Magento\MediaContent\Model\ExtractAssetsFromContent->execute()
#3 /var/www/html/vendor/magento/module-media-content/Model/UpdateContentAssetLinks.php(91): Magento\MediaContent\Model\UpdateContentAssetLinks->updateRelation()
#4 /var/www/html/vendor/magento/module-media-content-cms/Observer/Block.php(82): Magento\MediaContent\Model\UpdateContentAssetLinks->execute()
#5 /var/www/html/vendor/magento/framework/Event/Invoker/InvokerDefault.php(88): Magento\MediaContentCms\Observer\Block->execute()
#6 /var/www/html/vendor/magento/framework/Event/Invoker/InvokerDefault.php(74): Magento\Framework\Event\Invoker\InvokerDefault->_callObserverMethod()
#7 /var/www/html/vendor/magento/framework/Event/Manager.php(65): Magento\Framework\Event\Invoker\InvokerDefault->dispatch()
#8 /var/www/html/generated/code/Magento/Framework/Event/Manager/Proxy.php(105): Magento\Framework\Event\Manager->dispatch()
#9 /var/www/html/vendor/magento/framework/Model/AbstractModel.php(866): Magento\Framework\Event\Manager\Proxy->dispatch()
#10 /var/www/html/vendor/magento/framework/EntityManager/Observer/AfterEntitySave.php(34): Magento\Framework\Model\AbstractModel->afterSave()
#11 /var/www/html/vendor/magento/framework/Event/Invoker/InvokerDefault.php(88): Magento\Framework\EntityManager\Observer\AfterEntitySave->execute()
#12 /var/www/html/vendor/magento/framework/Event/Invoker/InvokerDefault.php(74): Magento\Framework\Event\Invoker\InvokerDefault->_callObserverMethod()
#13 /var/www/html/vendor/magento/framework/Event/Manager.php(65): Magento\Framework\Event\Invoker\InvokerDefault->dispatch()
#14 /var/www/html/generated/code/Magento/Framework/Event/Manager/Proxy.php(105): Magento\Framework\Event\Manager->dispatch()
#15 /var/www/html/vendor/magento/framework/EntityManager/EventManager.php(49): Magento\Framework\Event\Manager\Proxy->dispatch()
#16 /var/www/html/vendor/magento/framework/EntityManager/Operation/Create.php(123): Magento\Framework\EntityManager\EventManager->dispatchEntityEvent()
#17 /var/www/html/vendor/magento/framework/EntityManager/EntityManager.php(106): Magento\Framework\EntityManager\Operation\Create->execute()
#18 /var/www/html/vendor/magento/module-cms/Model/ResourceModel/Block.php(247): Magento\Framework\EntityManager\EntityManager->save()
#19 /var/www/html/vendor/magento/framework/Model/AbstractModel.php(682): Magento\Cms\Model\ResourceModel\Block->save()
#20 /var/www/html/vendor/magento/module-cms-sample-data/Model/Block.php(98): Magento\Framework\Model\AbstractModel->save()
#21 /var/www/html/vendor/magento/module-cms-sample-data/Model/Block.php(77): Magento\CmsSampleData\Model\Block->saveCmsBlock()
#22 /var/www/html/vendor/magento/module-cms-sample-data/Setup/Installer.php(60): Magento\CmsSampleData\Model\Block->install()
#23 [internal function]: Magento\CmsSampleData\Setup\Installer->install()
#24 /var/www/html/vendor/magento/framework/App/State.php(183): call_user_func_array()
#25 /var/www/html/generated/code/Magento/Framework/App/State/Interceptor.php(68): Magento\Framework\App\State->emulateAreaCode()
#26 /var/www/html/vendor/magento/framework/Setup/SampleData/Executor.php(54): Magento\Framework\App\State\Interceptor->emulateAreaCode()
#27 /var/www/html/vendor/magento/module-cms-sample-data/Setup/Patch/Data/InstallCmsSampleData.php(47): Magento\Framework\Setup\SampleData\Executor->exec()
#28 /var/www/html/vendor/magento/framework/Setup/Patch/PatchApplier.php(301): Magento\CmsSampleData\Setup\Patch\Data\InstallCmsSampleData->apply()
#29 /var/www/html/vendor/magento/framework/Setup/Patch/PatchApplier.php(165): Magento\Framework\Setup\Patch\PatchApplier->applyPatch()
#30 /var/www/html/setup/src/Magento/Setup/Model/Installer.php(1148): Magento\Framework\Setup\Patch\PatchApplier->applyDataPatch()
#31 /var/www/html/setup/src/Magento/Setup/Model/Installer.php(1020): Magento\Setup\Model\Installer->handleDBSchemaData()
#32 /var/www/html/setup/src/Magento/Setup/Console/Command/UpgradeCommand.php(167): Magento\Setup\Model\Installer->installDataFixtures()
#33 /var/www/html/vendor/symfony/console/Command/Command.php(341): Magento\Setup\Console\Command\UpgradeCommand->execute()
#34 /var/www/html/vendor/symfony/console/Application.php(1094): Symfony\Component\Console\Command\Command->run()
#35 /var/www/html/vendor/symfony/console/Application.php(356): Symfony\Component\Console\Application->doRunCommand()
#36 /var/www/html/vendor/magento/framework/Console/Cli.php(137): Symfony\Component\Console\Application->doRun()
#37 /var/www/html/vendor/symfony/console/Application.php(195): Magento\Framework\Console\Cli->doRun()
#38 /var/www/html/bin/magento(23): Symfony\Component\Console\Application->run()
#39 {main} {"exception":"[object] (Magento\\Framework\\Exception\\IntegrationException(code: 0): An error occurred during get media asset list: There is no such media asset with path \"wysiwyg/home/home-erin.jpg\" at /var/www/html/vendor/magento/module-media-gallery/Model/Asset/Command/GetByPath.php:103)
[previous exception] [object] (Magento\\Framework\\Exception\\NoSuchEntityException(code: 0): There is no such media asset with path \"wysiwyg/home/home-erin.jpg\" at /var/www/html/vendor/magento/module-media-gallery/Model/Asset/Command/GetByPath.php:81)"} []
[2026-07-30T04:14:00.326081+00:00] main.CRITICAL: Magento\Framework\Exception\NoSuchEntityException: There is no such media asset with path "wysiwyg/home/home-performance.jpg" in /var/www/html/vendor/magento/module-media-gallery/Model/Asset/Command/GetByPath.php:81
Stack trace:
#0 /var/www/html/vendor/magento/module-media-content/Model/ExtractAssetsFromContent.php(88): Magento\MediaGallery\Model\Asset\Command\GetByPath->execute()
#1 /var/www/html/vendor/magento/module-media-content/Model/ExtractAssetsFromContent.php(70): Magento\MediaContent\Model\ExtractAssetsFromContent->getAssetsByPaths()
#2 /var/www/html/vendor/magento/module-media-content/Model/UpdateContentAssetLinks.php(109): Magento\MediaContent\Model\ExtractAssetsFromContent->execute()
#3 /var/www/html/vendor/magento/module-media-content/Model/UpdateContentAssetLinks.php(91): Magento\MediaContent\Model\UpdateContentAssetLinks->updateRelation()
#4 /var/www/html/vendor/magento/module-media-content-cms/Observer/Block.php(82): Magento\MediaContent\Model\UpdateContentAssetLinks->execute()
#5 /var/www/html/vendor/magento/framework/Event/Invoker/InvokerDefault.php(88): Magento\MediaContentCms\Observer\Block->execute()
#6 /var/www/html/vendor/magento/framework/Event/Invoker/InvokerDefault.php(74): Magento\Framework\Event\Invoker\InvokerDefault->_callObserverMethod()
#7 /var/www/html/vendor/magento/framework/Event/Manager.php(65): Magento\Framework\Event\Invoker\InvokerDefault->dispatch()
#8 /var/www/html/generated/code/Magento/Framework/Event/Manager/Proxy.php(105): Magento\Framework\Event\Manager->dispatch()
#9 /var/www/html/vendor/magento/framework/Model/AbstractModel.php(866): Magento\Framework\Event\Manager\Proxy->dispatch()
#10 /var/www/html/vendor/magento/framework/EntityManager/Observer/AfterEntitySave.php(34): Magento\Framework\Model\AbstractModel->afterSave()
#11 /var/www/html/vendor/magento/framework/Event/Invoker/InvokerDefault.php(88): Magento\Framework\EntityManager\Observer\AfterEntitySave->execute()
#12 /var/www/html/vendor/magento/framework/Event/Invoker/InvokerDefault.php(74): Magento\Framework\Event\Invoker\InvokerDefault->_callObserverMethod()
#13 /var/www/html/vendor/magento/framework/Event/Manager.php(65): Magento\Framework\Event\Invoker\InvokerDefault->dispatch()
#14 /var/www/html/generated/code/Magento/Framework/Event/Manager/Proxy.php(105): Magento\Framework\Event\Manager->dispatch()
#15 /var/www/html/vendor/magento/framework/EntityManager/EventManager.php(49): Magento\Framework\Event\Manager\Proxy->dispatch()
#16 /var/www/html/vendor/magento/framework/EntityManager/Operation/Create.php(123): Magento\Framework\EntityManager\EventManager->dispatchEntityEvent()
#17 /var/www/html/vendor/magento/framework/EntityManager/EntityManager.php(106): Magento\Framework\EntityManager\Operation\Create->execute()
#18 /var/www/html/vendor/magento/module-cms/Model/ResourceModel/Block.php(247): Magento\Framework\EntityManager\EntityManager->save()
#19 /var/www/html/vendor/magento/framework/Model/AbstractModel.php(682): Magento\Cms\Model\ResourceModel\Block->save()
#20 /var/www/html/vendor/magento/module-cms-sample-data/Model/Block.php(98): Magento\Framework\Model\AbstractModel->save()
#21 /var/www/html/vendor/magento/module-cms-sample-data/Model/Block.php(77): Magento\CmsSampleData\Model\Block->saveCmsBlock()
#22 /var/www/html/vendor/magento/module-cms-sample-data/Setup/Installer.php(60): Magento\CmsSampleData\Model\Block->install()
#23 [internal function]: Magento\CmsSampleData\Setup\Installer->install()
#24 /var/www/html/vendor/magento/framework/App/State.php(183): call_user_func_array()
#25 /var/www/html/generated/code/Magento/Framework/App/State/Interceptor.php(68): Magento\Framework\App\State->emulateAreaCode()
#26 /var/www/html/vendor/magento/framework/Setup/SampleData/Executor.php(54): Magento\Framework\App\State\Interceptor->emulateAreaCode()
#27 /var/www/html/vendor/magento/module-cms-sample-data/Setup/Patch/Data/InstallCmsSampleData.php(47): Magento\Framework\Setup\SampleData\Executor->exec()
#28 /var/www/html/vendor/magento/framework/Setup/Patch/PatchApplier.php(301): Magento\CmsSampleData\Setup\Patch\Data\InstallCmsSampleData->apply()
#29 /var/www/html/vendor/magento/framework/Setup/Patch/PatchApplier.php(165): Magento\Framework\Setup\Patch\PatchApplier->applyPatch()
#30 /var/www/html/setup/src/Magento/Setup/Model/Installer.php(1148): Magento\Framework\Setup\Patch\PatchApplier->applyDataPatch()
#31 /var/www/html/setup/src/Magento/Setup/Model/Installer.php(1020): Magento\Setup\Model\Installer->handleDBSchemaData()
#32 /var/www/html/setup/src/Magento/Setup/Console/Command/UpgradeCommand.php(167): Magento\Setup\Model\Installer->installDataFixtures()
#33 /var/www/html/vendor/symfony/console/Command/Command.php(341): Magento\Setup\Console\Command\UpgradeCommand->execute()
#34 /var/www/html/vendor/symfony/console/Application.php(1094): Symfony\Component\Console\Command\Command->run()
#35 /var/www/html/vendor/symfony/console/Application.php(356): Symfony\Component\Console\Application->doRunCommand()
#36 /var/www/html/vendor/magento/framework/Console/Cli.php(137): Symfony\Component\Console\Application->doRun()
#37 /var/www/html/vendor/symfony/console/Application.php(195): Magento\Framework\Console\Cli->doRun()
#38 /var/www/html/bin/magento(23): Symfony\Component\Console\Application->run()
#39 {main} {"exception":"[object] (Magento\\Framework\\Exception\\NoSuchEntityException(code: 0): There is no such media asset with path \"wysiwyg/home/home-performance.jpg\" at /var/www/html/vendor/magento/module-media-gallery/Model/Asset/Command/GetByPath.php:81)"} []
[2026-07-30T04:14:00.326176+00:00] main.CRITICAL: Magento\Framework\Exception\NoSuchEntityException: There is no such media asset with path "wysiwyg/home/home-performance.jpg" in /var/www/html/vendor/magento/module-media-gallery/Model/Asset/Command/GetByPath.php:81
Stack trace:
#0 /var/www/html/vendor/magento/module-media-content/Model/ExtractAssetsFromContent.php(88): Magento\MediaGallery\Model\Asset\Command\GetByPath->execute()
#1 /var/www/html/vendor/magento/module-media-content/Model/ExtractAssetsFromContent.php(70): Magento\MediaContent\Model\ExtractAssetsFromContent->getAssetsByPaths()
#2 /var/www/html/vendor/magento/module-media-content/Model/UpdateContentAssetLinks.php(109): Magento\MediaContent\Model\ExtractAssetsFromContent->execute()
#3 /var/www/html/vendor/magento/module-media-content/Model/UpdateContentAssetLinks.php(91): Magento\MediaContent\Model\UpdateContentAssetLinks->updateRelation()
#4 /var/www/html/vendor/magento/module-media-content-cms/Observer/Block.php(82): Magento\MediaContent\Model\UpdateContentAssetLinks->execute()
#5 /var/www/html/vendor/magento/framework/Event/Invoker/InvokerDefault.php(88): Magento\MediaContentCms\Observer\Block->execute()
#6 /var/www/html/vendor/magento/framework/Event/Invoker/InvokerDefault.php(74): Magento\Framework\Event\Invoker\InvokerDefault->_callObserverMethod()
#7 /var/www/html/vendor/magento/framework/Event/Manager.php(65): Magento\Framework\Event\Invoker\InvokerDefault->dispatch()
#8 /var/www/html/generated/code/Magento/Framework/Event/Manager/Proxy.php(105): Magento\Framework\Event\Manager->dispatch()
#9 /var/www/html/vendor/magento/framework/Model/AbstractModel.php(866): Magento\Framework\Event\Manager\Proxy->dispatch()
#10 /var/www/html/vendor/magento/framework/EntityManager/Observer/AfterEntitySave.php(34): Magento\Framework\Model\AbstractModel->afterSave()
#11 /var/www/html/vendor/magento/framework/Event/Invoker/InvokerDefault.php(88): Magento\Framework\EntityManager\Observer\AfterEntitySave->execute()
#12 /var/www/html/vendor/magento/framework/Event/Invoker/InvokerDefault.php(74): Magento\Framework\Event\Invoker\InvokerDefault->_callObserverMethod()
#13 /var/www/html/vendor/magento/framework/Event/Manager.php(65): Magento\Framework\Event\Invoker\InvokerDefault->dispatch()
#14 /var/www/html/generated/code/Magento/Framework/Event/Manager/Proxy.php(105): Magento\Framework\Event\Manager->dispatch()
#15 /var/www/html/vendor/magento/framework/EntityManager/EventManager.php(49): Magento\Framework\Event\Manager\Proxy->dispatch()
#16 /var/www/html/vendor/magento/framework/EntityManager/Operation/Create.php(123): Magento\Framework\EntityManager\EventManager->dispatchEntityEvent()
#17 /var/www/html/vendor/magento/framework/EntityManager/EntityManager.php(106): Magento\Framework\EntityManager\Operation\Create->execute()
#18 /var/www/html/vendor/magento/module-cms/Model/ResourceModel/Block.php(247): Magento\Framework\EntityManager\EntityManager->save()
#19 /var/www/html/vendor/magento/framework/Model/AbstractModel.php(682): Magento\Cms\Model\ResourceModel\Block->save()
#20 /var/www/html/vendor/magento/module-cms-sample-data/Model/Block.php(98): Magento\Framework\Model\AbstractModel->save()
#21 /var/www/html/vendor/magento/module-cms-sample-data/Model/Block.php(77): Magento\CmsSampleData\Model\Block->saveCmsBlock()
#22 /var/www/html/vendor/magento/module-cms-sample-data/Setup/Installer.php(60): Magento\CmsSampleData\Model\Block->install()
#23 [internal function]: Magento\CmsSampleData\Setup\Installer->install()
#24 /var/www/html/vendor/magento/framework/App/State.php(183): call_user_func_array()
#25 /var/www/html/generated/code/Magento/Framework/App/State/Interceptor.php(68): Magento\Framework\App\State->emulateAreaCode()
#26 /var/www/html/vendor/magento/framework/Setup/SampleData/Executor.php(54): Magento\Framework\App\State\Interceptor->emulateAreaCode()
#27 /var/www/html/vendor/magento/module-cms-sample-data/Setup/Patch/Data/InstallCmsSampleData.php(47): Magento\Framework\Setup\SampleData\Executor->exec()
#28 /var/www/html/vendor/magento/framework/Setup/Patch/PatchApplier.php(301): Magento\CmsSampleData\Setup\Patch\Data\InstallCmsSampleData->apply()
#29 /var/www/html/vendor/magento/framework/Setup/Patch/PatchApplier.php(165): Magento\Framework\Setup\Patch\PatchApplier->applyPatch()
#30 /var/www/html/setup/src/Magento/Setup/Model/Installer.php(1148): Magento\Framework\Setup\Patch\PatchApplier->applyDataPatch()
#31 /var/www/html/setup/src/Magento/Setup/Model/Installer.php(1020): Magento\Setup\Model\Installer->handleDBSchemaData()
#32 /var/www/html/setup/src/Magento/Setup/Console/Command/UpgradeCommand.php(167): Magento\Setup\Model\Installer->installDataFixtures()
#33 /var/www/html/vendor/symfony/console/Command/Command.php(341): Magento\Setup\Console\Command\UpgradeCommand->execute()
#34 /var/www/html/vendor/symfony/console/Application.php(1094): Symfony\Component\Console\Command\Command->run()
#35 /var/www/html/vendor/symfony/console/Application.php(356): Symfony\Component\Console\Application->doRunCommand()
#36 /var/www/html/vendor/magento/framework/Console/Cli.php(137): Symfony\Component\Console\Application->doRun()
#37 /var/www/html/vendor/symfony/console/Application.php(195): Magento\Framework\Console\Cli->doRun()
#38 /var/www/html/bin/magento(23): Symfony\Component\Console\Application->run()
#39 {main}

Next Magento\Framework\Exception\IntegrationException: An error occurred during get media asset list: There is no such media asset with path "wysiwyg/home/home-performance.jpg" in /var/www/html/vendor/magento/module-media-gallery/Model/Asset/Command/GetByPath.php:103
Stack trace:
#0 /var/www/html/vendor/magento/module-media-content/Model/ExtractAssetsFromContent.php(88): Magento\MediaGallery\Model\Asset\Command\GetByPath->execute()
#1 /var/www/html/vendor/magento/module-media-content/Model/ExtractAssetsFromContent.php(70): Magento\MediaContent\Model\ExtractAssetsFromContent->getAssetsByPaths()
#2 /var/www/html/vendor/magento/module-media-content/Model/UpdateContentAssetLinks.php(109): Magento\MediaContent\Model\ExtractAssetsFromContent->execute()
#3 /var/www/html/vendor/magento/module-media-content/Model/UpdateContentAssetLinks.php(91): Magento\MediaContent\Model\UpdateContentAssetLinks->updateRelation()
#4 /var/www/html/vendor/magento/module-media-content-cms/Observer/Block.php(82): Magento\MediaContent\Model\UpdateContentAssetLinks->execute()
#5 /var/www/html/vendor/magento/framework/Event/Invoker/InvokerDefault.php(88): Magento\MediaContentCms\Observer\Block->execute()
#6 /var/www/html/vendor/magento/framework/Event/Invoker/InvokerDefault.php(74): Magento\Framework\Event\Invoker\InvokerDefault->_callObserverMethod()
#7 /var/www/html/vendor/magento/framework/Event/Manager.php(65): Magento\Framework\Event\Invoker\InvokerDefault->dispatch()
#8 /var/www/html/generated/code/Magento/Framework/Event/Manager/Proxy.php(105): Magento\Framework\Event\Manager->dispatch()
#9 /var/www/html/vendor/magento/framework/Model/AbstractModel.php(866): Magento\Framework\Event\Manager\Proxy->dispatch()
#10 /var/www/html/vendor/magento/framework/EntityManager/Observer/AfterEntitySave.php(34): Magento\Framework\Model\AbstractModel->afterSave()
#11 /var/www/html/vendor/magento/framework/Event/Invoker/InvokerDefault.php(88): Magento\Framework\EntityManager\Observer\AfterEntitySave->execute()
#12 /var/www/html/vendor/magento/framework/Event/Invoker/InvokerDefault.php(74): Magento\Framework\Event\Invoker\InvokerDefault->_callObserverMethod()
#13 /var/www/html/vendor/magento/framework/Event/Manager.php(65): Magento\Framework\Event\Invoker\InvokerDefault->dispatch()
#14 /var/www/html/generated/code/Magento/Framework/Event/Manager/Proxy.php(105): Magento\Framework\Event\Manager->dispatch()
#15 /var/www/html/vendor/magento/framework/EntityManager/EventManager.php(49): Magento\Framework\Event\Manager\Proxy->dispatch()
#16 /var/www/html/vendor/magento/framework/EntityManager/Operation/Create.php(123): Magento\Framework\EntityManager\EventManager->dispatchEntityEvent()
#17 /var/www/html/vendor/magento/framework/EntityManager/EntityManager.php(106): Magento\Framework\EntityManager\Operation\Create->execute()
#18 /var/www/html/vendor/magento/module-cms/Model/ResourceModel/Block.php(247): Magento\Framework\EntityManager\EntityManager->save()
#19 /var/www/html/vendor/magento/framework/Model/AbstractModel.php(682): Magento\Cms\Model\ResourceModel\Block->save()
#20 /var/www/html/vendor/magento/module-cms-sample-data/Model/Block.php(98): Magento\Framework\Model\AbstractModel->save()
#21 /var/www/html/vendor/magento/module-cms-sample-data/Model/Block.php(77): Magento\CmsSampleData\Model\Block->saveCmsBlock()
#22 /var/www/html/vendor/magento/module-cms-sample-data/Setup/Installer.php(60): Magento\CmsSampleData\Model\Block->install()
#23 [internal function]: Magento\CmsSampleData\Setup\Installer->install()
#24 /var/www/html/vendor/magento/framework/App/State.php(183): call_user_func_array()
#25 /var/www/html/generated/code/Magento/Framework/App/State/Interceptor.php(68): Magento\Framework\App\State->emulateAreaCode()
#26 /var/www/html/vendor/magento/framework/Setup/SampleData/Executor.php(54): Magento\Framework\App\State\Interceptor->emulateAreaCode()
#27 /var/www/html/vendor/magento/module-cms-sample-data/Setup/Patch/Data/InstallCmsSampleData.php(47): Magento\Framework\Setup\SampleData\Executor->exec()
#28 /var/www/html/vendor/magento/framework/Setup/Patch/PatchApplier.php(301): Magento\CmsSampleData\Setup\Patch\Data\InstallCmsSampleData->apply()
#29 /var/www/html/vendor/magento/framework/Setup/Patch/PatchApplier.php(165): Magento\Framework\Setup\Patch\PatchApplier->applyPatch()
#30 /var/www/html/setup/src/Magento/Setup/Model/Installer.php(1148): Magento\Framework\Setup\Patch\PatchApplier->applyDataPatch()
#31 /var/www/html/setup/src/Magento/Setup/Model/Installer.php(1020): Magento\Setup\Model\Installer->handleDBSchemaData()
#32 /var/www/html/setup/src/Magento/Setup/Console/Command/UpgradeCommand.php(167): Magento\Setup\Model\Installer->installDataFixtures()
#33 /var/www/html/vendor/symfony/console/Command/Command.php(341): Magento\Setup\Console\Command\UpgradeCommand->execute()
#34 /var/www/html/vendor/symfony/console/Application.php(1094): Symfony\Component\Console\Command\Command->run()
#35 /var/www/html/vendor/symfony/console/Application.php(356): Symfony\Component\Console\Application->doRunCommand()
#36 /var/www/html/vendor/magento/framework/Console/Cli.php(137): Symfony\Component\Console\Application->doRun()
#37 /var/www/html/vendor/symfony/console/Application.php(195): Magento\Framework\Console\Cli->doRun()
#38 /var/www/html/bin/magento(23): Symfony\Component\Console\Application->run()
#39 {main} {"exception":"[object] (Magento\\Framework\\Exception\\IntegrationException(code: 0): An error occurred during get media asset list: There is no such media asset with path \"wysiwyg/home/home-performance.jpg\" at /var/www/html/vendor/magento/module-media-gallery/Model/Asset/Command/GetByPath.php:103)
[previous exception] [object] (Magento\\Framework\\Exception\\NoSuchEntityException(code: 0): There is no such media asset with path \"wysiwyg/home/home-performance.jpg\" at /var/www/html/vendor/magento/module-media-gallery/Model/Asset/Command/GetByPath.php:81)"} []
[2026-07-30T04:14:00.326375+00:00] main.CRITICAL: Magento\Framework\Exception\NoSuchEntityException: There is no such media asset with path "wysiwyg/home/home-eco.jpg" in /var/www/html/vendor/magento/module-media-gallery/Model/Asset/Command/GetByPath.php:81
Stack trace:
#0 /var/www/html/vendor/magento/module-media-content/Model/ExtractAssetsFromContent.php(88): Magento\MediaGallery\Model\Asset\Command\GetByPath->execute()
#1 /var/www/html/vendor/magento/module-media-content/Model/ExtractAssetsFromContent.php(70): Magento\MediaContent\Model\ExtractAssetsFromContent->getAssetsByPaths()
#2 /var/www/html/vendor/magento/module-media-content/Model/UpdateContentAssetLinks.php(109): Magento\MediaContent\Model\ExtractAssetsFromContent->execute()
#3 /var/www/html/vendor/magento/module-media-content/Model/UpdateContentAssetLinks.php(91): Magento\MediaContent\Model\UpdateContentAssetLinks->updateRelation()
#4 /var/www/html/vendor/magento/module-media-content-cms/Observer/Block.php(82): Magento\MediaContent\Model\UpdateContentAssetLinks->execute()
#5 /var/www/html/vendor/magento/framework/Event/Invoker/InvokerDefault.php(88): Magento\MediaContentCms\Observer\Block->execute()
#6 /var/www/html/vendor/magento/framework/Event/Invoker/InvokerDefault.php(74): Magento\Framework\Event\Invoker\InvokerDefault->_callObserverMethod()
#7 /var/www/html/vendor/magento/framework/Event/Manager.php(65): Magento\Framework\Event\Invoker\InvokerDefault->dispatch()
#8 /var/www/html/generated/code/Magento/Framework/Event/Manager/Proxy.php(105): Magento\Framework\Event\Manager->dispatch()
#9 /var/www/html/vendor/magento/framework/Model/AbstractModel.php(866): Magento\Framework\Event\Manager\Proxy->dispatch()
#10 /var/www/html/vendor/magento/framework/EntityManager/Observer/AfterEntitySave.php(34): Magento\Framework\Model\AbstractModel->afterSave()
#11 /var/www/html/vendor/magento/framework/Event/Invoker/InvokerDefault.php(88): Magento\Framework\EntityManager\Observer\AfterEntitySave->execute()
#12 /var/www/html/vendor/magento/framework/Event/Invoker/InvokerDefault.php(74): Magento\Framework\Event\Invoker\InvokerDefault->_callObserverMethod()
#13 /var/www/html/vendor/magento/framework/Event/Manager.php(65): Magento\Framework\Event\Invoker\InvokerDefault->dispatch()
#14 /var/www/html/generated/code/Magento/Framework/Event/Manager/Proxy.php(105): Magento\Framework\Event\Manager->dispatch()
#15 /var/www/html/vendor/magento/framework/EntityManager/EventManager.php(49): Magento\Framework\Event\Manager\Proxy->dispatch()
#16 /var/www/html/vendor/magento/framework/EntityManager/Operation/Create.php(123): Magento\Framework\EntityManager\EventManager->dispatchEntityEvent()
#17 /var/www/html/vendor/magento/framework/EntityManager/EntityManager.php(106): Magento\Framework\EntityManager\Operation\Create->execute()
#18 /var/www/html/vendor/magento/module-cms/Model/ResourceModel/Block.php(247): Magento\Framework\EntityManager\EntityManager->save()
#19 /var/www/html/vendor/magento/framework/Model/AbstractModel.php(682): Magento\Cms\Model\ResourceModel\Block->save()
#20 /var/www/html/vendor/magento/module-cms-sample-data/Model/Block.php(98): Magento\Framework\Model\AbstractModel->save()
#21 /var/www/html/vendor/magento/module-cms-sample-data/Model/Block.php(77): Magento\CmsSampleData\Model\Block->saveCmsBlock()
#22 /var/www/html/vendor/magento/module-cms-sample-data/Setup/Installer.php(60): Magento\CmsSampleData\Model\Block->install()
#23 [internal function]: Magento\CmsSampleData\Setup\Installer->install()
#24 /var/www/html/vendor/magento/framework/App/State.php(183): call_user_func_array()
#25 /var/www/html/generated/code/Magento/Framework/App/State/Interceptor.php(68): Magento\Framework\App\State->emulateAreaCode()
#26 /var/www/html/vendor/magento/framework/Setup/SampleData/Executor.php(54): Magento\Framework\App\State\Interceptor->emulateAreaCode()
#27 /var/www/html/vendor/magento/module-cms-sample-data/Setup/Patch/Data/InstallCmsSampleData.php(47): Magento\Framework\Setup\SampleData\Executor->exec()
#28 /var/www/html/vendor/magento/framework/Setup/Patch/PatchApplier.php(301): Magento\CmsSampleData\Setup\Patch\Data\InstallCmsSampleData->apply()
#29 /var/www/html/vendor/magento/framework/Setup/Patch/PatchApplier.php(165): Magento\Framework\Setup\Patch\PatchApplier->applyPatch()
#30 /var/www/html/setup/src/Magento/Setup/Model/Installer.php(1148): Magento\Framework\Setup\Patch\PatchApplier->applyDataPatch()
#31 /var/www/html/setup/src/Magento/Setup/Model/Installer.php(1020): Magento\Setup\Model\Installer->handleDBSchemaData()
#32 /var/www/html/setup/src/Magento/Setup/Console/Command/UpgradeCommand.php(167): Magento\Setup\Model\Installer->installDataFixtures()
#33 /var/www/html/vendor/symfony/console/Command/Command.php(341): Magento\Setup\Console\Command\UpgradeCommand->execute()
#34 /var/www/html/vendor/symfony/console/Application.php(1094): Symfony\Component\Console\Command\Command->run()
#35 /var/www/html/vendor/symfony/console/Application.php(356): Symfony\Component\Console\Application->doRunCommand()
#36 /var/www/html/vendor/magento/framework/Console/Cli.php(137): Symfony\Component\Console\Application->doRun()
#37 /var/www/html/vendor/symfony/console/Application.php(195): Magento\Framework\Console\Cli->doRun()
#38 /var/www/html/bin/magento(23): Symfony\Component\Console\Application->run()
#39 {main} {"exception":"[object] (Magento\\Framework\\Exception\\NoSuchEntityException(code: 0): There is no such media asset with path \"wysiwyg/home/home-eco.jpg\" at /var/www/html/vendor/magento/module-media-gallery/Model/Asset/Command/GetByPath.php:81)"} []
[2026-07-30T04:14:00.326479+00:00] main.CRITICAL: Magento\Framework\Exception\NoSuchEntityException: There is no such media asset with path "wysiwyg/home/home-eco.jpg" in /var/www/html/vendor/magento/module-media-gallery/Model/Asset/Command/GetByPath.php:81
Stack trace:
#0 /var/www/html/vendor/magento/module-media-content/Model/ExtractAssetsFromContent.php(88): Magento\MediaGallery\Model\Asset\Command\GetByPath->execute()
#1 /var/www/html/vendor/magento/module-media-content/Model/ExtractAssetsFromContent.php(70): Magento\MediaContent\Model\ExtractAssetsFromContent->getAssetsByPaths()
#2 /var/www/html/vendor/magento/module-media-content/Model/UpdateContentAssetLinks.php(109): Magento\MediaContent\Model\ExtractAssetsFromContent->execute()
#3 /var/www/html/vendor/magento/module-media-content/Model/UpdateContentAssetLinks.php(91): Magento\MediaContent\Model\UpdateContentAssetLinks->updateRelation()
#4 /var/www/html/vendor/magento/module-media-content-cms/Observer/Block.php(82): Magento\MediaContent\Model\UpdateContentAssetLinks->execute()
#5 /var/www/html/vendor/magento/framework/Event/Invoker/InvokerDefault.php(88): Magento\MediaContentCms\Observer\Block->execute()
#6 /var/www/html/vendor/magento/framework/Event/Invoker/InvokerDefault.php(74): Magento\Framework\Event\Invoker\InvokerDefault->_callObserverMethod()
#7 /var/www/html/vendor/magento/framework/Event/Manager.php(65): Magento\Framework\Event\Invoker\InvokerDefault->dispatch()
#8 /var/www/html/generated/code/Magento/Framework/Event/Manager/Proxy.php(105): Magento\Framework\Event\Manager->dispatch()
#9 /var/www/html/vendor/magento/framework/Model/AbstractModel.php(866): Magento\Framework\Event\Manager\Proxy->dispatch()
#10 /var/www/html/vendor/magento/framework/EntityManager/Observer/AfterEntitySave.php(34): Magento\Framework\Model\AbstractModel->afterSave()
#11 /var/www/html/vendor/magento/framework/Event/Invoker/InvokerDefault.php(88): Magento\Framework\EntityManager\Observer\AfterEntitySave->execute()
#12 /var/www/html/vendor/magento/framework/Event/Invoker/InvokerDefault.php(74): Magento\Framework\Event\Invoker\InvokerDefault->_callObserverMethod()
#13 /var/www/html/vendor/magento/framework/Event/Manager.php(65): Magento\Framework\Event\Invoker\InvokerDefault->dispatch()
#14 /var/www/html/generated/code/Magento/Framework/Event/Manager/Proxy.php(105): Magento\Framework\Event\Manager->dispatch()
#15 /var/www/html/vendor/magento/framework/EntityManager/EventManager.php(49): Magento\Framework\Event\Manager\Proxy->dispatch()
#16 /var/www/html/vendor/magento/framework/EntityManager/Operation/Create.php(123): Magento\Framework\EntityManager\EventManager->dispatchEntityEvent()
#17 /var/www/html/vendor/magento/framework/EntityManager/EntityManager.php(106): Magento\Framework\EntityManager\Operation\Create->execute()
#18 /var/www/html/vendor/magento/module-cms/Model/ResourceModel/Block.php(247): Magento\Framework\EntityManager\EntityManager->save()
#19 /var/www/html/vendor/magento/framework/Model/AbstractModel.php(682): Magento\Cms\Model\ResourceModel\Block->save()
#20 /var/www/html/vendor/magento/module-cms-sample-data/Model/Block.php(98): Magento\Framework\Model\AbstractModel->save()
#21 /var/www/html/vendor/magento/module-cms-sample-data/Model/Block.php(77): Magento\CmsSampleData\Model\Block->saveCmsBlock()
#22 /var/www/html/vendor/magento/module-cms-sample-data/Setup/Installer.php(60): Magento\CmsSampleData\Model\Block->install()
#23 [internal function]: Magento\CmsSampleData\Setup\Installer->install()
#24 /var/www/html/vendor/magento/framework/App/State.php(183): call_user_func_array()
#25 /var/www/html/generated/code/Magento/Framework/App/State/Interceptor.php(68): Magento\Framework\App\State->emulateAreaCode()
#26 /var/www/html/vendor/magento/framework/Setup/SampleData/Executor.php(54): Magento\Framework\App\State\Interceptor->emulateAreaCode()
#27 /var/www/html/vendor/magento/module-cms-sample-data/Setup/Patch/Data/InstallCmsSampleData.php(47): Magento\Framework\Setup\SampleData\Executor->exec()
#28 /var/www/html/vendor/magento/framework/Setup/Patch/PatchApplier.php(301): Magento\CmsSampleData\Setup\Patch\Data\InstallCmsSampleData->apply()
#29 /var/www/html/vendor/magento/framework/Setup/Patch/PatchApplier.php(165): Magento\Framework\Setup\Patch\PatchApplier->applyPatch()
#30 /var/www/html/setup/src/Magento/Setup/Model/Installer.php(1148): Magento\Framework\Setup\Patch\PatchApplier->applyDataPatch()
#31 /var/www/html/setup/src/Magento/Setup/Model/Installer.php(1020): Magento\Setup\Model\Installer->handleDBSchemaData()
#32 /var/www/html/setup/src/Magento/Setup/Console/Command/UpgradeCommand.php(167): Magento\Setup\Model\Installer->installDataFixtures()
#33 /var/www/html/vendor/symfony/console/Command/Command.php(341): Magento\Setup\Console\Command\UpgradeCommand->execute()
#34 /var/www/html/vendor/symfony/console/Application.php(1094): Symfony\Component\Console\Command\Command->run()
#35 /var/www/html/vendor/symfony/console/Application.php(356): Symfony\Component\Console\Application->doRunCommand()
#36 /var/www/html/vendor/magento/framework/Console/Cli.php(137): Symfony\Component\Console\Application->doRun()
#37 /var/www/html/vendor/symfony/console/Application.php(195): Magento\Framework\Console\Cli->doRun()
#38 /var/www/html/bin/magento(23): Symfony\Component\Console\Application->run()
#39 {main}

Next Magento\Framework\Exception\IntegrationException: An error occurred during get media asset list: There is no such media asset with path "wysiwyg/home/home-eco.jpg" in /var/www/html/vendor/magento/module-media-gallery/Model/Asset/Command/GetByPath.php:103
Stack trace:
#0 /var/www/html/vendor/magento/module-media-content/Model/ExtractAssetsFromContent.php(88): Magento\MediaGallery\Model\Asset\Command\GetByPath->execute()
#1 /var/www/html/vendor/magento/module-media-content/Model/ExtractAssetsFromContent.php(70): Magento\MediaContent\Model\ExtractAssetsFromContent->getAssetsByPaths()
#2 /var/www/html/vendor/magento/module-media-content/Model/UpdateContentAssetLinks.php(109): Magento\MediaContent\Model\ExtractAssetsFromContent->execute()
#3 /var/www/html/vendor/magento/module-media-content/Model/UpdateContentAssetLinks.php(91): Magento\MediaContent\Model\UpdateContentAssetLinks->updateRelation()
#4 /var/www/html/vendor/magento/module-media-content-cms/Observer/Block.php(82): Magento\MediaContent\Model\UpdateContentAssetLinks->execute()
#5 /var/www/html/vendor/magento/framework/Event/Invoker/InvokerDefault.php(88): Magento\MediaContentCms\Observer\Block->execute()
#6 /var/www/html/vendor/magento/framework/Event/Invoker/InvokerDefault.php(74): Magento\Framework\Event\Invoker\InvokerDefault->_callObserverMethod()
#7 /var/www/html/vendor/magento/framework/Event/Manager.php(65): Magento\Framework\Event\Invoker\InvokerDefault->dispatch()
#8 /var/www/html/generated/code/Magento/Framework/Event/Manager/Proxy.php(105): Magento\Framework\Event\Manager->dispatch()
#9 /var/www/html/vendor/magento/framework/Model/AbstractModel.php(866): Magento\Framework\Event\Manager\Proxy->dispatch()
#10 /var/www/html/vendor/magento/framework/EntityManager/Observer/AfterEntitySave.php(34): Magento\Framework\Model\AbstractModel->afterSave()
#11 /var/www/html/vendor/magento/framework/Event/Invoker/InvokerDefault.php(88): Magento\Framework\EntityManager\Observer\AfterEntitySave->execute()
#12 /var/www/html/vendor/magento/framework/Event/Invoker/InvokerDefault.php(74): Magento\Framework\Event\Invoker\InvokerDefault->_callObserverMethod()
#13 /var/www/html/vendor/magento/framework/Event/Manager.php(65): Magento\Framework\Event\Invoker\InvokerDefault->dispatch()
#14 /var/www/html/generated/code/Magento/Framework/Event/Manager/Proxy.php(105): Magento\Framework\Event\Manager->dispatch()
#15 /var/www/html/vendor/magento/framework/EntityManager/EventManager.php(49): Magento\Framework\Event\Manager\Proxy->dispatch()
#16 /var/www/html/vendor/magento/framework/EntityManager/Operation/Create.php(123): Magento\Framework\EntityManager\EventManager->dispatchEntityEvent()
#17 /var/www/html/vendor/magento/framework/EntityManager/EntityManager.php(106): Magento\Framework\EntityManager\Operation\Create->execute()
#18 /var/www/html/vendor/magento/module-cms/Model/ResourceModel/Block.php(247): Magento\Framework\EntityManager\EntityManager->save()
#19 /var/www/html/vendor/magento/framework/Model/AbstractModel.php(682): Magento\Cms\Model\ResourceModel\Block->save()
#20 /var/www/html/vendor/magento/module-cms-sample-data/Model/Block.php(98): Magento\Framework\Model\AbstractModel->save()
#21 /var/www/html/vendor/magento/module-cms-sample-data/Model/Block.php(77): Magento\CmsSampleData\Model\Block->saveCmsBlock()
#22 /var/www/html/vendor/magento/module-cms-sample-data/Setup/Installer.php(60): Magento\CmsSampleData\Model\Block->install()
#23 [internal function]: Magento\CmsSampleData\Setup\Installer->install()
#24 /var/www/html/vendor/magento/framework/App/State.php(183): call_user_func_array()
#25 /var/www/html/generated/code/Magento/Framework/App/State/Interceptor.php(68): Magento\Framework\App\State->emulateAreaCode()
#26 /var/www/html/vendor/magento/framework/Setup/SampleData/Executor.php(54): Magento\Framework\App\State\Interceptor->emulateAreaCode()
#27 /var/www/html/vendor/magento/module-cms-sample-data/Setup/Patch/Data/InstallCmsSampleData.php(47): Magento\Framework\Setup\SampleData\Executor->exec()
#28 /var/www/html/vendor/magento/framework/Setup/Patch/PatchApplier.php(301): Magento\CmsSampleData\Setup\Patch\Data\InstallCmsSampleData->apply()
#29 /var/www/html/vendor/magento/framework/Setup/Patch/PatchApplier.php(165): Magento\Framework\Setup\Patch\PatchApplier->applyPatch()
#30 /var/www/html/setup/src/Magento/Setup/Model/Installer.php(1148): Magento\Framework\Setup\Patch\PatchApplier->applyDataPatch()
#31 /var/www/html/setup/src/Magento/Setup/Model/Installer.php(1020): Magento\Setup\Model\Installer->handleDBSchemaData()
#32 /var/www/html/setup/src/Magento/Setup/Console/Command/UpgradeCommand.php(167): Magento\Setup\Model\Installer->installDataFixtures()
#33 /var/www/html/vendor/symfony/console/Command/Command.php(341): Magento\Setup\Console\Command\UpgradeCommand->execute()
#34 /var/www/html/vendor/symfony/console/Application.php(1094): Symfony\Component\Console\Command\Command->run()
#35 /var/www/html/vendor/symfony/console/Application.php(356): Symfony\Component\Console\Application->doRunCommand()
#36 /var/www/html/vendor/magento/framework/Console/Cli.php(137): Symfony\Component\Console\Application->doRun()
#37 /var/www/html/vendor/symfony/console/Application.php(195): Magento\Framework\Console\Cli->doRun()
#38 /var/www/html/bin/magento(23): Symfony\Component\Console\Application->run()
#39 {main} {"exception":"[object] (Magento\\Framework\\Exception\\IntegrationException(code: 0): An error occurred during get media asset list: There is no such media asset with path \"wysiwyg/home/home-eco.jpg\" at /var/www/html/vendor/magento/module-media-gallery/Model/Asset/Command/GetByPath.php:103)
[previous exception] [object] (Magento\\Framework\\Exception\\NoSuchEntityException(code: 0): There is no such media asset with path \"wysiwyg/home/home-eco.jpg\" at /var/www/html/vendor/magento/module-media-gallery/Model/Asset/Command/GetByPath.php:81)"} []
[2026-07-30T04:14:00.327299+00:00] main.CRITICAL: Magento\Framework\Exception\NoSuchEntityException: There is no such media asset with path "wysiwyg/collection/collection-performance.jpg" in /var/www/html/vendor/magento/module-media-gallery/Model/Asset/Command/GetByPath.php:81
Stack trace:
#0 /var/www/html/vendor/magento/module-media-content/Model/ExtractAssetsFromContent.php(88): Magento\MediaGallery\Model\Asset\Command\GetByPath->execute()
#1 /var/www/html/vendor/magento/module-media-content/Model/ExtractAssetsFromContent.php(70): Magento\MediaContent\Model\ExtractAssetsFromContent->getAssetsByPaths()
#2 /var/www/html/vendor/magento/module-media-content/Model/UpdateContentAssetLinks.php(109): Magento\MediaContent\Model\ExtractAssetsFromContent->execute()
#3 /var/www/html/vendor/magento/module-media-content/Model/UpdateContentAssetLinks.php(91): Magento\MediaContent\Model\UpdateContentAssetLinks->updateRelation()
#4 /var/www/html/vendor/magento/module-media-content-cms/Observer/Block.php(82): Magento\MediaContent\Model\UpdateContentAssetLinks->execute()
#5 /var/www/html/vendor/magento/framework/Event/Invoker/InvokerDefault.php(88): Magento\MediaContentCms\Observer\Block->execute()
#6 /var/www/html/vendor/magento/framework/Event/Invoker/InvokerDefault.php(74): Magento\Framework\Event\Invoker\InvokerDefault->_callObserverMethod()
#7 /var/www/html/vendor/magento/framework/Event/Manager.php(65): Magento\Framework\Event\Invoker\InvokerDefault->dispatch()
#8 /var/www/html/generated/code/Magento/Framework/Event/Manager/Proxy.php(105): Magento\Framework\Event\Manager->dispatch()
#9 /var/www/html/vendor/magento/framework/Model/AbstractModel.php(866): Magento\Framework\Event\Manager\Proxy->dispatch()
#10 /var/www/html/vendor/magento/framework/EntityManager/Observer/AfterEntitySave.php(34): Magento\Framework\Model\AbstractModel->afterSave()
#11 /var/www/html/vendor/magento/framework/Event/Invoker/InvokerDefault.php(88): Magento\Framework\EntityManager\Observer\AfterEntitySave->execute()
#12 /var/www/html/vendor/magento/framework/Event/Invoker/InvokerDefault.php(74): Magento\Framework\Event\Invoker\InvokerDefault->_callObserverMethod()
#13 /var/www/html/vendor/magento/framework/Event/Manager.php(65): Magento\Framework\Event\Invoker\InvokerDefault->dispatch()
#14 /var/www/html/generated/code/Magento/Framework/Event/Manager/Proxy.php(105): Magento\Framework\Event\Manager->dispatch()
#15 /var/www/html/vendor/magento/framework/EntityManager/EventManager.php(49): Magento\Framework\Event\Manager\Proxy->dispatch()
#16 /var/www/html/vendor/magento/framework/EntityManager/Operation/Create.php(123): Magento\Framework\EntityManager\EventManager->dispatchEntityEvent()
#17 /var/www/html/vendor/magento/framework/EntityManager/EntityManager.php(106): Magento\Framework\EntityManager\Operation\Create->execute()
#18 /var/www/html/vendor/magento/module-cms/Model/ResourceModel/Block.php(247): Magento\Framework\EntityManager\EntityManager->save()
#19 /var/www/html/vendor/magento/framework/Model/AbstractModel.php(682): Magento\Cms\Model\ResourceModel\Block->save()
#20 /var/www/html/vendor/magento/module-cms-sample-data/Model/Block.php(98): Magento\Framework\Model\AbstractModel->save()
#21 /var/www/html/vendor/magento/module-cms-sample-data/Model/Block.php(77): Magento\CmsSampleData\Model\Block->saveCmsBlock()
#22 /var/www/html/vendor/magento/module-cms-sample-data/Setup/Installer.php(60): Magento\CmsSampleData\Model\Block->install()
#23 [internal function]: Magento\CmsSampleData\Setup\Installer->install()
#24 /var/www/html/vendor/magento/framework/App/State.php(183): call_user_func_array()
#25 /var/www/html/generated/code/Magento/Framework/App/State/Interceptor.php(68): Magento\Framework\App\State->emulateAreaCode()
#26 /var/www/html/vendor/magento/framework/Setup/SampleData/Executor.php(54): Magento\Framework\App\State\Interceptor->emulateAreaCode()
#27 /var/www/html/vendor/magento/module-cms-sample-data/Setup/Patch/Data/InstallCmsSampleData.php(47): Magento\Framework\Setup\SampleData\Executor->exec()
#28 /var/www/html/vendor/magento/framework/Setup/Patch/PatchApplier.php(301): Magento\CmsSampleData\Setup\Patch\Data\InstallCmsSampleData->apply()
#29 /var/www/html/vendor/magento/framework/Setup/Patch/PatchApplier.php(165): Magento\Framework\Setup\Patch\PatchApplier->applyPatch()
#30 /var/www/html/setup/src/Magento/Setup/Model/Installer.php(1148): Magento\Framework\Setup\Patch\PatchApplier->applyDataPatch()
#31 /var/www/html/setup/src/Magento/Setup/Model/Installer.php(1020): Magento\Setup\Model\Installer->handleDBSchemaData()
#32 /var/www/html/setup/src/Magento/Setup/Console/Command/UpgradeCommand.php(167): Magento\Setup\Model\Installer->installDataFixtures()
#33 /var/www/html/vendor/symfony/console/Command/Command.php(341): Magento\Setup\Console\Command\UpgradeCommand->execute()
#34 /var/www/html/vendor/symfony/console/Application.php(1094): Symfony\Component\Console\Command\Command->run()
#35 /var/www/html/vendor/symfony/console/Application.php(356): Symfony\Component\Console\Application->doRunCommand()
#36 /var/www/html/vendor/magento/framework/Console/Cli.php(137): Symfony\Component\Console\Application->doRun()
#37 /var/www/html/vendor/symfony/console/Application.php(195): Magento\Framework\Console\Cli->doRun()
#38 /var/www/html/bin/magento(23): Symfony\Component\Console\Application->run()
#39 {main} {"exception":"[object] (Magento\\Framework\\Exception\\NoSuchEntityException(code: 0): There is no such media asset with path \"wysiwyg/collection/collection-performance.jpg\" at /var/www/html/vendor/magento/module-media-gallery/Model/Asset/Command/GetByPath.php:81)"} []
[2026-07-30T04:14:00.327416+00:00] main.CRITICAL: Magento\Framework\Exception\NoSuchEntityException: There is no such media asset with path "wysiwyg/collection/collection-performance.jpg" in /var/www/html/vendor/magento/module-media-gallery/Model/Asset/Command/GetByPath.php:81
Stack trace:
#0 /var/www/html/vendor/magento/module-media-content/Model/ExtractAssetsFromContent.php(88): Magento\MediaGallery\Model\Asset\Command\GetByPath->execute()
#1 /var/www/html/vendor/magento/module-media-content/Model/ExtractAssetsFromContent.php(70): Magento\MediaContent\Model\ExtractAssetsFromContent->getAssetsByPaths()
#2 /var/www/html/vendor/magento/module-media-content/Model/UpdateContentAssetLinks.php(109): Magento\MediaContent\Model\ExtractAssetsFromContent->execute()
#3 /var/www/html/vendor/magento/module-media-content/Model/UpdateContentAssetLinks.php(91): Magento\MediaContent\Model\UpdateContentAssetLinks->updateRelation()
#4 /var/www/html/vendor/magento/module-media-content-cms/Observer/Block.php(82): Magento\MediaContent\Model\UpdateContentAssetLinks->execute()
#5 /var/www/html/vendor/magento/framework/Event/Invoker/InvokerDefault.php(88): Magento\MediaContentCms\Observer\Block->execute()
#6 /var/www/html/vendor/magento/framework/Event/Invoker/InvokerDefault.php(74): Magento\Framework\Event\Invoker\InvokerDefault->_callObserverMethod()
#7 /var/www/html/vendor/magento/framework/Event/Manager.php(65): Magento\Framework\Event\Invoker\InvokerDefault->dispatch()
#8 /var/www/html/generated/code/Magento/Framework/Event/Manager/Proxy.php(105): Magento\Framework\Event\Manager->dispatch()
#9 /var/www/html/vendor/magento/framework/Model/AbstractModel.php(866): Magento\Framework\Event\Manager\Proxy->dispatch()
#10 /var/www/html/vendor/magento/framework/EntityManager/Observer/AfterEntitySave.php(34): Magento\Framework\Model\AbstractModel->afterSave()
#11 /var/www/html/vendor/magento/framework/Event/Invoker/InvokerDefault.php(88): Magento\Framework\EntityManager\Observer\AfterEntitySave->execute()
#12 /var/www/html/vendor/magento/framework/Event/Invoker/InvokerDefault.php(74): Magento\Framework\Event\Invoker\InvokerDefault->_callObserverMethod()
#13 /var/www/html/vendor/magento/framework/Event/Manager.php(65): Magento\Framework\Event\Invoker\InvokerDefault->dispatch()
#14 /var/www/html/generated/code/Magento/Framework/Event/Manager/Proxy.php(105): Magento\Framework\Event\Manager->dispatch()
#15 /var/www/html/vendor/magento/framework/EntityManager/EventManager.php(49): Magento\Framework\Event\Manager\Proxy->dispatch()
#16 /var/www/html/vendor/magento/framework/EntityManager/Operation/Create.php(123): Magento\Framework\EntityManager\EventManager->dispatchEntityEvent()
#17 /var/www/html/vendor/magento/framework/EntityManager/EntityManager.php(106): Magento\Framework\EntityManager\Operation\Create->execute()
#18 /var/www/html/vendor/magento/module-cms/Model/ResourceModel/Block.php(247): Magento\Framework\EntityManager\EntityManager->save()
#19 /var/www/html/vendor/magento/framework/Model/AbstractModel.php(682): Magento\Cms\Model\ResourceModel\Block->save()
#20 /var/www/html/vendor/magento/module-cms-sample-data/Model/Block.php(98): Magento\Framework\Model\AbstractModel->save()
#21 /var/www/html/vendor/magento/module-cms-sample-data/Model/Block.php(77): Magento\CmsSampleData\Model\Block->saveCmsBlock()
#22 /var/www/html/vendor/magento/module-cms-sample-data/Setup/Installer.php(60): Magento\CmsSampleData\Model\Block->install()
#23 [internal function]: Magento\CmsSampleData\Setup\Installer->install()
#24 /var/www/html/vendor/magento/framework/App/State.php(183): call_user_func_array()
#25 /var/www/html/generated/code/Magento/Framework/App/State/Interceptor.php(68): Magento\Framework\App\State->emulateAreaCode()
#26 /var/www/html/vendor/magento/framework/Setup/SampleData/Executor.php(54): Magento\Framework\App\State\Interceptor->emulateAreaCode()
#27 /var/www/html/vendor/magento/module-cms-sample-data/Setup/Patch/Data/InstallCmsSampleData.php(47): Magento\Framework\Setup\SampleData\Executor->exec()
#28 /var/www/html/vendor/magento/framework/Setup/Patch/PatchApplier.php(301): Magento\CmsSampleData\Setup\Patch\Data\InstallCmsSampleData->apply()
#29 /var/www/html/vendor/magento/framework/Setup/Patch/PatchApplier.php(165): Magento\Framework\Setup\Patch\PatchApplier->applyPatch()
#30 /var/www/html/setup/src/Magento/Setup/Model/Installer.php(1148): Magento\Framework\Setup\Patch\PatchApplier->applyDataPatch()
#31 /var/www/html/setup/src/Magento/Setup/Model/Installer.php(1020): Magento\Setup\Model\Installer->handleDBSchemaData()
#32 /var/www/html/setup/src/Magento/Setup/Console/Command/UpgradeCommand.php(167): Magento\Setup\Model\Installer->installDataFixtures()
#33 /var/www/html/vendor/symfony/console/Command/Command.php(341): Magento\Setup\Console\Command\UpgradeCommand->execute()
#34 /var/www/html/vendor/symfony/console/Application.php(1094): Symfony\Component\Console\Command\Command->run()
#35 /var/www/html/vendor/symfony/console/Application.php(356): Symfony\Component\Console\Application->doRunCommand()
#36 /var/www/html/vendor/magento/framework/Console/Cli.php(137): Symfony\Component\Console\Application->doRun()
#37 /var/www/html/vendor/symfony/console/Application.php(195): Magento\Framework\Console\Cli->doRun()
#38 /var/www/html/bin/magento(23): Symfony\Component\Console\Application->run()
#39 {main}

Next Magento\Framework\Exception\IntegrationException: An error occurred during get media asset list: There is no such media asset with path "wysiwyg/collection/collection-performance.jpg" in /var/www/html/vendor/magento/module-media-gallery/Model/Asset/Command/GetByPath.php:103
Stack trace:
#0 /var/www/html/vendor/magento/module-media-content/Model/ExtractAssetsFromContent.php(88): Magento\MediaGallery\Model\Asset\Command\GetByPath->execute()
#1 /var/www/html/vendor/magento/module-media-content/Model/ExtractAssetsFromContent.php(70): Magento\MediaContent\Model\ExtractAssetsFromContent->getAssetsByPaths()
#2 /var/www/html/vendor/magento/module-media-content/Model/UpdateContentAssetLinks.php(109): Magento\MediaContent\Model\ExtractAssetsFromContent->execute()
#3 /var/www/html/vendor/magento/module-media-content/Model/UpdateContentAssetLinks.php(91): Magento\MediaContent\Model\UpdateContentAssetLinks->updateRelation()
#4 /var/www/html/vendor/magento/module-media-content-cms/Observer/Block.php(82): Magento\MediaContent\Model\UpdateContentAssetLinks->execute()
#5 /var/www/html/vendor/magento/framework/Event/Invoker/InvokerDefault.php(88): Magento\MediaContentCms\Observer\Block->execute()
#6 /var/www/html/vendor/magento/framework/Event/Invoker/InvokerDefault.php(74): Magento\Framework\Event\Invoker\InvokerDefault->_callObserverMethod()
#7 /var/www/html/vendor/magento/framework/Event/Manager.php(65): Magento\Framework\Event\Invoker\InvokerDefault->dispatch()
#8 /var/www/html/generated/code/Magento/Framework/Event/Manager/Proxy.php(105): Magento\Framework\Event\Manager->dispatch()
#9 /var/www/html/vendor/magento/framework/Model/AbstractModel.php(866): Magento\Framework\Event\Manager\Proxy->dispatch()
#10 /var/www/html/vendor/magento/framework/EntityManager/Observer/AfterEntitySave.php(34): Magento\Framework\Model\AbstractModel->afterSave()
#11 /var/www/html/vendor/magento/framework/Event/Invoker/InvokerDefault.php(88): Magento\Framework\EntityManager\Observer\AfterEntitySave->execute()
#12 /var/www/html/vendor/magento/framework/Event/Invoker/InvokerDefault.php(74): Magento\Framework\Event\Invoker\InvokerDefault->_callObserverMethod()
#13 /var/www/html/vendor/magento/framework/Event/Manager.php(65): Magento\Framework\Event\Invoker\InvokerDefault->dispatch()
#14 /var/www/html/generated/code/Magento/Framework/Event/Manager/Proxy.php(105): Magento\Framework\Event\Manager->dispatch()
#15 /var/www/html/vendor/magento/framework/EntityManager/EventManager.php(49): Magento\Framework\Event\Manager\Proxy->dispatch()
#16 /var/www/html/vendor/magento/framework/EntityManager/Operation/Create.php(123): Magento\Framework\EntityManager\EventManager->dispatchEntityEvent()
#17 /var/www/html/vendor/magento/framework/EntityManager/EntityManager.php(106): Magento\Framework\EntityManager\Operation\Create->execute()
#18 /var/www/html/vendor/magento/module-cms/Model/ResourceModel/Block.php(247): Magento\Framework\EntityManager\EntityManager->save()
#19 /var/www/html/vendor/magento/framework/Model/AbstractModel.php(682): Magento\Cms\Model\ResourceModel\Block->save()
#20 /var/www/html/vendor/magento/module-cms-sample-data/Model/Block.php(98): Magento\Framework\Model\AbstractModel->save()
#21 /var/www/html/vendor/magento/module-cms-sample-data/Model/Block.php(77): Magento\CmsSampleData\Model\Block->saveCmsBlock()
#22 /var/www/html/vendor/magento/module-cms-sample-data/Setup/Installer.php(60): Magento\CmsSampleData\Model\Block->install()
#23 [internal function]: Magento\CmsSampleData\Setup\Installer->install()
#24 /var/www/html/vendor/magento/framework/App/State.php(183): call_user_func_array()
#25 /var/www/html/generated/code/Magento/Framework/App/State/Interceptor.php(68): Magento\Framework\App\State->emulateAreaCode()
#26 /var/www/html/vendor/magento/framework/Setup/SampleData/Executor.php(54): Magento\Framework\App\State\Interceptor->emulateAreaCode()
#27 /var/www/html/vendor/magento/module-cms-sample-data/Setup/Patch/Data/InstallCmsSampleData.php(47): Magento\Framework\Setup\SampleData\Executor->exec()
#28 /var/www/html/vendor/magento/framework/Setup/Patch/PatchApplier.php(301): Magento\CmsSampleData\Setup\Patch\Data\InstallCmsSampleData->apply()
#29 /var/www/html/vendor/magento/framework/Setup/Patch/PatchApplier.php(165): Magento\Framework\Setup\Patch\PatchApplier->applyPatch()
#30 /var/www/html/setup/src/Magento/Setup/Model/Installer.php(1148): Magento\Framework\Setup\Patch\PatchApplier->applyDataPatch()
#31 /var/www/html/setup/src/Magento/Setup/Model/Installer.php(1020): Magento\Setup\Model\Installer->handleDBSchemaData()
#32 /var/www/html/setup/src/Magento/Setup/Console/Command/UpgradeCommand.php(167): Magento\Setup\Model\Installer->installDataFixtures()
#33 /var/www/html/vendor/symfony/console/Command/Command.php(341): Magento\Setup\Console\Command\UpgradeCommand->execute()
#34 /var/www/html/vendor/symfony/console/Application.php(1094): Symfony\Component\Console\Command\Command->run()
#35 /var/www/html/vendor/symfony/console/Application.php(356): Symfony\Component\Console\Application->doRunCommand()
#36 /var/www/html/vendor/magento/framework/Console/Cli.php(137): Symfony\Component\Console\Application->doRun()
#37 /var/www/html/vendor/symfony/console/Application.php(195): Magento\Framework\Console\Cli->doRun()
#38 /var/www/html/bin/magento(23): Symfony\Component\Console\Application->run()
#39 {main} {"exception":"[object] (Magento\\Framework\\Exception\\IntegrationException(code: 0): An error occurred during get media asset list: There is no such media asset with path \"wysiwyg/collection/collection-performance.jpg\" at /var/www/html/vendor/magento/module-media-gallery/Model/Asset/Command/GetByPath.php:103)
[previous exception] [object] (Magento\\Framework\\Exception\\NoSuchEntityException(code: 0): There is no such media asset with path \"wysiwyg/collection/collection-performance.jpg\" at /var/www/html/vendor/magento/module-media-gallery/Model/Asset/Command/GetByPath.php:81)"} []
[2026-07-30T04:14:00.328230+00:00] main.CRITICAL: Magento\Framework\Exception\NoSuchEntityException: There is no such media asset with path "wysiwyg/collection/collection-eco.jpg" in /var/www/html/vendor/magento/module-media-gallery/Model/Asset/Command/GetByPath.php:81
Stack trace:
#0 /var/www/html/vendor/magento/module-media-content/Model/ExtractAssetsFromContent.php(88): Magento\MediaGallery\Model\Asset\Command\GetByPath->execute()
#1 /var/www/html/vendor/magento/module-media-content/Model/ExtractAssetsFromContent.php(70): Magento\MediaContent\Model\ExtractAssetsFromContent->getAssetsByPaths()
#2 /var/www/html/vendor/magento/module-media-content/Model/UpdateContentAssetLinks.php(109): Magento\MediaContent\Model\ExtractAssetsFromContent->execute()
#3 /var/www/html/vendor/magento/module-media-content/Model/UpdateContentAssetLinks.php(91): Magento\MediaContent\Model\UpdateContentAssetLinks->updateRelation()
#4 /var/www/html/vendor/magento/module-media-content-cms/Observer/Block.php(82): Magento\MediaContent\Model\UpdateContentAssetLinks->execute()
#5 /var/www/html/vendor/magento/framework/Event/Invoker/InvokerDefault.php(88): Magento\MediaContentCms\Observer\Block->execute()
#6 /var/www/html/vendor/magento/framework/Event/Invoker/InvokerDefault.php(74): Magento\Framework\Event\Invoker\InvokerDefault->_callObserverMethod()
#7 /var/www/html/vendor/magento/framework/Event/Manager.php(65): Magento\Framework\Event\Invoker\InvokerDefault->dispatch()
#8 /var/www/html/generated/code/Magento/Framework/Event/Manager/Proxy.php(105): Magento\Framework\Event\Manager->dispatch()
#9 /var/www/html/vendor/magento/framework/Model/AbstractModel.php(866): Magento\Framework\Event\Manager\Proxy->dispatch()
#10 /var/www/html/vendor/magento/framework/EntityManager/Observer/AfterEntitySave.php(34): Magento\Framework\Model\AbstractModel->afterSave()
#11 /var/www/html/vendor/magento/framework/Event/Invoker/InvokerDefault.php(88): Magento\Framework\EntityManager\Observer\AfterEntitySave->execute()
#12 /var/www/html/vendor/magento/framework/Event/Invoker/InvokerDefault.php(74): Magento\Framework\Event\Invoker\InvokerDefault->_callObserverMethod()
#13 /var/www/html/vendor/magento/framework/Event/Manager.php(65): Magento\Framework\Event\Invoker\InvokerDefault->dispatch()
#14 /var/www/html/generated/code/Magento/Framework/Event/Manager/Proxy.php(105): Magento\Framework\Event\Manager->dispatch()
#15 /var/www/html/vendor/magento/framework/EntityManager/EventManager.php(49): Magento\Framework\Event\Manager\Proxy->dispatch()
#16 /var/www/html/vendor/magento/framework/EntityManager/Operation/Create.php(123): Magento\Framework\EntityManager\EventManager->dispatchEntityEvent()
#17 /var/www/html/vendor/magento/framework/EntityManager/EntityManager.php(106): Magento\Framework\EntityManager\Operation\Create->execute()
#18 /var/www/html/vendor/magento/module-cms/Model/ResourceModel/Block.php(247): Magento\Framework\EntityManager\EntityManager->save()
#19 /var/www/html/vendor/magento/framework/Model/AbstractModel.php(682): Magento\Cms\Model\ResourceModel\Block->save()
#20 /var/www/html/vendor/magento/module-cms-sample-data/Model/Block.php(98): Magento\Framework\Model\AbstractModel->save()
#21 /var/www/html/vendor/magento/module-cms-sample-data/Model/Block.php(77): Magento\CmsSampleData\Model\Block->saveCmsBlock()
#22 /var/www/html/vendor/magento/module-cms-sample-data/Setup/Installer.php(60): Magento\CmsSampleData\Model\Block->install()
#23 [internal function]: Magento\CmsSampleData\Setup\Installer->install()
#24 /var/www/html/vendor/magento/framework/App/State.php(183): call_user_func_array()
#25 /var/www/html/generated/code/Magento/Framework/App/State/Interceptor.php(68): Magento\Framework\App\State->emulateAreaCode()
#26 /var/www/html/vendor/magento/framework/Setup/SampleData/Executor.php(54): Magento\Framework\App\State\Interceptor->emulateAreaCode()
#27 /var/www/html/vendor/magento/module-cms-sample-data/Setup/Patch/Data/InstallCmsSampleData.php(47): Magento\Framework\Setup\SampleData\Executor->exec()
#28 /var/www/html/vendor/magento/framework/Setup/Patch/PatchApplier.php(301): Magento\CmsSampleData\Setup\Patch\Data\InstallCmsSampleData->apply()
#29 /var/www/html/vendor/magento/framework/Setup/Patch/PatchApplier.php(165): Magento\Framework\Setup\Patch\PatchApplier->applyPatch()
#30 /var/www/html/setup/src/Magento/Setup/Model/Installer.php(1148): Magento\Framework\Setup\Patch\PatchApplier->applyDataPatch()
#31 /var/www/html/setup/src/Magento/Setup/Model/Installer.php(1020): Magento\Setup\Model\Installer->handleDBSchemaData()
#32 /var/www/html/setup/src/Magento/Setup/Console/Command/UpgradeCommand.php(167): Magento\Setup\Model\Installer->installDataFixtures()
#33 /var/www/html/vendor/symfony/console/Command/Command.php(341): Magento\Setup\Console\Command\UpgradeCommand->execute()
#34 /var/www/html/vendor/symfony/console/Application.php(1094): Symfony\Component\Console\Command\Command->run()
#35 /var/www/html/vendor/symfony/console/Application.php(356): Symfony\Component\Console\Application->doRunCommand()
#36 /var/www/html/vendor/magento/framework/Console/Cli.php(137): Symfony\Component\Console\Application->doRun()
#37 /var/www/html/vendor/symfony/console/Application.php(195): Magento\Framework\Console\Cli->doRun()
#38 /var/www/html/bin/magento(23): Symfony\Component\Console\Application->run()
#39 {main} {"exception":"[object] (Magento\\Framework\\Exception\\NoSuchEntityException(code: 0): There is no such media asset with path \"wysiwyg/collection/collection-eco.jpg\" at /var/www/html/vendor/magento/module-media-gallery/Model/Asset/Command/GetByPath.php:81)"} []
[2026-07-30T04:14:00.328346+00:00] main.CRITICAL: Magento\Framework\Exception\NoSuchEntityException: There is no such media asset with path "wysiwyg/collection/collection-eco.jpg" in /var/www/html/vendor/magento/module-media-gallery/Model/Asset/Command/GetByPath.php:81
Stack trace:
#0 /var/www/html/vendor/magento/module-media-content/Model/ExtractAssetsFromContent.php(88): Magento\MediaGallery\Model\Asset\Command\GetByPath->execute()
#1 /var/www/html/vendor/magento/module-media-content/Model/ExtractAssetsFromContent.php(70): Magento\MediaContent\Model\ExtractAssetsFromContent->getAssetsByPaths()
#2 /var/www/html/vendor/magento/module-media-content/Model/UpdateContentAssetLinks.php(109): Magento\MediaContent\Model\ExtractAssetsFromContent->execute()
#3 /var/www/html/vendor/magento/module-media-content/Model/UpdateContentAssetLinks.php(91): Magento\MediaContent\Model\UpdateContentAssetLinks->updateRelation()
#4 /var/www/html/vendor/magento/module-media-content-cms/Observer/Block.php(82): Magento\MediaContent\Model\UpdateContentAssetLinks->execute()
#5 /var/www/html/vendor/magento/framework/Event/Invoker/InvokerDefault.php(88): Magento\MediaContentCms\Observer\Block->execute()
#6 /var/www/html/vendor/magento/framework/Event/Invoker/InvokerDefault.php(74): Magento\Framework\Event\Invoker\InvokerDefault->_callObserverMethod()
#7 /var/www/html/vendor/magento/framework/Event/Manager.php(65): Magento\Framework\Event\Invoker\InvokerDefault->dispatch()
#8 /var/www/html/generated/code/Magento/Framework/Event/Manager/Proxy.php(105): Magento\Framework\Event\Manager->dispatch()
#9 /var/www/html/vendor/magento/framework/Model/AbstractModel.php(866): Magento\Framework\Event\Manager\Proxy->dispatch()
#10 /var/www/html/vendor/magento/framework/EntityManager/Observer/AfterEntitySave.php(34): Magento\Framework\Model\AbstractModel->afterSave()
#11 /var/www/html/vendor/magento/framework/Event/Invoker/InvokerDefault.php(88): Magento\Framework\EntityManager\Observer\AfterEntitySave->execute()
#12 /var/www/html/vendor/magento/framework/Event/Invoker/InvokerDefault.php(74): Magento\Framework\Event\Invoker\InvokerDefault->_callObserverMethod()
#13 /var/www/html/vendor/magento/framework/Event/Manager.php(65): Magento\Framework\Event\Invoker\InvokerDefault->dispatch()
#14 /var/www/html/generated/code/Magento/Framework/Event/Manager/Proxy.php(105): Magento\Framework\Event\Manager->dispatch()
#15 /var/www/html/vendor/magento/framework/EntityManager/EventManager.php(49): Magento\Framework\Event\Manager\Proxy->dispatch()
#16 /var/www/html/vendor/magento/framework/EntityManager/Operation/Create.php(123): Magento\Framework\EntityManager\EventManager->dispatchEntityEvent()
#17 /var/www/html/vendor/magento/framework/EntityManager/EntityManager.php(106): Magento\Framework\EntityManager\Operation\Create->execute()
#18 /var/www/html/vendor/magento/module-cms/Model/ResourceModel/Block.php(247): Magento\Framework\EntityManager\EntityManager->save()
#19 /var/www/html/vendor/magento/framework/Model/AbstractModel.php(682): Magento\Cms\Model\ResourceModel\Block->save()
#20 /var/www/html/vendor/magento/module-cms-sample-data/Model/Block.php(98): Magento\Framework\Model\AbstractModel->save()
#21 /var/www/html/vendor/magento/module-cms-sample-data/Model/Block.php(77): Magento\CmsSampleData\Model\Block->saveCmsBlock()
#22 /var/www/html/vendor/magento/module-cms-sample-data/Setup/Installer.php(60): Magento\CmsSampleData\Model\Block->install()
#23 [internal function]: Magento\CmsSampleData\Setup\Installer->install()
#24 /var/www/html/vendor/magento/framework/App/State.php(183): call_user_func_array()
#25 /var/www/html/generated/code/Magento/Framework/App/State/Interceptor.php(68): Magento\Framework\App\State->emulateAreaCode()
#26 /var/www/html/vendor/magento/framework/Setup/SampleData/Executor.php(54): Magento\Framework\App\State\Interceptor->emulateAreaCode()
#27 /var/www/html/vendor/magento/module-cms-sample-data/Setup/Patch/Data/InstallCmsSampleData.php(47): Magento\Framework\Setup\SampleData\Executor->exec()
#28 /var/www/html/vendor/magento/framework/Setup/Patch/PatchApplier.php(301): Magento\CmsSampleData\Setup\Patch\Data\InstallCmsSampleData->apply()
#29 /var/www/html/vendor/magento/framework/Setup/Patch/PatchApplier.php(165): Magento\Framework\Setup\Patch\PatchApplier->applyPatch()
#30 /var/www/html/setup/src/Magento/Setup/Model/Installer.php(1148): Magento\Framework\Setup\Patch\PatchApplier->applyDataPatch()
#31 /var/www/html/setup/src/Magento/Setup/Model/Installer.php(1020): Magento\Setup\Model\Installer->handleDBSchemaData()
#32 /var/www/html/setup/src/Magento/Setup/Console/Command/UpgradeCommand.php(167): Magento\Setup\Model\Installer->installDataFixtures()
#33 /var/www/html/vendor/symfony/console/Command/Command.php(341): Magento\Setup\Console\Command\UpgradeCommand->execute()
#34 /var/www/html/vendor/symfony/console/Application.php(1094): Symfony\Component\Console\Command\Command->run()
#35 /var/www/html/vendor/symfony/console/Application.php(356): Symfony\Component\Console\Application->doRunCommand()
#36 /var/www/html/vendor/magento/framework/Console/Cli.php(137): Symfony\Component\Console\Application->doRun()
#37 /var/www/html/vendor/symfony/console/Application.php(195): Magento\Framework\Console\Cli->doRun()
#38 /var/www/html/bin/magento(23): Symfony\Component\Console\Application->run()
#39 {main}

Next Magento\Framework\Exception\IntegrationException: An error occurred during get media asset list: There is no such media asset with path "wysiwyg/collection/collection-eco.jpg" in /var/www/html/vendor/magento/module-media-gallery/Model/Asset/Command/GetByPath.php:103
Stack trace:
#0 /var/www/html/vendor/magento/module-media-content/Model/ExtractAssetsFromContent.php(88): Magento\MediaGallery\Model\Asset\Command\GetByPath->execute()
#1 /var/www/html/vendor/magento/module-media-content/Model/ExtractAssetsFromContent.php(70): Magento\MediaContent\Model\ExtractAssetsFromContent->getAssetsByPaths()
#2 /var/www/html/vendor/magento/module-media-content/Model/UpdateContentAssetLinks.php(109): Magento\MediaContent\Model\ExtractAssetsFromContent->execute()
#3 /var/www/html/vendor/magento/module-media-content/Model/UpdateContentAssetLinks.php(91): Magento\MediaContent\Model\UpdateContentAssetLinks->updateRelation()
#4 /var/www/html/vendor/magento/module-media-content-cms/Observer/Block.php(82): Magento\MediaContent\Model\UpdateContentAssetLinks->execute()
#5 /var/www/html/vendor/magento/framework/Event/Invoker/InvokerDefault.php(88): Magento\MediaContentCms\Observer\Block->execute()
#6 /var/www/html/vendor/magento/framework/Event/Invoker/InvokerDefault.php(74): Magento\Framework\Event\Invoker\InvokerDefault->_callObserverMethod()
#7 /var/www/html/vendor/magento/framework/Event/Manager.php(65): Magento\Framework\Event\Invoker\InvokerDefault->dispatch()
#8 /var/www/html/generated/code/Magento/Framework/Event/Manager/Proxy.php(105): Magento\Framework\Event\Manager->dispatch()
#9 /var/www/html/vendor/magento/framework/Model/AbstractModel.php(866): Magento\Framework\Event\Manager\Proxy->dispatch()
#10 /var/www/html/vendor/magento/framework/EntityManager/Observer/AfterEntitySave.php(34): Magento\Framework\Model\AbstractModel->afterSave()
#11 /var/www/html/vendor/magento/framework/Event/Invoker/InvokerDefault.php(88): Magento\Framework\EntityManager\Observer\AfterEntitySave->execute()
#12 /var/www/html/vendor/magento/framework/Event/Invoker/InvokerDefault.php(74): Magento\Framework\Event\Invoker\InvokerDefault->_callObserverMethod()
#13 /var/www/html/vendor/magento/framework/Event/Manager.php(65): Magento\Framework\Event\Invoker\InvokerDefault->dispatch()
#14 /var/www/html/generated/code/Magento/Framework/Event/Manager/Proxy.php(105): Magento\Framework\Event\Manager->dispatch()
#15 /var/www/html/vendor/magento/framework/EntityManager/EventManager.php(49): Magento\Framework\Event\Manager\Proxy->dispatch()
#16 /var/www/html/vendor/magento/framework/EntityManager/Operation/Create.php(123): Magento\Framework\EntityManager\EventManager->dispatchEntityEvent()
#17 /var/www/html/vendor/magento/framework/EntityManager/EntityManager.php(106): Magento\Framework\EntityManager\Operation\Create->execute()
#18 /var/www/html/vendor/magento/module-cms/Model/ResourceModel/Block.php(247): Magento\Framework\EntityManager\EntityManager->save()
#19 /var/www/html/vendor/magento/framework/Model/AbstractModel.php(682): Magento\Cms\Model\ResourceModel\Block->save()
#20 /var/www/html/vendor/magento/module-cms-sample-data/Model/Block.php(98): Magento\Framework\Model\AbstractModel->save()
#21 /var/www/html/vendor/magento/module-cms-sample-data/Model/Block.php(77): Magento\CmsSampleData\Model\Block->saveCmsBlock()
#22 /var/www/html/vendor/magento/module-cms-sample-data/Setup/Installer.php(60): Magento\CmsSampleData\Model\Block->install()
#23 [internal function]: Magento\CmsSampleData\Setup\Installer->install()
#24 /var/www/html/vendor/magento/framework/App/State.php(183): call_user_func_array()
#25 /var/www/html/generated/code/Magento/Framework/App/State/Interceptor.php(68): Magento\Framework\App\State->emulateAreaCode()
#26 /var/www/html/vendor/magento/framework/Setup/SampleData/Executor.php(54): Magento\Framework\App\State\Interceptor->emulateAreaCode()
#27 /var/www/html/vendor/magento/module-cms-sample-data/Setup/Patch/Data/InstallCmsSampleData.php(47): Magento\Framework\Setup\SampleData\Executor->exec()
#28 /var/www/html/vendor/magento/framework/Setup/Patch/PatchApplier.php(301): Magento\CmsSampleData\Setup\Patch\Data\InstallCmsSampleData->apply()
#29 /var/www/html/vendor/magento/framework/Setup/Patch/PatchApplier.php(165): Magento\Framework\Setup\Patch\PatchApplier->applyPatch()
#30 /var/www/html/setup/src/Magento/Setup/Model/Installer.php(1148): Magento\Framework\Setup\Patch\PatchApplier->applyDataPatch()
#31 /var/www/html/setup/src/Magento/Setup/Model/Installer.php(1020): Magento\Setup\Model\Installer->handleDBSchemaData()
#32 /var/www/html/setup/src/Magento/Setup/Console/Command/UpgradeCommand.php(167): Magento\Setup\Model\Installer->installDataFixtures()
#33 /var/www/html/vendor/symfony/console/Command/Command.php(341): Magento\Setup\Console\Command\UpgradeCommand->execute()
#34 /var/www/html/vendor/symfony/console/Application.php(1094): Symfony\Component\Console\Command\Command->run()
#35 /var/www/html/vendor/symfony/console/Application.php(356): Symfony\Component\Console\Application->doRunCommand()
#36 /var/www/html/vendor/magento/framework/Console/Cli.php(137): Symfony\Component\Console\Application->doRun()
#37 /var/www/html/vendor/symfony/console/Application.php(195): Magento\Framework\Console\Cli->doRun()
#38 /var/www/html/bin/magento(23): Symfony\Component\Console\Application->run()
#39 {main} {"exception":"[object] (Magento\\Framework\\Exception\\IntegrationException(code: 0): An error occurred during get media asset list: There is no such media asset with path \"wysiwyg/collection/collection-eco.jpg\" at /var/www/html/vendor/magento/module-media-gallery/Model/Asset/Command/GetByPath.php:103)
[previous exception] [object] (Magento\\Framework\\Exception\\NoSuchEntityException(code: 0): There is no such media asset with path \"wysiwyg/collection/collection-eco.jpg\" at /var/www/html/vendor/magento/module-media-gallery/Model/Asset/Command/GetByPath.php:81)"} []
