Title,URL,"Page Type",Published,H1,"Meta Title","Meta Description","Search Filter Year","Search Filter Make","Search Filter Model","Search Categories","Search Terms",Content,"Featured On Home Page"
"Contact Us",contact-us,page,Yes,"Contact Us","Contact Us","Need help with your GM wholesale parts order or have questions on a particular GM OEM part? We're here to help!",,,,,,"<p><strong style=""background-color: initial;"">Support Email:</strong>&nbsp;&nbsp;<a style=""background-color: initial;"" href=""mailto:{$GlobalSupportEmail}"">{$GlobalSupportEmail}</a>.</p>
<br>
<p><strong>Please have your vehicle VIN available if you need assistance locating a part lookup</strong></p><p>Order Status Information can also be accessed online through the <a href=""{$GlobalHttpUrl}/index.php?p=order_status"">Order Status</a> page.</p>",
"GM Warranty Information",gm-warranty-info,page,Yes,"GM Warranty Information","GM Warranty Information",,,,,,,"<p>Genuine GM parts sold on GMWholesaleDirect.com carry a 12mo/unlimited mile warranty. &nbsp;If you have a problem with a GM part purchased from us within that time period, please contact us for information on how to return the part to us for credit, or replacement. &nbsp;Electrical parts that are defective may ONLY be exchanged for a new unit. &nbsp;Only electrical parts that are unopened may be returned for credit.</p><p>Since we do not manufacture parts, all parts sold on GMWholesaleDirect.com carry the manufacturers warranty. &nbsp;GMWholesaleDirect.com hereby expressly disclaims all warranties, expressed or implied, including any implied warranty of merchantability or fitness for a particular purpose.&nbsp; GMWholesaleDirect.com neither assumes nor authorizes any other person to assume for it any liability in connection with the sale of said parts or loss of use, loss of time, loss of profit or income, or any other incidental damages. &nbsp;This disclaimer in no way affect the provisions of any manufacturer or distributor warranties.</p><p>GM Powertrain products such as engines, transmissions, and transfer cases carry a separate warranty. &nbsp;Please click the link below to view these details:</p><p><a href=""//s3.amazonaws.com/rparts-sites/7b13ba8ba79cde1d3502b5b96e7702c3/images/custom/GM_SERVICE_REPLACEMENT_POWERTRAIN_Final.pdf"">Click here for details for the GM Powertrain Warranty</a></p>",
"GM Performance Parts",gm-performance-parts,page,Yes,"GM Performance Parts","GM Performance Parts Store","Get All The Performance Parts You Need For Your GM Vehicle At Discount Prices With Fast Shipping Right To Your Door",,,,,,,
"Core Returns",core-returns,page,Yes,"Core Returns","Core Returns",,,,,,,"<p><strong><span style=""text-decoration: underline;""><span style=""font-size: x-large;"">Core Returns</span></span></strong></p>
<p><span style=""font-size: medium;"">Some items have a core charge added to them. &nbsp;When you purchase a part with a core charge, the core amount will be added to the total price. &nbsp;This charge ensures that we will receive the old part back so we can send it back to GM for credit.</span></p>
<p><span style=""font-size: medium;"">In order to receive credit on your core, please return the item to:</span></p>
<p><span style=""font-size: medium;""><br></span></p>
<p><span style=""font-size: large;""><strong><span style=""font-size: medium;"">GM Wholesale Direct</span></strong></span></p>
<p><span style=""font-size: large;""><strong><span style=""font-size: medium;"">Attn: Core Returns</span></strong></span></p>
<p><span style=""font-size: large;""><strong><span style=""font-size: medium;"">5415 Kelley Moore Drive</span></strong></span></p>
<p><span style=""font-size: large;""><strong><span style=""font-size: medium;"">Winston Salem, NC 27105</span></strong></span></p>
<p><span style=""font-size: medium;""><br></span></p>
<p><span style=""font-size: medium;"">Please note:</span></p>
<p><span style=""font-size: medium;""><span style=""white-space: pre;""> <strong>-Core return shipping cost is the responsibility of the customer. </strong></span></span></p><p><span style=""font-size: medium;""><span style=""white-space: pre;""></span>-Cores need to be returned in the original box they were packed in.</span></p><p><span style=""font-size: medium;"">&nbsp;- <strong>PLEASE DO NOT COVER OR WRITE ON ANY OF THE GM LABELS ON THE PACKAGING.&nbsp; WE CANNOT ISSUE CREDIT IF THE LABELS ARE COVERED OR WRITTEN ON</strong></span></p>
<p><span style=""font-size: medium;""><span style=""white-space: pre;""> </span>-All engine/transmission cores must have all fluids drained and MUST be returned in the original crate they were shipped in.</span></p>

<p>If you have any questions, please contact us at <a href=""mailto:service@gmwholesaledirect.com"" style=""font-size: medium; background-color: initial;"">service@gmwholesaledirect.com</a></p>",
"Oil Filters",oil-filters,search,Yes,"GM Oil Filters","GM Oil Filters For Sale","Buy Genuine OEM GM Oil Filters At Discount Prices For All GM Models With Fast Affordable Delivery Right To Your Door!",,,,,"oil filters;gm oil filters;gm oil filter replacement;new gm oil filter","<p>Oil filters prevent particulate matter from entering your vehicle’s engine. Neglecting to change the oil filter allows contamination to build up and flow into the engine. This causes internal wear and tear that shortens an engine’s life. Most oil manufacturers recommend changing the oil filter when you get an oil change - every three months or 3,000 miles, whichever comes first. Of course, you should check your individual owner's manual to make sure. Find OEM oil filters here on our site when it's time for replacement.</p>",Yes
"Air Filters",air-filters,search,Yes,"GM Air Filters","GM Air Filters For Sale","Buy Genuine OEM GM Air Filters At Discount Prices For All GM Models With Fast Affordable Delivery Right To Your Door!",,,,,"air filters;gm air filters;original gm air filters;gmc air filters","<p>Replacing your vehicle’s air filter is necessary for preventing small particulates, such as sand and pollen, out of your car’s engine as well as helping to prevent fouled spark plugs. A dirty air filter can cause a decrease in gas mileage, create a too-rich air-to-fuel ratio that affects emissions and can increase engine deposits. Most auto makers recommend changing the air filter every 12,000 to 15,000 miles. If your check engine light is on, the engine idles roughly or “misses”, or you aren’t getting the gas mileage you’ve come to expect, it may be time to change the air filter.</p>",Yes
"Cabin Filters",cabin-filters,search,Yes,"GM Cabin Filters","GM Cabin Filters For Sale","Buy Genuine OEM GM Cabin Filters At Discount Prices For All GM Models With Fast Affordable Delivery Right To Your Door!",,,,,"cabin filters","<h2>Replacing a GM Cabin Air Filter 101</h2><p>Hypothetical situation. Air quality's gotten worse on the interior of your GM vehicle lately. Has it been 30,000 miles or so since you last inspected the cabin air filter? It's probably time to replace it.</p><p>When things start to smell dirty or stale, it's telling. Even more telling: when the engine starts working harder than it should, and the <a href=""/air-conditioning"">air conditioning</a> and heating stop working as well. The next step: run an inspection. Find restricted airflow? The cabin filter's almost certainly clogged -- and it's definitely time to replace it.</p><h3>What Does it Cost on Average?</h3><p>It can run <a href=""https://repairpal.com/estimator/cabin-air-filter-replacement-cost"" target=""_blank"">anywhere from $65 to $90</a>, usually. Sometimes, it's a little more expensive, depending on your GM model. Cabin filters for subcompact SUVs like the <a href=""/v-buick-encore"">Buick Encore</a>, for instance, you might save money on; they can run $50 to $70 or so on average. Bigger trucks and SUVs like <a href=""/v-chevrolet-silverado-1500"">Chevy Silverado 1500</a> and <a href=""/v-cadillac-escalade-esv"">Cadillac Escalade ESV</a>, though, can make things a little more expensive; their cabin filters can run $70 to $105 and $100 to $150 or so, respectively.</p><p>You're in luck; we'll save you money. Our replacements are not only genuine GM and guaranteed to fit your model but also steeply marked down. They're even easy to change yourself. Check your owner's manual for more specific directions, but often, it's just a matter of doing the following.</p><h3>How Do I Replace One?</h3><p><ol><li>Open the glove box, find and remove the pin and screw that hold it up, and lower the compartment.</li><li>Pull off the cover behind the box.</li><li>Take out the old filter and clean the housing area.</li><li>Put the new filter in, replace the cover, raise the compartment back up, put the screw and pin back in, and close the box.</li></ol></p><h2>Shop OEM Cabin Air Filters from GM Wholesale Direct in Winston-Salem NC</h2><p>Order now; we'll ship anywhere stateside, and fast. Contact us with any questions.</p>",No
"Brake Pads",brake-pads,search,Yes,"GM Brake Pads","GM Brake Pads For Sale","Buy Genuine OEM GM Brake Pads At Discount Prices For All GM Models With Fast Affordable Delivery Right To Your Door!",,,,,"brake pads","<h2>How Much Does Replacing the Brake Pads on a GM Vehicle Cost on Average?</h2><p>No matter what car, truck, or SUV you drive, replacing brake pads usually isn't cheap. On average, it can run at least $260. Most times, it's $300 or more.</p><p>Costs depend, for one, on the GM model. You might get lucky driving a <a href=""/v-buick-lesabre"">Buick LeSabre</a>, for instance; you can expect typical costs there to be a little better -- between $110 and $140 per axle on average. Drive a <a href=""/v-chevrolet-silverado-1500"">Chevy Silverado 1500</a>, however, or a <a href=""/v-gmc-sierra-1500"">GMC Sierra 1500</a>, and you can expect a little higher bottom line: more than $300 per axle on average, sometimes closer to $375. You might see some of the biggest bills for brake pads for luxury cars like <a href=""/v-cadillac-cts"">Cadillac CTS</a>; they run between $360 and $400 per axle on average.</p><p>Of course, costs can also vary by the kind of brake pads, too -- not only those your vehicle has, sure, but also those it's compatible with. In other words, between organic brake pads, for instance, which many GM cars use, and ceramic, metallic/semi-metallic, or even carbon fiber, which many GM SUVs and sports cars use. (<a href=""/v-chevrolet-camaro"">Chevy Camaro</a>, for one, can use either ceramic or semi-metallic brake pads.)</p><p>Good thing you came to us here at GM Wholesale Direct for replacements. We've got what you've been looking for; it's OEM-quality, guaranteed to fit, and best of all, we'll save you money -- most of our brake pads are steeply discounted. Not sure how to install them, though? No problem; a <a href=""https://oss.gm.com/oss_redesign/ui-modules_redesign/Landing"">certified GM service center</a> can help.</p><h2>Shop OEM GM Brake Pads from Winston-Salem NC</h2><p>Brake repairs aren't something you should let go too long; order today, and you'll have the job done in no time. We'll ship fast, anywhere in the US. Contact us with any questions.</p>",Yes
"Brake Shoes",brake-shoes,search,Yes,"GM Brake Shoes","GM Brake Shoes For Sale","Buy Genuine OEM GM Brake Shoes At Discount Prices For All GM Models With Fast Affordable Delivery Right To Your Door!",,,,,"brake shoes","<h2>How Can I Tell if My GM Brake Shoes are Bad?</h2><p>Imagine driving a <a href=""/v-chevrolet"">Chevrolet</a> truck like <a href=""/v-chevrolet-silverado-1500"">Silverado 1500</a>. You're stuck in heavy stop-and-go traffic around Winston-Salem: business as usual on, say, the 285, headed out of town. You hit the <a href=""/brakes"">brakes</a>, and you start hearing weird scrapes or squeaks. Worse yet, you let up again, as traffic eases -- but you can still hear them. Maybe stopping's starting to take longer, too.</p><p>You'll want to run home (or to a <a href=""https://oss.gm.com/oss_redesign/ui-modules_redesign/Landing"">GM dealer</a>) for an inspection. Find the parking brake's loose? Or at least, that it isn't working the way it should? Check the car's drum brakes next, including the <a href=""/brake-drums"">brake drums</a> themselves. Most likely, you've got a faulty brake shoe. If it's worn out, there's no fixing it; you'll need to replace it.</p><p>Luckily, <a href=""https://www.wikihow.com/Change-Rear-Brake-Shoes"" target=""_blank"">the job's straightforward</a>, and the average cost, for Chevy Silverado 1500 in this case, should run anywhere from $430 to around $500. (It's usually more like between $260 and $299, for most vehicles; exceptions are for bigger ones usually, like <a href=""/v-gmc-g1500"">GMC G1500</a> -- brake shoes for one of those can run between $350 and almost $400.) Of course, that'll depend on whether your drum brakes are the everyday kind, clasp brakes, pinch brakes, or band brakes, too.</p><h2>Shop OEM Brake Shoes at GM Wholesale Direct in Winston-Salem NC</h2><p>We'll ship fast, anywhere in the States. So, take advantage of GM quality at markdown prices; order today. Contact us with any questions.</p>",Yes
"Brake Rotors",brake-rotors,search,Yes,"GM Brake Rotors","GM Brake Rotors For Sale","Buy Genuine OEM GM Brake Rotors At Discount Prices For All GM Models With Fast Affordable Delivery Right To Your Door!",,,,,"brake rotors","<h2>How Much Does it Cost to Replace GM Brake Rotors on Average?</h2><p>GM <a href=""/brakes"">brakes</a> can get pricey to fix, and fast. Sometimes, that's because one brake problem -- <a href=""/brake-calipers"">bad calipers</a>, for instance, or worn-out <a href=""/brake-pads"">brake pads</a> -- leads to another, and suddenly, you've got a huge bill for the average replacement cost of those calipers and pads: $740 and $260 on average.</p><p>Of course, this doesn't include the <a href=""https://repairpal.com/estimator/brake-rotor-replacement-cost"" target=""_blank"">average cost of replacing brake rotors</a> -- anywhere from $290 or so to $400 or more, on average. Unfortunately, that bottom line can be even higher, some of the time, depending on the GM model you drive.</p><p>You might luck out driving a <a href=""/v-chevrolet-silverado-1500"">Chevrolet Silverado 1500</a>; brake rotor replacement for one can run $290 on average. An SUV like <a href=""/v-buick-encore"">Buick Encore</a>, though, or a truck like <a href=""/v-gmc-sierra-1500"">GMC Sierra 1500</a>, and you might be looking at more like $360 on average. It's with luxury cars like <a href=""/v-cadillac-srx"">Cadillac SRX</a> that things start getting more expensive: brake rotor replacement for one of those can run $490 on average.</p><p>Not here at GM Wholesale Direct though. We've got what you've been looking for, and for less; it's OEM-quality and steeply discounted. Not sure how to install brake rotors, though? No problem; a <a href=""https://oss.gm.com/oss_redesign/ui-modules_redesign/Landing"">GM dealer</a> or an authorized GM service center will be happy to help.</p><h2>Shop OEM GM Brake Rotors from Winston-Salem NC</h2><p>Order now. We'll ship anywhere stateside, and fast; you'll have the job done before you know it. Any questions? You're welcome to contact us.</p>",Yes
"Brake Drums",brake-drums,search,Yes,"GM Brake Drums","GM Brake Drums For Sale","Buy Genuine OEM GM Brake Drums At Discount Prices For All GM Models With Fast Affordable Delivery Right To Your Door!",,,,,"brake drums","<h2>Four Ways to Maintain GM Brake Drums</h2><p>Your vehicle's brake pedal's been feeling a little too low lately. Maybe the brakes have started to vibrate and shudder, too, or you're hearing them scrape or scratch. It could just be a loose parking brake, a case of a brake cable needing adjustment, or a worn brake shoe.</p><p>Most likely, though, you've got a bad brake drum or two. Inspect your rear brakes; if you find grooves, cracks, scoring, or heat spots, it's practically certain -- you'll have to replace them. Luckily, we've got what you need, and for less. It's GM quality, fit's guaranteed, and best of all, it's steeply discounted.</p><p>Not sure how to go about installation, though? Fortunately, whether you drive a car like <a href=""/v-chevrolet-malibu"">Chevy Malibu</a>, a truck like GMC Sierra 1500, or otherwise, the <a href=""https://www.wikihow.com/Replace-Drum-Brakes"" target=""_blank"">job's straightforward enough</a>, but if you need any help, <a href=""https://oss.gm.com/oss_redesign/ui-modules_redesign/Landing"" target=""_blank"">contact a GM dealer</a>; the pros can take care of things.</p><p>After that, it's a matter of keeping the drums in the best possible shape, for longer. There are four good ways to do that:</p><p><ol><li>Keep them clean, and so, less likely to scratch or crack, which can cause trouble stopping.</li><li>Avoid hard stops, and don't ""two-foot"" the gas and brake pedals.</li><li>Don't run heavy if you don't have to.</li><li>Bleed brakes every couple years, flushing and replacing the brake fluid.</li></ol></p><h2>Shop OEM Brake Drums at GM Wholesale Direct in Winston-Salem NC</h2><p>Order today; we'll ship anywhere nationwide, and fast. Contact us with any questions.</p>",Yes
"Brake Calipers",brake-calipers,search,Yes,"GM Brake Calipers","GM Brake Calipers For Sale","Buy Genuine OEM GM Brake Calipers At Discount Prices For All GM Models With Fast Affordable Delivery Right To Your Door!",,,,,"brake calipers","<h2>What Does Replacing GM Brake Calipers Cost on Average?</h2><p>Brake caliper replacement on just about any GM car or truck can get pricey, and fast. On average, it can run you anywhere from $800 to $1,000 or more.</p><p>Typically, for smaller cars like, say, <a href=""/v-buick-enclave"">Buick Enclave</a>, costs can be a little better -- closer to $500 on average, most of the time. Drive a truck like <a href=""/v-chevrolet-silverado-1500"">Chevy Silverado 1500</a>, though, and you can expect to pay $700 or so, sometimes more.</p><p>Luckily, we've got your replacements, and for less. They're GM quality, guaranteed to fit, and best of all, steeply marked down. Not sure how to go about installation? <a href=""https://www.wikihow.com/Change-a-Brake-Caliper"" target=""_blank"">Installing them</a> is pretty straightforward, but if you need help, you can <a href=""https://oss.gm.com/oss_redesign/ui-modules_redesign/Landing"" target=""_blank"">schedule a service appointment</a> at a GM dealer.</p><p>After that, it's just a matter of keeping the calipers in the best shape possible, for as long as possible. Some of the best ways to do that: avoiding hard stops, not riding your gas and brake pedals at the same time, only hauling cargo when you have to, and bleeding your brakes every couple years.</p><h2>Shop OEM Brake Calipers at GM Wholesale Direct in Winston-Salem NC</h2><p>Order now; we'll ship anywhere stateside. Contact us with any questions.</p>",Yes
"Shocks & Struts",shocks-and-struts,search,Yes,"GM Shocks & Struts","GM Shocks & Struts For Sale","Buy Genuine OEM GM Shocks & Struts At Discount Prices For All GM Models With Fast Affordable Delivery Right To Your Door!",,,,,"shocks;struts;gm shocks and struts;gm shocks;gm struts","<p>When should you consider replacing your shocks and struts? (1) When your vehicle has over 50,000 miles on it; (2) if the front end of your vehicle “nose dives” when braking hard and fast; (3) if your vehicle bounces excessively after hitting a bump; (4) if your vehicle veers in a crosswind, such as when you’re passing a tractor trailer; (5) if there is vibration in the steering wheel at speeds of 55 MPH or more (which could also be mistaken for an unbalanced tire); (6) if there is uneven or premature tread wear in one tire; (7) if there is fluid leaking in the vicinity of the wheels, especially if you commonly drive rocky or bumpy roads; (8) if there are dents in the shock or strut housing; (9) when your auto repair specialist recommends it. Shocks and struts should be examined every 12 months or 12,000 miles.</p>",Yes
"Lift Supports",lift-supports,search,Yes,"GM Lift Supports","GM Lift Supports For Sale","Buy Genuine OEM GM Lift Supports At Discount Prices For All GM Models With Fast Affordable Delivery Right To Your Door!",,,,,"lift supports","<h1>Importance of Choosing the Right Lift Supports</h1>
<p>Choosing the appropriate lift supports for your vehicle is critical for safety and functionality. These components are essential to running your vehicle, whether a hood lift support to keep your hood open while you work on the engine or a liftgate lift support to provide simple access to your trunk. High-quality lift supports keep the hood, liftgate, and other heavy pieces from dropping suddenly, safeguarding you and your vehicle from harm. Furthermore, investing in long-lasting lift supports means fewer replacements, which saves you money over time.</p>
<h2>Hood Lift Support</h2>
<p>The <a href=https://www.gmwholesaledirect.com/oem-parts/gm-hood-lift-support-85609791>hood lift support</a> holds your vehicle's hood open, allowing you to access the engine and other components easily. This lift support style is very beneficial during maintenance operations since it gives a secure and dependable grasp, preventing the hood from shutting abruptly. High-quality hood lift supports are designed to resist continuous usage and exposure to the weather, resulting in long-term performance.</p>
<h2>Lift Support Studs</h2>
<p><a href=https://www.gmwholesaledirect.com/oem-parts/gm-lift-support-stud-11612023>Lift support studs</a> are the connection points that link the lift supports to the vehicle. These studs are essential for effectively operating lift supports because they provide a solid and sturdy connection. Lift support studs can wear out or get broken over time, causing the lift supports to work poorly or fail altogether. To keep your lift supports working properly, inspect them regularly and, if required, replace the studs.</p>
<h2>Liftgate Lift Support</h2>
<p><a href=https://www.gmwholesaledirect.com/oem-parts/gm-liftgate-lift-support-39169063>Liftgate lift supports</a> hold your vehicle's liftgate open, allowing for simple access to the trunk or cargo compartment. These supports are necessary for loading and unloading big things because they secure the liftgate in position. Quality liftgate lift supports are built to endure the weight of the liftgate and regular use, assuring smooth and safe functioning every time you enter your vehicle's rear compartment.<br /><br />Ask us <strong><a href=https://www.gmwholesaledirect.com/contact-us>here</a></strong> to find the right parts and accessories for your needs.</p>",Yes
"Ball Joints",ball-joints,search,Yes,"GM Ball Joints","GM Ball Joints For Sale","Buy Genuine OEM GM Ball Joints At Discount Prices For All GM Models With Fast Affordable Delivery Right To Your Door!",,,,,"ball joints","<h2>3 Signs of Failing GM Ball Joints</h2><p>When ball joints go bad, it can be catastrophic. A joint's stud can separate from its housing, for instance -- or worse, just plain break. Inertia takes over then; the wheels on that <a href=""/v-chevrolet-silverado-1500"">Chevy Silverado 1500</a> you love -- they start moving in different directions. You lose control pretty quick after that; the <a href=""/wheels"">wheels</a> end up hitting your fenders and dragging the tires, and it all only stops when you stomp on the <a href=""/brakes"">brakes</a> -- or worse.</p><p>Avoid what's almost certainly going to end up a serious accident. Watch for the three main symptoms of a faulty ball joint, and catch things sooner rather than later -- or too late.</p><p><ol><li>Your steering starting to feel loose or vibrate</li><li>Unusual noises while steering</li><li>Abnormally worn tires</li></ol></p><p>The first two tell you that you've got front suspension problems, at least, but most likely, a loose ball joint. The third might indicate wheel misalignment, though, so run an inspection; check the ball joints themselves or the control arm bushings. If one, the other, or both are damaged, most likely, the joint's begun to transfer its motion to the bushing, almost certainly locking it up; put simply, it's failing.</p><h2>How Much Does Replacing a Ball Joint on a GM Vehicle Cost?</h2><p>Unfortunately, it's <a href="" https://repairpal.com/estimator/suspension-ball-joint-replacement-cost"" target=""_blank"">not cheap</a>. It'll run you $250 to $350 on average -- and that's apiece.</p><p>On a Chevy Silverado, for instance, it'll cost anywhere from $260 to almost $400 on average. On a <a href=""/v-gmc-sierra-1500"">GMC Sierra 1500</a>, $270 or more. A <a href=""/v-chevrolet-trailblazer"">Chevy Trailblazer</a>, at least $300. You'll need to do a front-end alignment afterward, too, which can run a couple hundred dollars.</p><h2>Shop OEM Ball Joints at GM Wholesale Direct in Winston-Salem NC</h2><p>We've got what you need; they're genuine GM, made to fit your ride, and best of all, steeply discounted. Plus, we'll ship anywhere in the US, fast. Contact us with any questions.</p>",Yes
"Control Arms",control-arms,search,Yes,"GM Control Arms","GM Control Arms For Sale","Buy Genuine OEM GM Control Arms At Discount Prices For All GM Models With Fast Affordable Delivery Right To Your Door!",,,,,"control arms","<h1>Extending the Life of Your Cadillac's Control Arms</h1>
<p>Control arms are an important part of your Cadillac's suspension system; they connect the wheel hub to the vehicle chassis and allow smooth, regulated movement. Ensuring the lifespan of these components is critical for your vehicle's performance and safety. Here are some basic ideas for extending the life of your Cadillac's control arms.</p>
<h2>Regular Inspections and Maintenance</h2>
<p>Routine inspections are critical for recognizing early symptoms of wear and tear in control arms. Check for cracks, corrosion, and worn <A href=https://www.gmwholesaledirect.com/oem-parts/gm-bushing-22597998>bushings</a>, which may indicate that the control arm is reaching the end of its useful life. Regular maintenance, including correct lubrication of moving parts, can help extend the life of your control arms by decreasing friction and preventing premature wear.</p>
<h2>Quality Replacement Parts</h2>
<p>Choosing high-quality components may make a big impact when it comes time to replace your control arms. There are reliable OEM solutions tailored to your Cadillac that provide improved performance and longevity. Investing in high-quality control arms gives greater resilience to wear and tear, resulting in a longer service life.</p>
<h2>Proper Wheel Alignment</h2>
<p>Misaligned <a href=https://www.gmwholesaledirect.com/oem-parts/gm-wheel-84714163>wheels</a> might cause undue stress on your control arms, resulting in premature wear. Regular wheel alignment inspections are essential, especially after striking potholes or curbs or when you observe uneven tire wear. Proper alignment helps to uniformly transfer forces throughout your suspension system, decreasing strain on the control arms.</p>
<h2>Driving Habits</h2>
<p>Driving habits can significantly influence the longevity of your control arms. Avoid aggressive driving, such as quick acceleration, harsh braking, and making tight corners at high speed. Gentle driving reduces stress on suspension components, particularly the control arms, which extend their life.</p>
<h2>Address Suspension Issues Promptly</h2>
<p>If you detect any problems with your suspension, such as strange noises, vibrations, or poor handling, rectify them immediately. Ignoring these signs may result in more serious damage to your control arms and other suspension components. Inspecting and servicing other suspension components, such as shocks and struts, will also help your control arms last longer.<br /><br />These suggestions can help keep your Cadillac's control arms in outstanding condition, resulting in a smoother and safer driving experience.</p>",Yes
"Coil Springs",coil-springs,search,Yes,"GM Coil Springs","GM Coil Springs For Sale","Buy Genuine OEM GM Coil Springs At Discount Prices For All GM Models With Fast Affordable Delivery Right To Your Door!",,,,,"coil springs","<h2>Reliable Performance With Genuine Hummer Coil Springs</h2>

<p>Coil springs are a key part of your suspension system, designed to absorb shocks and keep your ride balanced. They support the weight of your vehicle while maintaining consistent handling and stability. When coil springs wear down, comfort and control are the first to suffer, and other suspension components can also be affected. At GM Wholesale Direct Driven, we supply genuine Hummer replacements that ensure lasting performance.</p>

<h3>What Coil Springs Do</h3>

<p>Coil springs compress and expand to smooth out bumps and uneven surfaces. They maintain tire contact with the road, giving your vehicle better grip and steering response. Genuine Hummer coil springs are crafted to exact factory standards, unlike generic aftermarket versions that may sag or wear out faster. Models such as the <a href=/v-hummer-h3>H3</a> and <a href=/v-hummer-h2-sut>H2 SUT</a> rely on this durability to handle both city driving and challenging terrain.</p>

<h3>Other Important Functions</h3>

<p>Beyond cushioning your drive, coil springs help protect nearby suspension parts from excessive strain. They play a role in keeping weight distribution even and supporting safety and performance. When paired with strong <a href=/shock-absorbers>shock absorbers</a>, they provide smoother handling and reduce tire wear. Choosing genuine Hummer replacements means you get long-lasting quality that stands up to daily use and harsh conditions.</p>

<h3>When To Replace Coil Springs</h3>

<p>Replacement is needed when springs sag, rust, or break, causing uneven ride height or poor handling. You may notice clunking sounds, excessive bouncing, or difficulty maintaining alignment. Genuine Hummer coil springs from us at GM Wholesale Direct Driven restore original performance and fit, while lower-priced aftermarket options often compromise safety. With authentic replacements, your vehicle stays steady, responsive, and dependable on every drive.</p>

<p>Trust GM Wholesale Direct Driven for genuine Hummer coil springs built to keep your suspension system performing as intended.</p>",Yes
"Spark Plugs",spark-plugs,search,Yes,"GM Spark Plugs","GM Spark Plugs For Sale","Buy Genuine OEM GM Spark Plugs At Discount Prices For All GM Models With Fast Affordable Delivery Right To Your Door!",,,,,"spark plugs;gm spark plugs;genuine gm spark plugs;original gm spark plugs","<p>Worn spark plugs can often be the cause&nbsp;of engine misfiring. Spark plugs are something that are built to last a while, but since they endure high heat and friction, they can wear out over time. They should be replaced if you find they are not functioning properly. For genuine GM parts at great prices, shop our online catalog for the right spark plugs by choosing the Year, Make and Model of your vehicle below.</p>",Yes
"Oxygen Sensors",oxygen-sensors,search,Yes,"GM Oxygen Sensors","GM Oxygen Sensors For Sale","Buy Genuine OEM GM Oxygen Sensors At Discount Prices For All GM Models With Fast Affordable Delivery Right To Your Door!",,,,,"oxygen sensors","<h1>Why Oxygen Sensors are Vital for Pontiac Performance</h1>
<p>Oxygen sensors are essential to your Pontiac's engine management system. They monitor the quantity of oxygen in your <a href=https://www.gmwholesaledirect.com/exhaust>exhaust gases</a>, allowing the engine control unit (ECU) to alter the air-fuel ratio for the best combustion. This modification is critical for preserving optimal engine performance, lowering harmful emissions, and increasing fuel efficiency. Faulty oxygen sensors can cause poor engine performance, increased fuel consumption, and greater emissions; thus, it is critical to keep them in good condition.</p>
<h2>Understanding the Function of Oxygen Sensors</h2>
<p>Oxygen sensors are commonly situated in the exhaust manifold, measuring oxygen levels in exhaust gases. These sensors transmit data to the ECU, which modifies the fuel injection system accordingly. There are two types of oxygen sensors: pre-catalytic and post-catalytic. Upstream sensors govern the air-fuel mixture, while downstream sensors check the catalytic converter's performance.</p>
<h2>Choosing the Proper Oxygen Sensors for Your Pontiac</h2>
<p>When choosing oxygen sensors for your <a href=https://www.gmwholesaledirect.com/v-pontiac>Pontiac</a>, ensure they are high-quality and suitable. OEM <a href=https://www.gmwholesaledirect.com/oem-parts/gm-sensor-86771900>sensors</a> are frequently the best option because they are custom-made for your vehicle. Aftermarket sensors are possible, but careful selection is required to assure compatibility and performance. Consider sensor kind, cable length, and connection design while making your decision.</p>
<h2>Maintaining and Replacing Oxygen Sensors</h2>
<p>Regular maintenance and replacement of oxygen sensors are critical for peak performance. Check your Pontiac's oxygen sensors every 60,000 to 90,000 miles. A decline in fuel economy, rough idling, and an illuminated check engine light indicate that your oxygen sensors may require repair. Replacing malfunctioning sensors can improve your Pontiac's performance and avoid more engine damage.<br /><br />Ask us <strong><a href=https://www.gmwholesaledirect.com/contact-us>here</a></strong> to find the right parts and accessories for your needs.</p>",Yes
"Fuel Injectors",fuel-injectors,search,Yes,"GM Fuel Injectors","GM Fuel Injectors For Sale","Buy Genuine OEM GM Fuel Injectors At Discount Prices For All GM Models With Fast Affordable Delivery Right To Your Door!",,,,,"fuel injectors",,Yes
"Distributor Caps",distributor-caps,search,Yes,"GM Distributor Caps","GM Distributor Caps For Sale","Buy Genuine OEM GM Distributor Caps At Discount Prices For All GM Models With Fast Affordable Delivery Right To Your Door!",,,,,"distributor caps","<h1>Checking the Distributor Cap: The Cause of Engine Misfires</h1>
<p>Engine misfires may be a frustrating experience for any vehicle owner. The unexpected jerk, lack of power, and harsh idle might leave you wondering what's causing it. A defective distributor cap is one of the most prevalent causes of engine misfires. Understanding the function of the distributor cap and how to inspect it will help you save time and money on repairs.</p>
<h2>What is the Distributor Cap?</h2>
<p>The distributor cap is critical to your vehicle's ignition system. It delivers high voltage from the <a href=https://www.gmwholesaledirect.com/oem-parts/gm-ignition-coil-25186687>ignition coil</a> to the <a href=https://www.gmwholesaledirect.com/oem-parts/gm-spark-plug-12672174>spark plugs</a> in the proper firing order. This process ignites the air-fuel combination in the engine cylinders, allowing your vehicle to operate smoothly. Over time, the distributor cap may wear out, break, or corrode, resulting in engine misfire.</p>
<h2>Signs of a Faulty Distributor Cap</h2>
<p>A misfiring engine frequently indicates an issue with the ignition system. If your engine misfires, particularly when accelerating or under load, it might be due to a malfunctioning distributor cap. A rough or uneven idle might indicate that the spark is not evenly spread across the engine's <a href=https://www.gmwholesaledirect.com/oem-parts/gm-cylinder-18060782>cylinders</a>. Furthermore, a broken distributor cap might create difficulty starting the vehicle, especially in damp or rainy weather. Cracks, carbon tracks, and corrosion on the distributor cap are all obvious symptoms of wear and strain.</p>
<h2>How to Check the Distributor Cap?</h2>
<p>Start by physically scrutinizing the distributor cap. Look for cracks, carbon tracks, and corrosion. If you see any damage, replace the cap. To have a closer look, remove the distributor cap. This usually entails releasing a few screws or clips. Inside the cap, there are metal contacts. Inspect for excessive wear, pitting, or corrosion. Clean the contacts if they are unclean; if they are broken, replace the cap. While the cap is off, check the rotor for similar indications of wear. If the rotor and distributor cap are damaged, they should be replaced.<br /><br />If you notice indications of a malfunctioning distributor cap, conduct a thorough check and replace it as needed. Keeping your vehicle's ignition system in good working order is critical to preserving its performance and dependability.</p>",Yes
Coils,coils,search,Yes,"GM Coils","GM Coils For Sale","Buy Genuine OEM GM Coils At Discount Prices For All GM Models With Fast Affordable Delivery Right To Your Door!",,,,,coils,"<h2>Keep Your Ignition Strong With Genuine Hummer Coils</h2>

<p>Coils are a critical link in your ignition system, turning low voltage into the high voltage needed to fire spark plugs. Without them, engines struggle to start, and performance quickly drops off. When coils weaken or fail, fuel economy suffers and misfires become more common. At GM Wholesale Direct Driven, we provide genuine Hummer coils that deliver reliable power with every start.</p>

<h3>What Coils Do</h3>

<p>An ignition coil transforms the battery’s power into the voltage necessary to ignite fuel in the cylinders. This function is repeated thousands of times per minute, making coil reliability essential for smooth operation. Genuine Hummer coils are built to handle these demands with precision and durability, unlike lower-cost aftermarket brands that often wear out faster. Vehicles like the <a href=/v-hummer-h1>H1</a> and <a href=/v-hummer-h3t>H3T</a> benefit from the consistent ignition performance only authentic replacements can provide.</p>

<h3>Additional Functions</h3>

<p>Beyond starting the engine, healthy coils maintain steady power delivery during acceleration and help reduce harmful emissions. They also protect other ignition parts by preventing misfires that can damage components over time. Pairing new coils with dependable <a href=/spark-plugs>spark plugs</a> ensures your ignition system works at its best. Genuine Hummer replacements are designed to work seamlessly with factory systems, maintaining efficiency and reliability.</p>

<h3>When To Replace Coils</h3>

<p>It is time to replace coils when you notice frequent misfires, rough idling, or a drop in fuel mileage. Ignoring failing coils can lead to more costly repairs and unnecessary strain on your engine. Genuine Hummer coils from GM Wholesale Direct Driven provide the correct fit and long-term dependability that aftermarket versions cannot match. Authentic replacements keep your vehicle running smoothly in all driving conditions.</p>

<p>Choose genuine Hummer coils from GM Wholesale Direct Driven to keep your ignition system performing at its best every day.</p>",Yes
"Lighting Parts",lighting,search,Yes,"GM Lighting Parts","GM Lighting Parts For Sale","Buy Genuine OEM GM Lighting Parts At Discount Prices For All GM Models With Fast Affordable Delivery Right To Your Door!",,,,,lighting,"<h1>The Value of Upgrading Your Vehicle’s Lighting Parts</h1>
<p>Upgrading the lighting parts of your vehicle is critical for both safety and appearance. Improved road visibility lowers the likelihood of accidents, particularly in bad weather. High-quality lighting components, such as fog lights, give superior illumination and allow you to maneuver confidently in fog, rain, and snow. Furthermore, upgrading to superior lighting parts adds elegance to your vehicle, increasing its visual appeal and market value.</p>
<h2>Sleek Interior Illumination: Titanium Dome Lights</h2>
<p><a href=https://www.gmwholesaledirect.com/oem-parts/gm-light-titanium-dome-light-95357146>Light titanium dome lights</a> are ideal for individuals looking for a clean, modern interior update. These lights provide clear, bright illumination that improves visibility around the cabin, simplifying finding goods or reading at night. Their exquisite titanium finish complements any interior and adds a sophisticated touch to your vehicle's appearance. Furthermore, these lights are energy-efficient and long-lasting, so your investment will pay off in the long term.</p>
<h2>Fog Lights Improve Safety In Adverse Conditions</h2>
<p><a href=https://www.gmwholesaledirect.com/oem-parts/gm-fog-light-15190984>Fog lights</a> are a vital addition for drivers who often drive through foggy, wet, or snowy situations. These lights, mounted low on the vehicle, cut through severe fog and heavy rain, producing a broader, more concentrated beam of light that increases visibility without blinding approaching motorists. Investing in high-quality fog lights improves your safety and confidence when driving in adverse weather situations.</p>
<h2>Touch of Luxury and Convenience with Courtesy Lights</h2>
<p><a href=https://www.gmwholesaledirect.com/oem-parts/gm-courtesy-light-84824216>Courtesy lights</a> combine elegance and functionality. When your vehicle's doors are open, these little but bright lights illuminate the ground around it, offering further safety by preventing unintentional trips or falls in the dark. They also give a classy touch to your vehicle, providing you with a warm, inviting glow. Upgrade to high-quality courtesy lights to make your vehicle stand out for both its design and practicality.<br /><br />Ask us <strong><a href=https://www.gmwholesaledirect.com/contact-us>here</a></strong> to find the right parts and accessories for your needs.</p>",Yes
Headlights,headlights,search,Yes,"GM Headlights","GM Headlights For Sale","Buy Genuine OEM GM Headlights At Discount Prices For All GM Models With Fast Affordable Delivery Right To Your Door!",,,,,"headlamp;headlight;gm headlights;genuine gm headlights;gm headlight parts;hid headlight;xenon headlight","<p>Headlights help you to see while driving after dark, but they are also necessary to help other drivers see you. Regardless of the weather or the time of day, you want to see as well as be seen. Let us help you find the right headlamps, headlamp assembly, bulbs, switches and more for your vehicle. We have a great selection for a range of GM models here on our site. Don't hesitate to replace headlights - order new parts right away to see clearly.</p>",Yes
"Brake Lights",brake-lights,search,Yes,"GM Brake Lights","GM Brake Lights For Sale","Buy Genuine OEM GM Brake Lights At Discount Prices For All GM Models With Fast Affordable Delivery Right To Your Door!",,,,,"brake lights","<h2>All About the Brake Lights in Your GM Vehicle</h2><p>Brake lights do for any vehicle -- Chevrolet Colorado or Buick LaCrosse, Cadillac XTS, GMC Yukon, or otherwise -- just as their name suggests: they signal that it's either slowing down or stopping.</p><p>They're different from taillights, though. Even though you can usually find both kinds of <a href=""/lighting"">lighting</a> housed in the same light assembly, you should be able to tell the difference between they by turning on your <a href=""/headlights"">headlights</a> or engaging the parking brake; your taillights will come on. Your brake lights, though, will only turn on when you step on the brake pedal. They're usually a brighter red, too, and different from reverse lights to boot; those are white.</p><h2>Signs of Brake Light Problems</h2><p>If you're experiencing any, there are several reasons why.</p><h3>Burned-Out Bulbs</h3><p>For one, a bulb may simply have burned out. It happens, given how frequently car lights get used. Plus, a lot of older vehicles -- take Oldsmobile Alero and Saturn Outlook, for instance -- still use halogen lamps, and these can require more frequent replacement. By contrast, today's LED light bulbs last longer.</p><h3>Bad Brake Light Switches</h3><p>Secondly, your vehicle could have a bad brake light switch. If all your brake lights are out at the same time, this is the most likely culprit. The analog kind, for example, wears out over time. Plus, brake light switches can get dirty, and that's bound to interfere with both their contact and their abilities to transmit signals.</p><h3>Blown Fuses</h3><p>Thirdly, a blown fuse could be what the issue is. If your brake light switch works fine and neither side's lights turn on anyway, it's the likely scenario.</p><h3>Bad Sockets</h3><p>Of course, a socket or two could be bad as well. If just one brake light's out, but the bulb itself is fine, it could be that the socket's connections are soiled or corroded. The wiring could also be so worn out that its connectivity's become erratic.</p><p>Regardless of the causes of their failure, when it's time to replace your brake lights (or any of the parts that make sure they work), don't choose just any aftermarket fare; choose the genuine article.</p><h2>Why Buy Genuine OEM Brake Lights?</h2><p>GM will have designed them to fit and work with the model you drive, whether that's a Pontiac G6, a Hummer H3, or otherwise. Aftermarket brake lights can be less reliable, even of their brands make similar assurances.</p><h2>Where to Order Replacement GM Brake Lights Online</h2><p>From us, here at GM Wholesale Direct. It's easy to browse our catalog quickly, too: all you have to do is choose your make, model, and <a href=""/v"">model year</a>. Options galore will appear, and you'll quickly notice that many are priced well below the MSRPs of other auto parts stores. Put in your order now, and we'll ship and deliver it fast, to any address in the US; if it's in stock, it can leave our warehouse same-day, if you don't otherwise choose overnight shipping. What's out of stock, on the other hand, can ship in 2 to 6 days (usually fewer than 6). Of course, local pickup is also available if you prefer to stop by; you'll find us at 5415 Kelley Moore Drive in Winston Salem NC.</p><p>Need to return or cancel your order? It's no problem: simply <a href=""/contact-us"">contact our parts team</a>, and they'll start the process for you. For further store policies info, check out our <a href=""/policies/shipping"">shipping</a>, returns, and cancellations pages, but if you have any questions or concerns, or you need buying advice, we're here to help; again, just <a href=""/contact-us"">get in touch with us</a>. Our parts specialists will be happy to help.</p>",Yes
Gauges,guages,search,Yes,"GM Gauges","GM Gauges For Sale","Buy Genuine OEM GM Gauges At Discount Prices For All GM Models With Fast Affordable Delivery Right To Your Door!",,,,,guages,"<h1>Gauges for Cadillac: How it Works and What's It For</h1>
<p>Gauges in your Cadillac are more than simply instruments on the dashboard; they are essential tools for monitoring your vehicle's health and performance. From the speedometer to the fuel gauge, these instruments give critical real-time data that allows you to make educated driving decisions. Understanding how these gauges function and their purpose will improve your driving experience and keep your Cadillac running smoothly.</p>
<h2>Why Gauges are Important</h2>
<p>Gauges are vital for running your vehicle at peak performance. They give real-time data on your vehicle's performance, including speed, engine temperature, fuel levels, etc. These meters assist in preventing potential harm by alerting you to problems before they worsen. Investing in high-quality gauges allows you to properly monitor your vehicle, avoid costly repairs, and keep your Cadillac running smoothly.</p>
<h2>How Do Gauges Work?</h2>
<p>Gauges use sensors to monitor various characteristics of your vehicle. For example, the <a href=https://www.gmwholesaledirect.com/oem-parts/gm-speedometer-head-25053593>speedometer</a> measures speed using a sensor attached to the vehicle's gearbox, but the fuel gauge measures fuel level using a sensor in its tank. These sensors convey data to your dashboard's gauges, which show the information in an easy-to-read style, allowing you to check the state of your vehicle quickly.</p>
<h2>Types of Cadillac Gauges</h2>
<p> A Cadillac has various types of gauges, each with a unique purpose. The speedometer measures the vehicle's speed, the fuel gauge monitors the fuel level, and the tachometer shows the engine RPM. Other gauges include a <a href=https://www.gmwholesaledirect.com/oem-parts/gm-ambient-air-temperature-gauge-sensor-22769165>temperature gauge</a>, which measures engine coolant temperature, and an oil pressure gauge, which monitors engine oil pressure. Each gauge is critical to the proper operation of your vehicle.</p>
<h2>Maintenance and Upgrade</h2>
<p>Regular maintenance is essential for keeping your Cadillac's gauges accurate and working. This involves inspecting the sensors and confirming that the wiring is intact. Upgrading to high-quality OEM gauges can improve your vehicle's performance by giving more precise data and greater longevity.<br /><br />Are you ready to improve your driving? Buy high-quality Cadillac gauges that give you correct information and work well for a long time. <a href=https://www.gmwholesaledirect.com/contact-us>Contact us</a> today!</p>",Yes
Fuses,fuses,search,Yes,"GM Fuses","GM Fuses For Sale","Buy Genuine OEM GM Fuses At Discount Prices For All GM Models With Fast Affordable Delivery Right To Your Door!",,,,,fuse,"<h2>How Can I Tell If a Fuse Has Blown in My Car?</h2>
<p>When electrical features in a <a href=""https://www.gmwholesaledirect.com/v-gmc"">car</a>, such as the radio, power windows, headlights, or interior lighting, abruptly stop working, it's likely a blown fuse. Visual inspection of fuses in multiple fuse boxes can also help. You can verify power or continuity with a multimeter or fuse tester. Consult your owner's manual and use proper tools and safety precautions when working with electrical systems. Seek assistance from a certified automotive technician if you feel uncomfortable diagnosing and replacing a blown fuse.</p>
<h3>Other Components</h3>
<ol>
<li><h3>Timing Belts</h3>
<p><a href=""https://www.gmwholesaledirect.com/timing-belts"">Timing belts</a> coordinate the engine's camshaft and crankshaft and open and close its valve during combustion.</p></li>
<li><h3>Thermostats</h3>
<p>Engine cooling system <a href=""https://www.gmwholesaledirect.com/thermostats"">thermostats</a> control coolant flow through the engine and radiator to maintain ideal operating temperatures. The thermostat remains closed when the engine is cold, directing coolant flow through the engine block to warm it up faster.</p></li></ol>
<h3>Shop Genuine GM Fuses at GMWholesaleDirect.com</h3>
<p>Questions? Please <a href=""https://www.gmwholesaledirect.com/contact-us"">contact us</a> for assistance.</p>",Yes
Belts,belts,search,Yes,"GM Belts","GM Belts For Sale","Buy Genuine OEM GM Belts At Discount Prices For All GM Models With Fast Affordable Delivery Right To Your Door!",,,,,"Belts;gm belts;genuine gm belts;gm belt replacement","<p>Without belts, the fan in your engine wouldn’t turn and neither would the AC compressor, the alternator, power steering pump, water pump and a host of other mechanisms necessary to keep your car moving, including the Supercharger if you are fortunate to have a GM vehicle equipped with one. Is the serpentine belt squealing? Has the AC ceased to work efficiently? Check the belts under the hood for splitting or fraying and get replacements here at GM Wholesale Direct.</p>",Yes
"Timing Belts",timing-belts,search,Yes,"GM Timing Belts","GM Timing Belts For Sale","Buy Genuine OEM GM Timing Belts At Discount Prices For All GM Models With Fast Affordable Delivery Right To Your Door!",,,,,"timing belt","<h2>Timing Belts That Keep a GMC Engine Running Strong</h2>

<p>The timing belt plays a critical role in keeping a GMC engine operating in sync. It controls coordination between the crankshaft and camshaft so engine timing stays precise. When wear begins, drivability issues can follow quickly and affect overall performance. We at GMWholesaleDirect.com provide <a href=""https://www.gmwholesaledirect.com/v-gmc"">genuine GMC replacements</a> designed for proper fit and long-term reliability.</p>

<h3>Keep engine timing accurate under load</h3>
<p>Timing belts keep engine components synchronized in models like the <a href=""/v-gmc-sierra-1500"">GMC Sierra 1500</a> and <a href=""/v-gmc-acadia"">GMC Acadia</a>, ensuring valves open and close at the correct moment. A worn belt can lead to misfires, power loss, or serious engine damage if ignored. Genuine GMC timing belts offer stronger durability and more precise timing control than lower-cost aftermarket options.</p>

<h3>Why timing belts wear out over time</h3>
<p>Heat, friction, and engine stress gradually weaken belt materials, especially in high-mileage driving conditions. Oil leaks from components like a <a href=""/oil-pans-accessories-bb"">oil pan gasket</a> can contaminate the belt surface and speed up deterioration. Aftermarket belts often use inconsistent rubber compounds that reduce lifespan and increase failure risk in daily use.</p>

<h3>When replacement becomes necessary</h3>
<p>Replacement is typically needed between 60,000 and 100,000 miles depending on driving habits and manufacturer guidelines. Drivers of GMC Sierra 1500 and GMC Acadia models should watch for ticking noises, rough idle, or difficulty starting. GMWholesaleDirect.com supplies genuine GMC timing belts that help maintain engine synchronization and reduce unexpected breakdowns. Early replacement also protects connected engine components from costly damage and downtime.</p>

<h3>FAQ: Timing Belts</h3>
<p><strong>What does a timing belt do?</strong><br> It synchronizes engine components so valves and pistons move correctly.</p>
<p><strong>What happens if it fails?</strong><br> A broken timing belt can cause severe engine damage and sudden breakdown.</p>
<p><strong>How often should it be replaced?</strong> Most GMC models require replacement between 60,000 and 100,000 miles.</p>
<p><strong>Why choose genuine GMC timing belts?</strong> <br>They offer better durability, fit, and timing accuracy than generic aftermarket parts.</p>",Yes
"Radiator Hoses",radiator-hoses,search,Yes,"GM Radiator Hoses","GM Radiator Hoses For Sale","Buy Genuine OEM GM Radiator Hoses At Discount Prices For All GM Models With Fast Affordable Delivery Right To Your Door!",,,,,"radiator hoses",,Yes
Pulleys,pulleys,search,Yes,"GM Pulleys","GM Pulleys For Sale","Buy Genuine OEM GM Pulleys At Discount Prices For All GM Models With Fast Affordable Delivery Right To Your Door!",,,,,pulleys,"<h1>Importance of Upgrading to OEM Pulleys</h1>
<p>OEM pulleys are built to the precise specifications of your vehicle's engine, assuring peak performance. Upgrading to these pulleys may greatly enhance your engine's efficiency, decrease wear and tear on other components, and, ultimately, lengthen the life of your vehicle. Unlike aftermarket alternatives, OEM pulleys are extensively evaluated for quality and compatibility, making them the best option for maintaining or improving your vehicle's performance.</p>
<h2>Understanding the Function of the Alternator Pulley</h2>
<p>The <a href=https://www.gmwholesaledirect.com/oem-parts/gm-alternator-pulley-10473389>alternator pulley</a> is vital to keep your vehicle's electrical system running properly. It helps to maintain the proper tension on the alternator belt, which powers the alternator to charge your vehicle's battery. Upgrading to an OEM alternator pulley assures constant electrical output, reducing battery drain and other electrical problems. This not only improves the reliability of your vehicle but also extends the life of your alternator and battery.</p>
<h2>The Advantages of a High-Quality Pulley Fan</h2>
<p>The <a href=https://www.gmwholesaledirect.com/oem-parts/gm-pulley-fan-15170284>pulley-fan</a> is an important part of your vehicle's cooling system since it drives the fan that regulates the engine temperature. An OEM pulley fan keeps your engine cool, even under heavy loads or harsh temperatures. This is especially critical for high-performance vehicles or those driven regularly in hot weather. A high-quality pulley fan reduces the chance of overheating, ensuring your engine works smoothly and lasts longer.</p>
<h2>The Power Hub of Your Engine Is Your Crankshaft Pulley</h2>
<p>The <a href=https://www.gmwholesaledirect.com/oem-parts/gm-crankshaft-pulley-19185575>crankshaft pulley</a> is the engine's powerhouse, operating a variety of accessories like the alternator, power steering pump, and air conditioning compressor. An OEM crankshaft pulley provides excellent balance and longevity, eliminating vibrations and preventing engine damage. Upgrading to an OEM crankshaft pulley improves engine smoothness and lifespan, making it an essential component for any vehicle modification.<br /><br />Ask us <strong><a href=https://www.gmwholesaledirect.com/contact-us>here</a></strong> to find the right parts and accessories for your needs.</p>",No
Starters,starters,search,Yes,"GM Starters","GM Starters For Sale","Buy Genuine OEM GM Starters At Discount Prices For All GM Models With Fast Affordable Delivery Right To Your Door!",,,,,starters;12361146;12363128;10465143;19302919,"<p>The starter has one function - to start the engine - and isn’t needed again until the next time you crank your vehicle. If the starter is bad, the engine won’t start properly or may not start at all. The symptoms of a starter going bad similar to having a dead battery. You will want to inspect your starter on a regular basis so you can catch problems and replace the part if needed. Find OEM starters for your GM vehicle here.&nbsp;</p>",Yes
Alternators,alternators,search,Yes,"GM Alternators","GM Alternators For Sale","Buy Genuine OEM GM Alternators At Discount Prices For All GM Models With Fast Affordable Delivery Right To Your Door!",,,,,"Alternators;gm alternators;original gm alternator;alternator replacement","<p>Alternators keep the battery in our cars charged and ready to start at a moment’s notice, as well as powering the electrical system throughout the vehicle. If you’ve ever driven on a country road after dark and notice that your headlights and dash lights dim when you push on the brake, you may be in need of a new alternator. The alternators offered here are for all GM makes and models, so you can find the right one for your specific car. Shop today!</p>",Yes
Generators,generators,search,Yes,"GM Generators","GM Generators For Sale","Buy Genuine OEM GM Generators At Discount Prices For All GM Models With Fast Affordable Delivery Right To Your Door!",,,,,Generators,,Yes
"Starter Solenoids",starter-solenoids,search,Yes,"GM Starter Solenoids","GM Starter Solenoids For Sale","Buy Genuine OEM GM Starter Solenoids At Discount Prices For All GM Models With Fast Affordable Delivery Right To Your Door!",,,,,"Starter Solenoids","<p>Starter solenoids play a key role in getting a vehicle moving by sending electrical current to the starter motor. Without a functioning solenoid, the engine won’t crank or start reliably. Drivers often notice problems when the vehicle hesitates or clicks during ignition. At GMWholesaleDirect.com, we provide genuine GMC starter solenoids that fit precisely and last longer than generic aftermarket alternatives.</p>

<h3>How Starter Solenoids Work</h3>

<p>A starter solenoid acts as a switch that delivers power from the battery to the <a href=""/starters"">starter motor</a> when the ignition key is turned. This enables the engine to crank and start the vehicle. Genuine GMC starter solenoids are designed for models like the <a href=""/v-gmc-sierra-1500"">Sierra 1500</a> and <a href=""/v-gmc-acadia"">Acadia</a>, ensuring proper fit and performance. Using authentic parts prevents misfires and electrical issues that can occur with lower-quality replacements.</p>

<h3>Why Starter Solenoids Break Down</h3>

<p>Frequent starting, exposure to moisture, or corrosion on electrical connections can cause a solenoid to fail over time. Clicking noises, slow cranking, or a no-start condition often signal solenoid problems. Cheaper aftermarket solenoids tend to wear out faster due to inferior materials and less precise manufacturing. Choosing <a href=""https://www.gmwholesaledirect.com/v-gmc"">genuine GMC parts</a> helps maintain reliability and reduces the need for repeated replacements.</p>

<h3>When to Replace a Starter Solenoid</h3>

<p>Signs that a solenoid needs replacement include the engine not turning over, intermittent starting, or unusual electrical noises during ignition. Replacing a worn solenoid proactively ensures consistent engine starts and avoids being stranded. Many drivers check the solenoid during routine maintenance or when diagnosing starter motor issues. Staying ahead of wear keeps the vehicle dependable and running smoothly.</p>

<h3>FAQ: Starter Solenoids</h3>

<p><strong>Q: Can a bad starter solenoid prevent my GMC from starting?</strong><br> A: Yes, a faulty solenoid can prevent the starter motor from receiving power, causing the engine not to crank.</p>

<p><strong>Q: How often should I replace a starter solenoid?</strong><br> A: Replacement is typically needed only when signs of failure appear, such as clicking sounds or intermittent starting.</p>

<p><strong>Q: Are genuine GMC solenoids better than aftermarket versions?</strong><br> A: Genuine GMC solenoids provide a precise fit and longer lifespan compared to lower-quality aftermarket parts.</p>

<p><strong>Q: Can I replace a starter solenoid myself?</strong><br> A: Some drivers with mechanical experience can, but consulting a professional ensures proper installation and electrical safety.</p>

<p>Genuine GMC starter solenoids from GMWholesaleDirect.com provide reliable performance and keep your vehicle starting smoothly every time.</p>",Yes
"Bushing & Bearings",bushing-and-bearings,search,Yes,"GM Bushing & Bearings","GM Bushing & Bearings For Sale","Buy Genuine OEM GM Bushing & Bearings At Discount Prices For All GM Models With Fast Affordable Delivery Right To Your Door!",,,,,Bushing;Bearings,"<h2>What's the Average Cost of Replacing Bushings and Bearings on a GM Vehicle?</h2><p>There's nothing worse than being on US-421, right in the middle of Winston-Salem, and having your vehicle start to vibrate, pull sideways, and clunk going over bumps. Noticed lately that its tires are unusually worn to boot? Most likely, you've got a suspension problem.</p><p>Run an inspection; if the surface of the suspension's bushings have shrunk, stiffened, cracked, or softened, then they're probably bad. The bearings are likely faulty, too. You'll have to replace them ASAP; they're important to how well your suspension works, after all: bushings make sure <a href=""/control-arms"">control arms</a>, sway bars, and strut mounts move properly, while bearings enable turning parts to turn with minimal resistance, cutting down on the vibration you feel in-cabin.</p><p>Unfortunately, the job can get pricey, fast. Bushings, for instance, can run <a href=""https://repairpal.com/estimator/suspension-control-arm-bushings-replacement-cost"">$250 to $300</a> on average. The cost can be a little better on some models, like <a href=""/v-chevrolet-silverado-1500"">Chevy Silverado 1500</a>, whose bushings can run $200 to $250 or so. For some others, though, it's more expensive -- sometimes, a lot more. <a href=""/v-cadillac-srx"">Cadillac SRX</a> bushings, for example, can run between $330 and $360, while <a href=""/v-gmc-terrain"">GMC Terrain</a> bushings can go $340 to $420 or more.</p><p>Here at GM Wholesale Direct, we'll save you money; our replacement bushings and bearings are marked down steeply. Plus, unlike aftermarket bushings and bearings, they're genuine GM, top-quality and made to fit your model. You can buy with confidence.</p><h2>Shop OEM GM Bushings & Bearings from Winston-Salem NC</h2><p>Order today, and we'll ship fast, anywhere stateside. Contact us with any questions.</p>",Yes
"Windshield Wiper Blades",windshield-wiper-blades,search,Yes,"GM Wiper Blades","GM Windshield Wiper Blades For Sale","Buy Genuine OEM GM Windshield Wiper Blades At Discount Prices For All GM Models With Fast Affordable Delivery Right To Your Door!",,,,,"Windshield Wiper Blades;WIPER BLADE;gm windshield wipers;gm windshield wiper blades;new gm windshield wipers","<p>Are your windshield wiper blades squeaking, skipping, smearing or streaking your windshield? Have you noticed reduced visibility when the wipers are on? If so, then it’s time to replace them. It is recommended that you change wiper blades every six to twelve months or as soon as you notice that the blades are not making proper contact with the windshield. You can find a great selection of wiper blades here on our site!</p>",Yes
"Rear Wiper Blades",rear-wiper-blades,search,Yes,"GM Rear Wiper Blades","GM Rear Wiper Blades For Sale","Buy Genuine OEM GM Rear Wiper Blades At Discount Prices For All GM Models With Fast Affordable Delivery Right To Your Door!",,,,,"Rear Wiper Blades",,Yes
"Windshield Wiper Refills",windshield-wiper-refills,search,Yes,"GM Windshield Wiper Refills","GM Windshield Wiper Refills For Sale","Buy Genuine OEM GM Windshield Wiper Refills At Discount Prices For All GM Models With Fast Affordable Delivery Right To Your Door!",,,,,"Windshield Wiper Refills",,Yes
"Windshield Wiper Arms",windshield-wiper-arms,search,Yes,"GM Windshield Wiper Arms","GM Windshield Wiper Arms For Sale","Buy Genuine OEM GM Windshield Wiper Arms At Discount Prices For All GM Models With Fast Affordable Delivery Right To Your Door!",,,,,"Windshield Wiper Arms",,Yes
"Windshield Washer Pumps",windshield-washer-pumps,search,Yes,"GM Windshield Washer Pumps","GM Windshield Washer Pumps For Sale","Buy Genuine OEM GM Windshield Washer Pumps At Discount Prices For All GM Models With Fast Affordable Delivery Right To Your Door!",,,,,"Windshield Washer Pumps",,Yes
"Exterior Accessories",exterior-accessories,search,Yes,"GM Exterior Accessories","GM Exterior Accessories For Sale","Buy Genuine OEM GM Exterior Accessories At Discount Prices For All GM Models With Fast Affordable Delivery Right To Your Door!",,,,,"COVERS AND PROTECTORS;air deflectors;exhaust tips;grills;splash guards;step bars;trailer towing;roof carriers;roof racks",,Yes
"Floor Mats",floor-mats,search,Yes,"GM Floor Mats","GM Floor Mats For Sale","Buy Genuine OEM GM Floor Mats At Discount Prices For All GM Models With Fast Affordable Delivery Right To Your Door!",,,,,"floor mats;all weather mats","<h2>What Do Floor Mats Do for a GM Vehicle?</h2><p>Whether you drive a newer SUV like the Buick Enclave, an older car like the Oldsmobile Cutlass, or something in between, like the Pontiac G6 or Saturn Vue, your ride's an investment. You know this well. After all, it's got all the amenities, safety features, and technologies you've been looking for. Therefore, it needs all the protection from the elements that it can get.</p><p>That's where floor mats come in. They're some of the best <a href=""/interior-accessories"">interior accessories</a> you can get for the purpose. They not only help prevent liquids, dirt, and debris seeping across and into a car's floor upholstery and plastics, like <a href=""/cargo-trays"">cargo trays</a> do in the trunks of cars generally. They also contain such messes better, making cleaning them up a lot easier.</p><h2>What Features Can a Floor Mat Have?</h2><p>Those for any GM vehicle specifically -- Cadillac XT5, GMC Terrain, you name it -- can have several. For one, material compositions galore; those that aren't fabric or carpeted can be vinyl or rubberized. (""All-weather"" floor mats are an example of the latter; these offer better protection in all seasons.) Secondly, some can hold onto muck better, having spikes, raised edges, grooves, caps, or bevels to help them. Others yet are better at staying in place, owing to anti-slip bases, clips, retainers, nibs, and other such features.</p><h2>What are the Signs it's Time to Replace Floor Mats?</h2><p>You may drive a subcompact car like Chevrolet Spark; you may be behind the wheel of a huge military vehicle-inspired SUV like the Hummer H2. Either way, the symptoms are the same. One of the more obvious: general wear. You should also keep an eye out for tears, and try to notice when they make the mats bunch up. If that happens, the one on your driver's side, for example, can get stuck under the brake pedal or throttle, and that can put you and your passengers in serious danger during a drive.</p><p>Looking to order a new set? The best one to get is a genuine one.</p><h2>Why Buy Genuine OEM Floor Mats?</h2><p>GM will have designed them to fit the brand and model you drive perfectly. Aftermarket floor mats may not fit as well, even if their brands make similar claims.</p><h2>Where to Order Replacement GM Floor Mats Online</h2><p>If you're looking for plenty of affordable options to choose from -- many priced well below MSRP, in fact -- look no further than us, here at GM Wholesale Direct. You can browse our complete catalog more easily than at other auto parts stores, too: all you have to do is choose your make, model, and <a href=""/v"">model year</a>. A wide range of the floor mats you've been looking for will appear, and you can get to checking them out.</p><p>Buy now, and we'll ship and deliver to any address in the US, fast; if your order's in stock, it can leave our warehouse the same day, if you don't otherwise choose overnight shipping. If it's out of stock, it can ship in 2 to 6 days (usually fewer than 6). Of course, if you'd prefer to stop by instead, local pickup is also available; we're located at 5415 Kelley Moore Drive in Winston Salem NC.</p><p>Have a return? Maybe you'd just like to cancel your order. Either way, it's no problem: simply <a href=""/contact-us"">contact our parts team</a>, and they'll start the process for you. For further details on store policies, consult our <a href=""/policies/shipping"">shipping</a>, returns, and cancellations pages, but if you have any questions or concerns, or you need buying advice while you shop, we're here to help; again, just <a href=""/contact-us"">get in touch</a>. Our parts specialists will be glad to help out.</p>",Yes
"Cargo Trays",cargo-trays,search,Yes,"GM Cargo Trays","GM Cargo Trays For Sale","Buy Genuine OEM GM Cargo Trays At Discount Prices For All GM Models With Fast Affordable Delivery Right To Your Door!",,,,,"cargo trays;cargo mats;cargo liner","<h1>The Versatile Functions of GM Cargo Trays</h1>
<p>General Motors (GM) cargo trays are the go-to accessories for making the most of your GM vehicle in terms of practicality and ease of use. Designed to improve your vehicle's functionality, these multipurpose trays provide a range of benefits to meet various demands. General Motors cargo trays are a lifesaver for everyone who loves being organized.</p>
<h2>Safety Measures</h2>
<p>Your vehicle interior is one of the main things that GM cargo trays are designed to do, like other <a href=https://www.gmwholesaledirect.com/interior-accessories>interior accessories</a>. Constructed from long-lasting, premium materials, these trays protect the cargo space from debris, accidents, and normal wear & tear. Those who often move potentially hazardous goods, including gardening tools, sports gear, or pet supplies, may find this feature helpful.</p>
<h2>Improved Interior Organization</h2>
<p>With its practical sections and elevated patterns, GM cargo trays are perfect for storing and transporting your belongings. This system will be handy for moving bags, groceries, or other unstructured objects. The structural design makes loading and unloading easier and safer, which keeps things from moving while in transportation.</p>
<h2>Easily Customizable to Fit Your Needs</h2>
<p> Your vehicle's cargo space is measured specifically for each GM cargo tray. This will give you the most coverage possible while also making it blend in with your car's <a href=https://www.gmwholesaledirect.com/oem-parts/gm-seat-cover-89044176>seat covers</a>. In addition to offering solid and dependable protection, the tray won't move around thanks to the snug fit.</p>
<h2>Flexible Application</h2>
<p>GM cargo trays can be used for more than just storing and protecting items. Makeshift desks, picnic tables, or bases for tailgate activities are all possible with them. Their multi-purpose design and strong build make them an ideal complement to any way of living.<br /><br />Finally, with their many uses, adaptability, and security features, GM cargo trays are an excellent accessory for any automobile. Your GM vehicle will serve you well and hold its value better with the addition of a cargo tray.</p>",Yes
"Air Deflectors",air-deflectors,search,Yes,"GM Air Deflectors","GM Air Deflectors For Sale","Buy Genuine OEM GM Air Deflectors At Discount Prices For All GM Models With Fast Affordable Delivery Right To Your Door!",,,,,"air deflector","<h2>How to Install GM Air Deflectors DIY</h2><p>Annoying wind noise, air resistance, UV glare -- they can all make cruising US-52 around Winston-Salem in, say, that brand-new <a href=""/v-chevrolet-corvette"">Chevy Corvette</a> you love a real drag. Luckily, there's an easy way to help cut down on all three -- put on a set of GM air deflectors.</p><p>Also called wind deflectors, they work much the same as, on the one hand, <a href=""/search?search_str=sunshades"">sunshades</a>, and on the other, <a href="" /search?search_str=spoilers"">spoilers</a> or air dams. That's thanks to being made of durable acrylic glass, most of the time (the kind you can sometimes even get tinted), and to being mountable on everything from your favorite sports car's windows to its hood and even its sunroof, if you've got one.</p><p>Plus, since they're pretty slimline by design, installing a set is a breeze. Here's how for most GM models.</p><h3>An Easy How-To</h3><p>It goes <a href="" https://www.wikihow.com/Fit-Wind-Deflectors"" target=""_blank"">like so</a>. Put simply, a lot of the time, all you need to do is slide each air deflector into each of the window channels in your car's door frames (or directly insert it; manufacturer instructions will have the specifics). You'll need:</p><p><li>Paper towels</li><li>A microfiber or another soft, window-friendly cloth</li><li>Window cleaning spray</li><li>Window clips (if called for) for fastening the deflectors to the windows</li></p><p>Of course, if you're not sure how to go about things, <a href=""https://oss.gm.com/oss_redesign/ui-modules_redesign/Landing"" target=""_blank"">there's an easier way</a>.</p><h2>Shop OEM Air Deflectors at GM Wholesale Direct in Winston-Salem NC</h2><p>We sell genuine GM, they're made to fit your ride, and you'll pay less. Plus, we'll ship fast, anywhere stateside. Contact us with any questions.</p>",Yes
"Splash Guards",splash-guards,search,Yes,"GM Splash Guards","GM Splash Guards For Sale","Buy Genuine OEM GM Splash Guards At Discount Prices For All GM Models With Fast Affordable Delivery Right To Your Door!",,,,,"splash guards","<p>Protecting a vehicle’s body from road debris and water starts with well-maintained splash guards. Drivers often overlook these parts until dirt and stones begin to chip the paint or cause corrosion. Regular attention keeps the exterior cleaner and prevents long-term damage. At GMWholesaleDirect.com, genuine GMC splash guards are built to last and fit precisely for reliable coverage.</p>

<h3>What Splash Guards Do</h3>

<p>Splash guards deflect water, mud, and debris away from the vehicle’s wheel wells and lower body panels. They help maintain paint integrity and reduce the risk of rust, especially in regions with heavy rain or snow. Genuine GMC splash guards are designed to match the contours of vehicles like the <a href=""/v-gmc-sierra-1500"">Sierra 1500</a> and <a href=""/v-gmc-acadia"">Acadia</a>, ensuring a secure fit and effective protection. Pairing them with proper mud flaps further enhances coverage.</p>

<h3>Why Splash Guards Break Down</h3>

<p>Exposure to stones, salt, and extreme weather can cause cracks, warping, or tearing over time. Repeated contact with debris or driving on rough roads accelerates wear. Lower-priced aftermarket guards often fail sooner due to thinner materials and imprecise fit. Choosing genuine GMC splash guards ensures durability and protection that lasts longer, reducing the risk of costly body damage.</p>

<h3>When to Replace Splash Guards</h3>

<p>Signs of wear include visible cracks, warped panels, or guards hanging loose from their mounts. Replacing splash guards proactively helps avoid paint damage and corrosion on the lower body. Many drivers inspect guards during seasonal maintenance or when cleaning their vehicles thoroughly. Staying ahead of wear keeps both the vehicle’s appearance and value intact.</p>

<h3>FAQ</h3>

<p><strong>Q: Can I install GMC splash guards myself?</strong><br> Yes, most splash guards are designed for simple bolt-on installation and include instructions.</p>  

<p><strong>Q: How often should I inspect splash guards?</strong><br> Check them at least twice a year or after driving on rough roads.</p>  

<p><strong>Q: Are aftermarket guards acceptable?</strong><br> Aftermarket options exist, but genuine GMC guards offer a precise fit and longer lifespan.</p>

<p>Genuine GMC splash guards from GMWholesaleDirect.com provide reliable protection and precise fit. Maintaining these parts helps vehicles handle all road conditions while minimizing body damage and the need for expensive repairs.</p>",Yes
"Roof Racks",roof-racks,search,Yes,"GM Roof Racks","GM Roof Racks For Sale","Buy Genuine OEM GM Roof Racks At Discount Prices For All GM Models With Fast Affordable Delivery Right To Your Door!",,,,,"racks and carriers;cross bars;thule;luggage rack",,Yes
"Trailer Towing Accessories",trailer-towing,search,Yes,"GM Trailer Towing Accessories","GM Trailer Towing Accessories For Sale","Buy Genuine OEM GM Trailer Towing Accessories At Discount Prices For All GM Models With Fast Affordable Delivery Right To Your Door!",,,,,"trailer towing;tow hitch","<h2>Trailer Towing Accessories That Keep GMC Performance Reliable</h2>

<p>Trailer towing accessories are essential for GMC drivers who haul equipment, trailers, or recreational loads. These components help connect, control, and stabilize towing setups for safer travel. When parts wear out or fail, towing safety and control can be reduced quickly. GMWholesaleDirect.com provides <a href=""https://www.gmwholesaledirect.com/v-gmc"">genuine GMC replacements</a> designed for strength, fit, and long-term durability.</p>

<h3>Keep towing connections secure and stable</h3>
<p>Trailer towing accessories support safe hauling in models like the <a href=""v-gmc-sierra-1500"">GMC Sierra 1500</a> and <a href=""/v-gmc-canyon"">GMC Canyon</a>, helping maintain secure attachment and stable handling under load. A worn <a href=""/brake-pads"">brake pads</a> system can also reduce stopping control when towing, increasing risk during heavy braking situations. Genuine GMC towing accessories provide stronger fitment and durability than lower-cost aftermarket alternatives that may loosen or wear faster under stress.</p>

<h3>Why towing accessories wear or fail</h3>
<p>Exposure to weight stress, road vibration, and weather conditions gradually weakens towing components over time. Poor-quality aftermarket parts may bend, loosen, or corrode more quickly, especially under frequent towing use. Models like the GMC Sierra 1500 and GMC Canyon rely on properly rated components to maintain safe towing performance.</p>

<h3>When replacement is needed for safe towing</h3>
<p>Replacement is needed when signs of rust, loosened connections, or reduced towing stability appear during use. GMWholesaleDirect.com recommends inspecting towing systems regularly, especially before hauling heavy loads. Genuine GMC parts help maintain secure connections and consistent towing performance compared to generic aftermarket options. Early replacement helps prevent unsafe towing conditions and reduces strain on connected vehicle systems. Regular maintenance ensures dependable performance for both work and recreational hauling needs.</p>

<h3>FAQ: Trailer Towing Accessories</h3>
<p><strong>What do towing accessories do?</strong><br> They connect and stabilize trailers for safe towing and load control.</p>
<p><strong>What are signs of wear?</strong><br> Rust, loosened parts, or unstable towing are common indicators.</p>
<p><strong>Why choose genuine GMC parts?</strong><br> They provide stronger durability and better fit than aftermarket alternatives.</p>
<p><strong>How often should they be checked?</strong><br> They should be inspected before any major towing activity.</p>",Yes
"Interior Accessories",interior-accessories,search,Yes,"GM Interior Accessories","GM Interior Accessories For Sale","Buy Genuine OEM GM Interior Accessories At Discount Prices For All GM Models With Fast Affordable Delivery Right To Your Door!",,,,,"floor mats;cargo mats;sunshade;first aid kit","<h1>Essential Interior Accessories to Upgrade</h1>
<p>Upgrading your vehicle's interior accessories, such as sunshades, cargo mats, and floor mats, provides comfort and protection. Sunshades keep the cabin cooler by preventing damaging UV rays, while cargo mats and floor mats protect your vehicle's carpets from dirt, spills, and wear and tear. These accessories not only extend the life of your vehicle's interior but also increase its resale value by keeping it in top shape.</p>
<h2>Sunshades Keep Your Car Cool and Protected</h2>
<p><a href=https://www.gmwholesaledirect.com/oem-parts/gm-sunshade-15269029>Sunshades</a> are essential equipment for every vehicle, particularly during the hot summer months. Shielding the sun's harsh rays keeps your car’s interior from overheating, which may harm your dashboard, seats, and other interior components. Sunshades also assist in keeping the interior of the vehicle pleasant, minimizing the need for excessive air conditioning and fuel savings.</p>
<h2>Cargo Mats: Protect Your Trunk from Damage</h2>
<p><a href=https://www.gmwholesaledirect.com/oem-parts/gm-cargo-mat-all-weather-black-23204223>Cargo mats</a> protect your vehicle's trunk from dirt, spills, and heavy loads. These mats, made of strong, waterproof materials, provide a protective barrier to your car's carpets, preventing stains and other damage. Cargo mats protect your trunk and keep it clean and damage-free, whether you are hauling groceries, sports equipment, or baggage.</p>
<h2>Floor Mats: Protecting Your Vehicle's Carpeting</h2>
<p>Floor mats are vital for keeping your vehicle's interior clean and long-lasting. They protect the carpets from dirt, mud, and moisture, making them especially beneficial in places with bad weather. Floor mats, available in various materials and designs, may be tailored to complement the inside of your vehicle, adding flair while also delivering useful benefits.<br /><br />Are you ready to improve your car's interior? Shop our assortment of sunshades, cargo mats, floor mats, and other <a href=https://www.gmwholesaledirect.com/interior-accessories>interior accessories</a> now to give your vehicle the protection it deserves!</p>",Yes
"Air Conditioning Parts",air-conditioning,search,Yes,"GM Air Conditioning Parts","GM Air Conditioning Parts For Sale","Buy Genuine OEM GM Air Conditioning Parts At Discount Prices For All GM Models With Fast Affordable Delivery Right To Your Door!",,,,,"air conditioning","<h2>Diagnose a Bad AC: an Easy DIY for GM Vehicles</h2>
<p>There's nothing worse than to be on the road in the heat of a North Carolina summer and have the air conditioner go out. After all, it doesn't just cool the interior during a drive. It also keeps the seats, armrests, and steering wheel comfortable enough to the touch not to burn you when you get in for a drive.</p>
<p>The thing is, when car AC systems do fail, the cause could be anything -- the compressor, condenser, the evaporator, refrigerant levels, even just a weakened seal or a degraded or broken hose. Here's how to tell what the problem might be.</p>
<h3>Low Refrigerant</h3>
<p>Your <a href=""/v-buick-enclave"">Buick Enclave</a>, for instance, doesn't cool properly, and usually, the cause is low refrigerant -- either levels are a problem, or there's a leak. You can figure out which.</p>
<p>Start your engine, set the AC to max cool, set the fans on their highest setting, and listen for the compressor clutch to click on. If it seems like it's working too fast, refrigerant's likely low. If it's not due for service, a leak's likely. What you want to do is check all the seals -- the fittings, the compressor hose manifolds, the hoses themselves (at the fittings), the front seal and O-rings (these seal the compressor's pressure switches), the Schrader valves, and where condensation drains out the evaporator. Also, check the condenser for pinholes. Replace whatever you need to.</p>
<h3>AC Compressor Failure</h3>
<p>Interior of, say, your <a href=""/v-cadillac-xt5"">Cadillac XT5</a> warmer than usual? You can chalk that up to compressor problems, most of the time. Weird noises from it, the clutch getting stuck -- these make it pretty much official. How to tell if you've got a bad clutch is simple: connect a voltmeter. No voltage, the clutch is likely failed. Other issues could be a faulty cycling switch, a blown fuse, or low refrigerant pressure. Replace whatever's not working.</p>
<h3>Faulty AC Condenser</h3>
<p>An SUV like <a href=""/v-chevrolet-traverse"">Chevy Traverse</a> or <a href=""/v-gmc-acadia"">GMC Acadia</a>, you might also run into things like frost accumulation, with a flashing AC button and a lit HVAC warning light to boot. You might even notice discharge pressure issues. These almost always mean condenser trouble.</p>
<p>Here's how to tell. Start the engine, max out the AC, put the fans on high, and check the air coming through the vents. If it's not that cool, the condenser's likely to blame. (Of course, if no air's moving at all, the blower motor is likely bad.) You'll want to check the cooling fans on the condenser and radiator to make sure they're working, and look for any dirt or debris clogging the airflow in the condenser area -- specifically, the condenser vents to the outside. Also, check the cabin air filter for clogs. Again, replace any problem parts.</p>
<p>Of course, if you're not sure what to do, a GM dealer or an <a href=""https://www.mycertifiedservice.com/locate-schedule-service"" target=""_blank"">authorized GM service center</a> would be glad to help.</p>
<h3>Shop OEM AC Systems for Chevrolet in Winston-Salem, NC</h3>
<p>We've got everything you need for car air conditioning repairs. GM-quality parts that are guaranteed to fit, warranty-backed, and discounted from MSRP. Order today; we'll ship fast, anywhere in the US. Have questions? Contact us anytime.</p>",Yes
"Water Pumps",water-pumps,search,Yes,"GM Water Pumps","GM Water Pumps For Sale","Buy Genuine OEM GM Water Pumps At Discount Prices For All GM Models With Fast Affordable Delivery Right To Your Door!",,,,,"water pumps",,Yes
"Fan Parts",fan-parts,search,Yes,"GM Fan Parts","GM Fan Parts For Sale","Buy Genuine OEM GM Fan Parts At Discount Prices For All GM Models With Fast Affordable Delivery Right To Your Door!",,,,,fans,,Yes
Radiators,radiators,search,Yes,"GM Radiators","GM Radiators For Sale","Buy Genuine OEM GM Radiators At Discount Prices For All GM Models With Fast Affordable Delivery Right To Your Door!",,,,,radiators,,Yes
Thermostats,thermostats,search,Yes,"GM Thermostats","GM Thermostats For Sale","Buy Genuine OEM GM Thermostats At Discount Prices For All GM Models With Fast Affordable Delivery Right To Your Door!",,,,,thermostats,"<p>Thermostats regulate engine temperature by controlling coolant flow between the engine and radiator. Proper temperature management ensures efficient fuel use and prevents overheating. When a thermostat fails, engines can run too hot or too cold, causing performance issues. At GMWholesaleDirect.com, we recommend genuine GMC thermostats for reliable operation and long-lasting durability compared to generic alternatives.</p>

<h3>How Thermostats Keep Engines Stable</h3>

<p>The thermostat opens and closes to maintain the engine at the correct operating temperature. Vehicles like the <a href=""/v-gmc-acadia"">Acadia</a> and <a href=""/v-gmc-terrain"">Terrain</a> depend on precise temperature control to protect engine components. Using genuine GMC parts ensures proper fit, prevents leaks, and avoids erratic temperature fluctuations that can harm performance.</p>

<h3>Why Thermostats Break Down</h3>

<p>Thermostats can fail due to corrosion, stuck valves, or wear over time. High heat or debris in the cooling system accelerates deterioration. Aftermarket units often lack the precision and quality of GMC originals, leading to quicker failure and potential engine damage. Including related parts like the coolant sensor in checks improves system reliability and accuracy.</p>

<h3>When to Replace Thermostats</h3>

<p>Replace a thermostat if the engine overheats, runs cold, or heater performance is inconsistent. Early replacement with genuine GMC parts prevents long-term engine damage. Periodic inspection during routine maintenance ensures your cooling system functions correctly. Using GMC thermostats from GMWholesaleDirect.com provides consistent performance and protects the engine over time.</p>

<h3>FAQ: Thermostats</h3>

<p><strong>Q: How long does a thermostat last?</strong><br> Typically between 50,000–100,000 miles, depending on driving conditions.</p>

<p><strong>Q: Can I use an aftermarket thermostat?</strong><br> Generic replacements often fail sooner; GMC thermostats offer precise operation and longer life.</p>

<p><strong>Q: What are common symptoms of a failing thermostat?</strong><br> Engine overheating, poor fuel efficiency, or inconsistent cabin heat are key signs.</p>

<p><strong>Q: Do thermostats vary by GMC model?</strong><br> Yes, always match the part to your vehicle, such as Acadia or Terrain.</p>

<p>Genuine GMC thermostats from GMWholesaleDirect.com ensure reliable engine temperature control and long-term protection for your vehicle.</p>",Yes
"Door Handles",door-handles,search,Yes,"GM Door Handles","GM Door Handles For Sale","Buy Genuine OEM GM Door Handles At Discount Prices For All GM Models With Fast Affordable Delivery Right To Your Door!",,,,,"door handles","<h2>Dependable Access With Genuine Hummer Door Handles</h2>

<p>Door handles may seem simple, but they are essential when entering or exiting your vehicle. They must withstand daily use and exposure to weather while providing smooth function year after year. When a handle sticks, loosens, or breaks, convenience and security quickly become compromised. At GM Wholesale Direct Driven, we offer authentic Hummer replacements designed to restore reliability and durability.</p>

<h3>How Door Handles Work</h3>

<p>A door handle connects to the latch assembly inside the door, releasing the catch so the door opens. Quality design ensures a clean motion and proper alignment with internal mechanisms. Genuine Hummer handles are engineered for an exact fit, unlike many generic aftermarket versions that can feel loose or wear prematurely. Vehicles like the <a href=/v-hummer-h1>H1</a> and <a href=/v-hummer-h3t>H3T</a> rely on this precision to maintain long-lasting function.</p>

<h3>Other Benefits They Provide</h3>

<p>Beyond access, strong door handles add to overall safety by ensuring doors close securely. They also protect your vehicle's finish by resisting corrosion and maintaining a consistent appearance. The door system functions smoothly and consistently when paired with dependable <a href=/window-regulators>window regulators</a>. Using authentic Hummer replacements ensures the design matches original factory standards in performance and appearance.</p>

<h3>When Replacement Is Needed</h3>

<p>Replacement becomes necessary when handles crack, fail to spring back, or no longer engage the latch properly. Cold weather, heavy use, and age can accelerate these issues, and waiting too long risks getting locked out. Genuine Hummer replacements from us at GM Wholesale Direct Driven are built to last and designed to handle demanding conditions. Choosing authentic replacements ensures your vehicle remains secure and functional every day.</p>

<p>Choose genuine Hummer door handles from GM Wholesale Direct Driven and keep your access smooth and dependable.</p>",Yes
Brakes,brakes,search,Yes,"GM Brakes","GM Brakes For Sale","Buy Genuine OEM GM Brakes At Discount Prices For All GM Models With Fast Affordable Delivery Right To Your Door!",,,,,"brake;brake pad;brake shoe;brake rotor;master cylinder;gm brakes;gm brakes and components;original gm brakes","<p>Drum brakes, disc brakes, rotors, brake pads, brake lines, calipers and assemblies - we have all the necessary brake parts and components that you need to replace the original equipment on your GM vehicle. The braking system is the biggest safety feature built into your car that will help you come to a stop at a moment's notice. You don't want to neglect replacing brake parts when they are worn.&nbsp;Browse our online catalog by Year, Make and Model to find the right part for any GM car or truck.</p>",Yes
"Exhaust Parts",exhaust,search,Yes,"GM Exhaust Parts","GM Exhaust Parts For Sale","Buy Genuine OEM GM Exhaust Parts At Discount Prices For All GM Models With Fast Affordable Delivery Right To Your Door!",,,,,exhaust;muffler;header,"<p>A vehicle’s exhaust system protects passengers as well as the environment from three deadly gases: carbon monoxide, nitrogen oxide and nitrogen monoxide. These and other emissions are formed when air and fuel are mixed and explode within the combustion chamber. The exhaust system “muffles” the noises created by combustion and plays an important role in fuel efficiency. For replacement mufflers and exhaust pipes at great prices, look no further than our site.&nbsp;</p>",Yes
"Maintenance Parts",maintenance,search,Yes,"GM Maintenance Parts","GM Maintenance Parts For Sale","Buy Genuine OEM GM Maintenance Parts At Discount Prices For All GM Models With Fast Affordable Delivery Right To Your Door!",,,,,"air filter;oil filter;spark plug;fuel filter;gm maintenance parts;gm engine maintenance;gm fuel filters","<p>Whatever parts you need to maintain your engine’s excellent running condition you’ll find here at great prices. There are many items that fall into the ""maintenance part"" category - this is because you should be replacing these parts or checking them on a routine basis to keep your car running smoothly.&nbsp;Oil filters, fuel filters, spark plugs and spark plug covers for your GM truck or car are available online at GMWholesaleDirect.com. Search below by Year, Make or Model to help you locate the right maintenance item quickly and easily.</p>",No
"Circle Track Crate Engines",circle-track-crate-engines,search,Yes,"GM Circle Track Crate Engines","GM Circle Track Crate Engines For Sale","Buy Genuine OEM GM Circle Track Crate Engines At Discount Prices For All GM Models With Fast Affordable Delivery Right To Your Door!",,,,,19258602;19318604;19331563,"<h1>Everything About the GM Circle Track Crate Engines</h1>
<p>The GM Circle Track Crate Engines are the ideal combination of price, performance, and durability, making them ideal for both casual riders and serious racers. An ideal turnkey option for circle track racing, these engines eliminate driver concern over engine performance and let them concentrate on victory.</p>
<h2>GM Circle Track Crate Engines: What Are They?</h2>
<p> To provide exceptional performance and durability for circle track racing, GM Circle Track Crate Engines are pre-assembled and designed. General Motors builds each engine with meticulous attention to detail, guaranteeing it meets or exceeds all performance requirements. The low price, simple assembly, and high durability of these crate engines make them a favorite among racers.</p>
<h2>Major Attributes</h2>
<ol>
<li><strong>Excellent Performance</strong>: Competitive racing relies on the power and torque delivered by GM Circle Track Crate Engines. These engines have top-notch components and cutting-edge engineering to guarantee peak performance on the track.<br /><br /></li>
<li><strong>Durable</strong>: These engines are famously sturdy and long-lasting, designed to endure the challenges of racing. They maintain peak performance even when subjected to extreme circumstances and high revolutions per minute (RPM) of circle track racing.<br /><br /></li>
<li><strong>Affordable</strong>: GM Crate Engines provides a more budget-friendly option without compromising on performance or quality when compared to custom-built racing engines. Because of this, they may be used by a wider variety of racers.</li>
</ol>
<h2>What Makes Them Stand Out?</h2>
<p>If you're looking for a sturdy, dependable, and powerful engine, go no further than the GM Circle Track Crate Engine. These engines are ideal for novice and experienced racers for their reasonable price, long lifespan, and power. Because of GM's reputation for quality and innovation, you can have faith in the engine that will keep you ahead of the competition.<br /><br /> With a wide range of models available, GM offers a crate engine to suit the demands and tastes of any racer. Get one <strong><a href=https://www.gmwholesaledirect.com/oem-parts/gm-engine-19434598>here</a></strong>!</p>",No
"Small Block Crate Engines",small-block-crate-engines-2,search,Yes,"GM Small Block Crate Engines","GM Small Block Crate Engines For Sale","Buy Genuine OEM GM Small Block Crate Engines At Discount Prices For All GM Models With Fast Affordable Delivery Right To Your Door!",,,,,19244450;19210009;12499101;12499529;19210008;19333157;19351532;12499120;19332532;19332529,"<p>Whether you're fixing or replacing your factory engine or building your own sports car, there are few options better than a small-block crate engine. Chevrolet Performance, for instance -- a division of the <a href=""/v-chevrolet"">Chevy</a> brand -- produces several V8 engines of the type, and some of the best you can buy online these days, such as:</p>
<ul><li>The 350/290 Deluxe, part number 19355658, a high-value option capable of producing 308 horsepower and 347 pound-feet of torque</li><li>The SP350/357 Base, part number 19367080, a more powerful choice that puts out 357 horsepower and 407 pound-feet of torque</li><li>The SP350/385 Base, part number 19333158, a motor designed for high-rpm performance and one capable of delivering 385 horsepower and 405 pound-feet of torque</li></ul>
<p>Of course, there are plenty more to learn about on the <a href="" https://www.chevrolet.com/performance-parts/crate-engines"" target=""_blank"">Chevy Performance Parts website</a>.</p>
<h2>What is a Crate Engine?</h2>
<p>It's a fully or nearly fully assembled motor. Crate engines can be remanufactured, rebuilt, or used, but most you'll find for sale these days, especially here at GM Wholesale Direct, are brand-new. One can include a block, a rotating assembly, and a cylinder head, plus a camshaft, an air intake (induction system), a carburetor, and more. This makes the prospect of engine replacement or upgrade a lot easier. After all, for the most part, you won't have to do much, if any, building or rebuilding.</p>
<h2>What Makes a Crate Engine ""Small-Block""?</h2>
<p>Its lower power, lower displacement, smaller piston bores, shorter piston strokes, and relatively lighter weight. Put simply, small-block crate engines have a huge advantage when it comes to acceleration and handling, as the less performance-vehicle weight they have to pull, the better.</p>
<p>So, what do you have to ""get right"" when it comes to shopping for them? To order a genuine small-block, not an engine from an off-brand that you have to finish building using a bunch of disparate <a href=""/gm-crate-engine-components"">crate engine parts</a>.</p>
<h2>Why Buy a Genuine OEM Small-Block Crate Engine?</h2>
<p>GM designs each to spec for its brands and models. Aftermarket small-block crate engines can't always make the same fit-and-finish guarantee, and neither can off-brand parts.</p>
<h2>Where to Order GM Small-Block Crate Engines Online</h2>
<p>From our auto parts store's catalog. You can browse it more quickly, too: just select your make, model, and <a href=""/v"">model year</a>. Options galore will appear, many priced well below the MSRP of other online sellers, and you'll be putting your order in no time. Buy now, and we'll ship and deliver to your door, anywhere in the US.</p>
<p>Looking to learn more about our store <a href=""/policies/shipping"">shipping</a>, returns, and cancellations policies? You can check out the dedicated pages for them here on our website, but in the meantime, here's the shorthand. For one, most in-stock orders can leave our warehouse same-day if you don't otherwise choose overnight. Secondly, what's out of stock can ship in 2 to 6 days (usually fewer than 6). Thirdly, if you prefer local pickup, feel free to stop by and see us here in Winston Salem NC location; we're located at 5415 Kelley Moore Drive. Finally, returning or canceling an order is no problem: just get in touch with our parts team to start the process.</p>
<p>Need any buying advice? Have any questions or concerns? Again, you're welcome to <a href=""/contact-us"">contact us</a>; our parts specialists will be happy to help you.</p>",No
"Big Block Crate Engines",big-block-crate-engines,search,Yes,"GM Big Block Crate Engines","GM Big Block Crate Engines For Sale","Buy Genuine OEM GM Big Block Crate Engines At Discount Prices For All GM Models With Fast Affordable Delivery Right To Your Door!",,,,,12568774;12568778;8890534;12499121;19166393;19331574;19331579;19201333;19201334,"<p>Looking to upgrade your factory engine? Perhaps you're planning to build your own sports car or high-performance truck. Whether you're fixing your ride, restoring a classic one, or putting together a real competitor for motorsports, there are few choices better for it than a big-block crate engine.</p><h2>What is a Crate Engine?</h2><p>Crate engines are motors that have been fully or nearly fully assembled. They can sometimes be remanufactured, rebuilt, or even simply used, but most you'll find for sale online these days, especially those here at GM Wholesale Direct, are brand-new. What makes them ""crate"" is their inclusion of most or all of the engine parts you'll need for installation -- a block, rotating assembly, cylinder head, camshaft, air intake, carburetor, and others. What's this mean for an engine replacement or upgrade project? It makes the prospect a lot easier: for the most part, you don't have to build or rebuild anything, let alone, in your case, buy a bunch of individual <a href=""/c-big-block-components-13"">big-block engine parts</a>.</p><h2>What Makes a Crate Engine ""Big-Block""?</h2><p>Big-block crate engines have larger bores than <a href=""/c-small-block-crate-engines-16"">engines with small blocks</a>. They make longer strokes, and they have bigger valves and ports. As a result, they're more powerful -- a boon for a serious street-riding or off-roading, for instance. What's most important to get right when shopping for these kinds of engines online, though? To order the genuine article, not something from an off-brand.</p><h2>Why Buy a Genuine OEM Big-Block Crate Engine?</h2><p>GM will have designed it to spec for what you drive, whether that's a Chevy pickup truck, one of the brand's many iconic sports cars, or otherwise. Aftermarket crate engines and parts can't always make the same compatibility guarantee.</p><h2>Where to Order GM Big-Block Crate Engines Online</h2><p>From our auto parts store. You can browse our catalog more quickly by choosing your make, model, and <a href=""/v"">model year</a>. Options galore will appear, and you can put in your order. Buy now, and we'll ship and deliver fast, straight to your door, anywhere in the US; most in-stock orders can leave our warehouse same-day, if you don't otherwise choose overnight, and what's out of stock can ship in 2 to 6 days (usually fewer than 6). Of course, if you prefer local pickup, feel free to stop by our Winston Salem NC location; it's at 5415 Kelley Moore Drive. Returns and cancellations are no problem, either: just <a href=""/contact-us"">contact our parts team</a> to start the process. For further info on our store policies, check out our <a href=""/policies/shipping"">shipping</a>, returns, and cancellations pages.</p><p>Of course, we're here to help for other reasons, too -- say, if you need any buying advice, or you have any questions or concerns. Simply <a href=""/contact-us"">get in touch with us</a>; our parts specialists will be happy to help.</p>",No
"LSX Crate Engines",lsx-crate-engines,search,Yes,"GM LSX Crate Engines","GM LSX Crate Engines For Sale","Buy Genuine OEM GM LSX Crate Engines At Discount Prices For All GM Models With Fast Affordable Delivery Right To Your Door!",,,,,19260831;19299306;19260833;19260835;19260093;19260099,"<p>The LSX crate engine, manufactured by <a href=""/v-chevrolet"">Chevrolet</a>, is based on the LSX Bowtie Block. What it does, compared to the <a href=""/ls-crate-engines"">LS crate engine</a> family, is take horsepower and torque to the next level. Its design far surpasses that of the engines in production vehicles, making it ideal for racing applications.</p><p>There are several small-block V8 variants thereof that you still see these days, such as:</p><p><ul><li>The LSX376-B15 (part number 19355575) -- we carry a replacement for this model; check out <a href=""/oem-parts/gm-engine-19417356?c=bD0yJm49RHluYW1pYyBTRU8gUGFnZQ%3D%3D"">part number 19417356</a></li><li>The LSX376-B8 (part number 19260831)</li><li>The LSX454 (part number LSX454 19355573) -- we also carry a replacement for this model; see <a href=""/oem-parts/gm-engine-19417357?c=bD0zJm49RHluYW1pYyBTRU8gUGFnZQ%3D%3D"">part number 19417357</a></li></ul></p><h2>What Makes an LSX Engine a ""Crate Engine""?</h2><p>They include most if not all of the engine parts you'll need for an install -- namely, a block, a rotating assembly, a cylinder head, and a camshaft, plus an air intake, a carburetor, and some others. Some parts, or even the whole engine, can be remanufactured, if not rebuilt, while others can be used, but most, you'll find for sale online brand-new.</p><p>What does this mean for an engine replacement or upgrade project? The process gets a lot easier: for the most part, you won't have to build or rebuild your vehicle's engine, let alone, in your case, buy <a href=""/gm-crate-engine-components"">crate engine parts</a> separately.</p><p>So, what should you keep in mind when shopping for LSX crate engines online? Be sure to order the genuine article, not aftermarket parts.</p><h2>Why Buy a Genuine OEM LSX Crate Engine?</h2><p>GM designs them to spec for your model. Crate engines and parts from an off-brand, on the other hand, may not always carry the same guarantees as a factory LSX.</p><h2>Where to Order GM LSX Crate Engines Online</h2><p>Right here at GM Wholesale Direct. You can browse our catalog more quickly by selecting your brand, model, and <a href=""/v"">model year</a> first; it'll make finding the specific LSX engine you need much easier. Buy one now, and we'll ship and deliver it right to your address, anywhere in the US; most in-stock orders go out the same day (if you don't otherwise choose overnight shipping), and what's out of stock can leave our warehouse in as few as 2 to as many as 6 days (usually, on the fewer end). Of course, if you need to pick up the engine at our Winston Salem NC location, you're welcome anytime; it's at 5415 Kelley Moore Drive. Returning one or canceling an order is as simple as contacting our parts team to start the process, too. For further info on these subjects, check out our store <a href=""/policies/shipping"">shipping</a>, returns, and cancellations policies pages.</p><p>Of course, should you need any buying advice, or if you have any questions or concerns, we'll be glad to help out just the same. <a href=""/contact-us"">Get in touch with a parts specialist</a> today!</p>",No
"LS Crate Engines",ls-crate-engines,search,Yes,"GM LS Crate Engines","GM LS Crate Engines For Sale","Buy Genuine OEM GM LS Crate Engines At Discount Prices For All GM Models With Fast Affordable Delivery Right To Your Door!",,,,,19301326;19301358;19244098;19301360;19329008;19329009;19301359;19331507;19260165;19328728;19332702,"<p>The LS crate engine family, manufactured by <a href=""/v-chevrolet"">Chevrolet</a>, has been powering Chevy vehicles in one form or another since 1997, when it released as the Gen-III small-block. There are several different kinds, but the mist prominent are a small-block V8, an iron-block version in some Chevrolet trucks, and all-aluminum variants in sports cars like the <a href=""/v-chevrolet-corvette"">Chevy Corvette</a> -- more specifically, the C5 Corvette. For instance, the small-block LS crate engines you see these days are those like the LS3 (part number 19301326), the LS376/480 (part number 19301358), and the LS376/525 (part number 19301360).</p><p>Of course, there a many other small-block LS engines out there, too, such as:</p><p><ul><li>The LSX454 (part number 19355573)</li><li>The LSA (part number 19331507)</li><li>The LS376/515 (part number 19369335)</li><li>The <a href=""/oem-parts/gm-engine-19432630?c=bD04Jm49RHluYW1pYyBTRU8gUGFnZQ%3D%3D"">DR525</a> (part number 19432630)</li><li>The LS7 (part number 19329246)</li><li>The LSX376-B8 (part number 19332312)</li><li>The LSX376-B15 (part number 19355575)</li><li>The LS427/570 (part number 19421004)</li></ul></p><p>Plus a couple long-block LS engines, like:</p><p><ul><li>The LS9 (part number 12624262)</li><li>The LS364/450 (part number 19370163)</li></ul></p><p>Not to mention a few newer long-block LS engines, such as:</p><p><ul><li>The LS3 (part number 19420382)</li><li>The LS376/480 (part number 19420384)</li><li>The LS376/525 (part number 19420386)</li></ul></p><h2>What Makes an LS Engine a ""Crate Engine""?</h2><p>A motor can come in various states of assembly -- what's not otherwise fully assembled can be only partially built. Crate engines are one of these two types. They can sometimes be remanufactured, if not rebuilt; some come simply used; but most, especially those here at GM Wholesale Direct, you'll find for sale online brand-new.</p><p>What makes them ""crate,"" then, is that they include most or all of the engine parts you'll need for a build -- namely, a block, rotating assembly, cylinder head, and camshaft, an air intake, and a carburetor, usually, plus others. How does this affect an engine replacement or upgrade project? It makes one a lot easier: for the most part, you won't have to truly ""build"" or rebuild anything, let alone, in your case, buy a bunch of individual <a href=""/gm-crate-engine-components"">crate engine parts</a>.</p><p>So, what's most important to get right when shopping for LS crate engines online, though? To order the genuine article, not off-brand parts.</p><h2>Why Buy a Genuine OEM LS Crate Engine?</h2><p>GM will have designed it to perfect spec for the model you drive. Aftermarket crate engines and parts, on the other hand, can't always make the same fit-and-finish guarantee as a factory LS.</p><h2>Where to Order GM LS Crate Engines Online</h2><p>Right here at our auto parts store. Want to browse our catalog more quickly? Just choose your brand, model, and <a href=""/v"">model year</a>; it'll make finding what you need much easier. Options galore will show up, and you'll be putting in your order in no time.</p><p>Buy now, and we'll ship and deliver to your door, anywhere in the US at which you live or work; most in-stock orders leave our warehouse the same day (if you don't otherwise choose overnight), and what's out of stock can ship in as few as 2 to as many as 6 days (usually fewer than 6). Of course, if you prefer or otherwise need to do a local pickup instead, feel free to stop by our Winston Salem NC location; it's at 5415 Kelley Moore Drive. Returns and cancellations are no hassle, either: just <a href=""/contact-us"">contact our parts team</a> to start the process. For further store policies info, check out our <a href=""/policies/shipping"">shipping</a>, returns, and cancellations pages.</p><p>Of course, if you need any buying advice, or you have any questions or concerns, we'll help out just the same. Simply <a href=""/contact-us"">get in touch</a> with a parts specialist.</p>",No
"Cylinder Heads",cylinder-heads-sb,search,Yes,"GM Cylinder Heads","GM Cylinder Heads For Sale","Buy Genuine OEM GM Cylinder Heads At Discount Prices For All GM Models With Fast Affordable Delivery Right To Your Door!",,,,,19300956;19300955;12529093;12558060;25534351;19331473;19331470;19331472;24502580;24502615;12480129;12480011;88958667;12480146;12480147;24502517;12480153;96438649;12562920;12562925;12562926;12562917;19331425;19331424;19331422;19331427;19331428;19331426;12363425;19331429;19331430;24502585;25534404,"<h1>How the Buick Envista's Cylinder Heads Affect Engine Performance</h1>
<p>Cylinder heads are an important component of your Buick Envista's engine, influencing your vehicle's overall performance and economy. Understanding their purpose and relevance will help you grasp how they affect your driving experience.</p>
<h2>Enhancing Airflow</h2>
<p>One of the main tasks of cylinder heads is to control airflow into and out of the engine. <a href=https://www.gmwholesaledirect.com/oem-parts/gm-intake-valve-55568831>Intake valves</a> let air and fuel into the cylinders, while <a href=https://www.gmwholesaledirect.com/oem-parts/gm-exhaust-valve-55565339>exhaust valves</a> release exhaust gases after combustion. Proper airflow control is required for peak engine performance. High-performance cylinder heads are designed to enhance airflow, resulting in improved combustion and power production.</p>
<h2>Heat Dissipation</h2>
<p>Another vital role of cylinder heads is in heat dissipation. The combustion process generates significant heat, which must be effectively managed to prevent engine damage. High-quality cylinder heads are equipped with efficient cooling tunnels to maintain the engine temperature at its ideal level. This proactive heat management prevents overheating and ensures the <a href=https://www.gmwholesaledirect.com/oem-parts/gm-engine-25204563>engine</a> runs smoothly.</p>
<h2>Compression and Power</h2>
<p>The cylinder head design directly impacts the engine's compression ratio, which is the ratio of maximum to minimum volume in the combustion chambers. A greater compression ratio often produces more power and improves fuel economy. Properly constructed cylinder heads offer an ideal compression ratio, improving your Buick Envista's overall performance.</p>
<h2>Valve Timing and Operation</h2>
<p>Cylinder heads hold the <a href=https://www.gmwholesaledirect.com/oem-parts/gm-engine-camshaft-19431713>camshaft</a>, which governs valve opening and shutting. Precise valve timing is critical to efficient combustion and engine efficiency. Advanced cylinder head designs feature variable valve timing technology, giving you more control over combustion and enhancing power and fuel economy.<br /><br />Regular maintenance and timely updates to your cylinder heads can substantially improve power, economy, and overall driving pleasure. This underscores the importance of caring for this crucial component, ensuring your Buick Envista runs optimally for years to come.</p>",No
"Valve Covers",valve-covers-sb,search,Yes,"GM Valve Covers","GM Valve Covers For Sale","Buy Genuine OEM GM Valve Covers At Discount Prices For All GM Models With Fast Affordable Delivery Right To Your Door!",,,,,10185064;12480127;24502466;12341670;12497978;12497985;12497979;3726086;474208;474207;19351534;19351803;25534359;25534420,"<h2>Valve Covers That Help Protect GMC Engine Performance</h2>

<p>Valve covers are important engine components that protect internal valvetrain parts in GMC vehicles. They seal the top of the engine and help keep oil contained during operation. When they wear out, leaks and performance issues can develop quickly. We at GMWholesaleDirect.com provide <a href=""https://www.gmwholesaledirect.com/v-gmc"">genuine GMC replacements</a> designed for proper sealing and long-term durability.</p>

<h3>Keep engine oil sealed and components protected</h3>
<p>We at GMWholesaleDirect.com explain that valve covers help protect engine internals in models like the <a href=""/v-gmc-sierra-1500"">GMC Sierra 1500</a> and <a href=""/v-gmc-acadia"">GMC Acadia</a> by sealing oil inside the cylinder head area during operation. A worn <a href=""/spark-plugs"">spark plugs</a> system can also show performance issues when oil leaks reach ignition components, leading to misfires or rough running. Genuine GMC valve covers provide stronger sealing and better heat resistance than lower-cost aftermarket versions that may warp or crack over time.</p>

<h3>Why valve covers break down over time</h3>
<p>Heat cycling, engine vibration, and oil exposure gradually wear down gasket surfaces and cover materials. Aftermarket parts often use lower-grade composites that do not hold shape under long-term engine heat. Models like the GMC Sierra 1500 and GMC Acadia can develop leaks when valve cover sealing weakens or bolts loosen with age.</p>

<h3>When replacement becomes necessary</h3>
<p>Replacement is needed when oil leaks appear around the top of the engine, or when burning oil smells become noticeable. GMWholesaleDirect.com recommends inspecting valve covers during routine maintenance to catch early wear. Genuine GMC parts provide better fit and sealing reliability compared to generic aftermarket alternatives. Timely replacement helps prevent oil contamination of nearby components and supports stable engine performance. Regular inspection also reduces the risk of long-term engine damage from unnoticed leaks.</p>

<h3>FAQ: Valve Covers</h3>
<p><strong>What do valve covers do?</strong><br> They seal the top of the engine and keep oil contained around the valvetrain.</p>
<p><strong>What are signs of failure?</strong><br> Oil leaks, burning smells, and visible residue around the engine are common signs.</p>
<p><strong>Why choose genuine GMC valve covers?</strong><br> They offer better sealing, durability, and fit than aftermarket options.</p>
<p><strong>Can leaks affect performance?</strong> <br>Yes, oil leaks can damage ignition components and reduce engine efficiency.</p>",No
"Adapters, Hardware & Breathers",adapters-hardware-breathers-sb,search,Yes,"GM Adapters, Hardware & Breathers","GM Adapters, Hardware & Breathers For Sale","Buy Genuine OEM GM Adapters, Hardware & Breathers At Discount Prices For All GM Models With Fast Affordable Delivery Right To Your Door!",,,,,88962074;25534355;12341993;19131218;3894337;14085759;12366995;12366994;3896648,"<h2>Air Breathers: Why They Should be Your Cold Air Intake's Next Mod</h2><p>That <a href=""/v-chevrolet-camaro"">Chevy Camaro</a> you love -- its performance upgrades: 90% done. You've put in a turbocharger (or better, a supercharger), axed the factory <a href=""/air-cleaners-pf"">air cleaner assembly</a>, and you're swapping out the original <a href=""/intake-manifolds-components-sb"">air intake</a> for a cold air intake, looking to get that power bump you've been dreaming of. What better finishing touch than an air breather or two?</p><p>They're not just recommended for induction systems (especially aftermarket), they're a must. That's because, where a factory air filter's been taken out, something has to make up for engine filtration in order for your sports car to run right. Enter air breathers: mini paper or foam air filters, with metal mesh in a rubber or plastic housing, that attach to intake hose inlets or outlets; they do the same job of keeping damaging airborne contaminants away from engine parts.</p><p>Just be sure to install them correctly and regularly inspect them to ensure your cold intake lasts longer. That means keep an eye out for dirt accumulating on them, for discoloration, and for vacuum leaks and a Check Engine light showing up on the dash (indicating you might've put them in wrong, or that the engine air/fuel ratio's too lean, or both). This is critical, too; after all, a lean-running engine also runs damagingly hot, and you don't want to be on the hook for repairs.</p><p>Not sure what to do, or how to go about it? Get in touch with a GM dealer; the pros at, say, in this case, an <a href=""https://www.chevrolet.com/certified-service-dealer-locator"" target=""_blank"">authorized Chevy service center</a> would be happy to help.</p><p>Of course, that means sticking with OEM parts, too. Good thing you came to us. What we sell is GM-quality, guaranteed to fit, warranty-backed, and best of all affordable -- often, you'll pay less than MSRP, and sometimes, you can even get some pretty steep discounts. Buy with confidence.</p><h3>Shop OEM Air Breathers at GM Wholesale Direct in Winston-Salem, NC</h3><p>Order today to get fast shipping anywhere in the US. Have questions? We're here to help. Contact us anytime.</p>",No
Pushrods,pushrods-sb,search,Yes,"GM Pushrods","GM Pushrods For Sale","Buy Genuine OEM GM Pushrods At Discount Prices For All GM Models With Fast Affordable Delivery Right To Your Door!",,,,,14044874;366277;10046173;12371041;10241740;3973418;3921912;12371058;10227762;10227763;12368081;88961559;88961558;88962284;88962283;19330131;19330132,"<h1>What are Pushrods For? Unknown Functions and Benefits</h1>
<p>Pushrods are thin rods that form part of the valve train system of internal combustion engines. Their major job is to convey camshaft motion to <a href=https://www.gmwholesaledirect.com/valve-lifters-components-bb>valve lifters</a>, moving the valves up and down. This procedure is critical for the engine's proper timing and performance since it ensures that the valves open and close at the appropriate intervals for efficient combustion.</p>
<h2>The Role of Pushrods in Engine Performance</h2>
<p>Pushrods play an important function in sustaining <a href=https://www.gmwholesaledirect.com/gm-crate-engine-components>engine performance</a>. They keep the valves open and closed at the proper timings, which is crucial for the engine's air-fuel mixture and exhaust operations. Poor-quality or worn-out pushrods can cause engine misfires, decreased power, and even serious engine damage. As a result, investing in high-quality pushrods is critical for preserving your vehicle's performance and longevity.</p>
<h2>Advantages of High-Quality Pushrods</h2>
<p>High-quality pushrods offer many advantages, including increased longevity, higher engine performance, and less wear on other components. Their construction from stronger materials, such as chromoly steel, ensures they can withstand higher stress and temperatures. This longevity guarantees that your engine will run smoothly in various driving scenarios, from daily commuting to high-performance racing, providing you with reassurance and confidence in your vehicle's performance.</p>
<h2>Selecting the Right Pushrods for Your Vehicle</h2>
<p>When selecting pushrods for your vehicle, it's crucial to consider factors such as material, length, and engine compatibility. High-performance engines may necessitate pushrods with specialized properties, such as greater strength or unique lengths. In this decision-making process, consulting with a competent technician or engine expert can provide you with the guidance and support you need to select the correct pushrods, thereby improving your engine's performance and ensuring long-term dependability.<br /><br />Ask us <strong><a href=https://www.gmwholesaledirect.com/contact-us>here</a></strong> to find the right parts and accessories for your needs.</p>",No
"Balancers & Pulleys",balancers-pulleys-sb,search,Yes,"GM Balancers & Pulleys","GM Balancers & Pulleys For Sale","Buy Genuine OEM GM Balancers & Pulleys At Discount Prices For All GM Models With Fast Affordable Delivery Right To Your Door!",,,,,12551537;19301706;12498008;24502534;24502535;19355269;9440024,"<h2>How Can I Tell if My GM Engine's Got a Failed Harmonic Balancer?</h2><p>Imagine. You're headed across the US-421 in the <a href=""/v-chevrolet-camaro"">Chevy Camaro</a> or <a href=""/v-chevrolet-corvette"">Corvette</a> you love driving. You start feeling the engine vibrating. You try speeding up a little; it gets noisier -- <i>louder</i>. Then the front end starts squeaking, <i>squealing</i>.</p><p>Sure, these could be signs of a faulty belt. But a lot of times, they suggest you've got a bad harmonic balancer. Don't worry; we're here to help you figure things out.</p><p>Here's all you need to know about harmonic balancers, including some common problems a faulty one can cause, and what to do to fix the balancer itself.</p><h3>Harmonic Balancers 101</h3><p>Also called a crankshaft balancer or a crankshaft damper, the harmonic balancer is a round disc attached to the crankshaft -- one that protects it (and indirectly, the engine) by absorbing the vibrations the engine cylinders produce as they fire.</p><p>Three parts make it up:</p><p><li>A hub (which is bolted to the crankshaft itself);</li><li>A balance ring (basically, the crankshaft pulley; it drives things like the <a href=""/air-conditioning"">air conditioner</a> and <a href=""/alternators"">alternator</a>); and</li><li>A rubber dampener (which connects the hub to the balance ring)</li></p><h3>Common Harmonic Balancer Problems</h3><p><li>For one, at the end of a long life, the damper can start to soften (or even get harder), at which point, it'll start to deteriorate. If you're having cooling system problems at the same time, and they're making your engine overheat, or you've got oil leaks, the breakdown can happen a lot faster than usual.</li><li>Secondly, the balance ring can slip, knocking a belt off-track, and this can end up damaging the water pump and just about every other part the belt helps run.</li><li>Third, vibrations can start affecting the crankshaft, cracking it, or worse, even breaking it. That happens, and catastrophic engine damage follows.</li></p><h3>How to Fix a Harmonic Balancer</h3><p>You'll need a special puller for the job. Don't use tools like prybars, wheel pullers, or mallets -- these'll damage the balancer almost immediately. You'll also need specific tools to install a new one. If you've got them, and the skillset to go with them, the job's straightforward -- just follow manufacturer instructions. If not, <a href=""https://oss.gm.com/oss_redesign/ui-modules_redesign/Landing"" target=""_blank"">the pros will be glad to help</a>.</p><h2>Shop OEM Crankshaft Balancers at GM Wholesale Direct in Winston-Salem NC</h2><p>We've got what you need; it's genuine GM, made to fit your ride, and best of all, affordable. Plus, we'll ship fast, anywhere in the US. Contact us with any questions.</p>",Yes
"Intake Manifolds & Components",intake-manifolds-components-sb,search,Yes,"GM Intake Manifolds & Components","GM Intake Manifolds & Components For Sale","Buy Genuine OEM GM Intake Manifolds & Components At Discount Prices For All GM Models With Fast Affordable Delivery Right To Your Door!",,,,,10185063;12366573;12496820;12496821;12496822;24502592;10051103;10051102;12498032;12489371;24502481;24502653;24502654;12480096;88958617;12370840;88958659;88958670;14094792;6269414;12556596;12342024;10108470;10147994;19301685;89017465;12528884;10185042;10185007;12524653;14097092;19131359;12363420;12363421;12363406;12363407;88961161;88962218,"<h1>Everything about Intake Manifolds & Components</h1>
<p>The intake manifold is an important component of your vehicle's engine since it distributes air uniformly to the cylinders to ensure maximum combustion. Your engine's performance, fuel efficiency, and general longevity may suffer if your intake manifold and its components need to be in better working order.</p>
<h2>Why Intake Manifolds and Components Matter</h2>
<p>A well-designed intake manifold distributes the air-fuel combination uniformly to each cylinder, resulting in efficient combustion. This improves your vehicle's performance, increases fuel efficiency, and lowers hazardous emissions. High-quality intake manifold components are critical for keeping the engine healthy, avoiding costly repairs, and assuring long-term reliability.</p>
<h2>Understanding The Intake Manifold</h2>
<p>The intake manifold is a series of tunnels that carry air from the throttle body to the engine's cylinders. It controls the air-fuel mixture, which is crucial for engine performance. Modern intake manifolds are precision-engineered to maximize airflow and guarantee that each cylinder receives the proper quantity of air at the appropriate moment.</p>
<h2>Key Intake Manifold Components</h2>
<p>Several components of the intake manifold system function together, including the intake <a href=https://www.gmwholesaledirect.com/oem-parts/gm-plenum-panel-15978125>plenum</a>, <a href=https://www.gmwholesaledirect.com/oem-parts/gm-engine-intake-manifold-runner-control-valve-12625725>runners</a>, and <a href=https://www.gmwholesaledirect.com/oem-parts/gm-gasket-19213986>gaskets</a>. The intake plenum is a reservoir, distributing air uniformly. In contrast, the runners direct the air to the cylinders. Gaskets seal the connections between the manifold and the engine, avoiding air leaks that might affect performance.</p>
<h2>Choosing the Right Intake Manifolds and Components</h2>
<p>When purchasing intake manifolds and components, purchasing high-quality OEM parts that meet your vehicle's requirements is critical. OEM components are built to the exacting requirements of your vehicle's manufacturer, assuring peak performance and longevity. Investing in the appropriate parts significantly improves your engine's efficiency and durability.<br /><br />Explore our selection of superior OEM intake manifolds and components to increase your vehicle's efficiency. Shop today and experience increased fuel efficiency and power. <a href=https://www.gmwholesaledirect.com/contact-us>Contact us</a> now!</p>",No
"Starters & Alternators",starters-alternators-sb,search,Yes,"GM Starters & Alternators","GM Starters & Alternators For Sale","Buy Genuine OEM GM Starters & Alternators At Discount Prices For All GM Models With Fast Affordable Delivery Right To Your Door!",,,,,12361146;12363128;10465143;19302919;88958690;141-656;141-657;141-658;141-659;141-660;141-684;141-402;141-403,"<p>Starters and alternators are key to keeping a vehicle running smoothly. The starter gets the engine moving when the ignition is turned on, while the alternator keeps the battery charged while driving. Failing parts can cause slow cranking, dim lights, or a dead battery. At GMWholesaleDirect.com, we offer genuine GMC starters and alternators that outperform lower-priced aftermarket options.</p>

<h3>How Starters & Alternators Work</h3>

<p>The <a href=""/starters"">starter</a> engages the engine to begin the combustion process. Once the engine is running, the <a href=""/alternators"">alternator</a> maintains battery charge and powers electrical systems. Vehicles like the <a href=""/v-gmc-sierra-1500"">Sierra 1500</a> and <a href=""/v-gmc-yukon"">Yukon</a> rely on these parts for reliable starts and consistent electrical performance. Genuine GMC parts ensure proper fit and reduce the risk of electrical issues compared to generic brands.</p>

<h3>Why They Break Down</h3>

<p>Starters can fail due to worn brushes, overheating, or frequent starting. Alternators often break down from worn bearings, damaged voltage regulators, or exposure to moisture. Low-quality aftermarket units tend to fail sooner because of inferior materials and less precise construction. Using genuine GMC replacements improves durability and maintains dependable performance.</p>

<h3>When to Replace Starters & Alternators</h3>

<p>Signs a starter may need replacement include clicking noises, slow cranking, or no-start conditions. Alternators should be checked if the battery warning light illuminates, electrical accessories fail, or the battery frequently dies. Proactive replacement with genuine GMC parts prevents inconvenient breakdowns. Including related parts like the <a href=""/starter-solenoids"">starter solenoid</a> during inspection ensures the entire system functions reliably.</p>

<h3>FAQ: Starters & Alternators</h3>

<p><strong>Q: How long do starters and alternators last?</strong><br> Most last between 100,000–150,000 miles, but driving conditions can affect lifespan.</p>

<p><strong>Q: Can I use a generic replacement?</strong><br> Generic parts often fail sooner; genuine GMC parts are designed for exact fit and durability.</p>

<p><strong>Q: How do I know if my alternator is failing?</strong><br> Warning lights, dimming lights, or frequent battery issues indicate alternator problems.</p>

<p><strong>Q: Are these parts the same for all GMC vehicles?</strong><br> No, always match the starter or alternator to your vehicle model, such as Sierra 1500</a> or Yukon</a>.</p>

<p>Genuine GMC starters and alternators from GMWholesaleDirect.com provide consistent performance and long-lasting reliability, keeping your vehicle running smoothly day after day.</p>",Yes
"Carburetors & Air Cleaners",carburetors-air-cleaners-sb,search,Yes,"GM Carburetors & Air Cleaners","GM Carburetors & Air Cleaners For Sale","Buy Genuine OEM GM Carburetors & Air Cleaners At Discount Prices For All GM Models With Fast Affordable Delivery Right To Your Door!",,,,,19170097;19170092;19170093;17096144;12342071;12342080;19351805;12498951,"<h1>How GM Carburetors & Air Cleaners Work</h1>
<p>Understanding how carburetors and air cleaners work is critical for maximizing the performance of General Motors (GM) cars. These components are critical to the engine's performance, delivering the proper mix of air and fuel for combustion while ensuring the air entering the engine is clean and pollutants-free.</p>
<h2>Carburetors' Primary Functions and Mechanisms</h2>
<p>Carburetors combine air and fuel properly in an internal combustion engine. GM carburetors are engineered to accurately regulate this combination, resulting in improved engine performance, fuel efficiency, and emissions management.<br /><br />The carburetor starts by pulling air via an <a href=https://www.gmwholesaledirect.com/air-filters>air filter</a>. This air flows through a constriction called a venturi, which increases its velocity while decreasing its pressure. The venturi's lower pressure takes fuel from the float chamber through a jet, where it mixes with the incoming air. The form and size of the venturi and jet are regulated to achieve the proper air-fuel ratio. A <a href=https://www.gmwholesaledirect.com/oem-parts/gm-throttle-body-12697037>throttle valve</a>, operated by the accelerator pedal, regulates the quantity of air-fuel mixture that enters the engine. When the throttle is opened, more air-fuel mixture enters the engine, which boosts power production. The mixture is then atomized and evaporated as it travels through the intake manifold, resulting in full combustion in the engine cylinders.</p>
<h2>Air Filters’ Primary Functions and Mechanisms</h2>
<p>Air cleaners safeguard the engine by filtering out dust, grime, and other impurities before they enter the carburetor. Air cleaners catch particles using filter media, commonly comprised of paper, foam, or cotton. This prevents pollutants from entering the carburetor or engine. They are intended to offer maximum airflow while ensuring excellent filtering efficiency. Proper airflow is required for the carburetor to maintain the right air-fuel ratio. Regular maintenance and replacement of air filters are essential. A blocked air filter can reduce airflow, causing the engine to run rich (consuming too much gasoline) and lowering performance and fuel economy.<br /><br />Grab OEM GM performance parts replacements <strong><a href=https://www.gmwholesaledirect.com/gm-performance-parts>here</a></strong>!</p>",No
"Performance Automatic",performance-automatic,page,Yes,"Performance Automatic Transmission","GM Performance Automatic Transmissions","Buy GM Performance Automatic Transmissions At Affordable Prices Online And Get It Delivered Right To Your Door!",,,,,,,
"700R4 Transmission",700r4-transmissions,search,Yes,"GM 700R4 Transmission","GM 700R4 Transmission For Sale","Buy Genuine OEM GM 700R4 Transmission At Discount Prices For All GM Models With Fast Affordable Delivery Right To Your Door!",,,,,PA70104,,No
"350 Transmission",350-transmissions,search,Yes,"GM 350 Transmission","GM 350 Transmission For Sale","Buy Genuine OEM GM 350 Transmission At Discount Prices For All GM Models With Fast Affordable Delivery Right To Your Door!",,,,,PA35104,,No
"400 Transmission",400-transmissions,search,Yes,"GM 400 Transmission","GM 400 Transmission For Sale","Buy Genuine OEM GM 400 Transmission At Discount Prices For All GM Models With Fast Affordable Delivery Right To Your Door!",,,,,PA40104,"<h2>Shop GM 400 Transmissions Near Greensboro-High Point NC</h2><p>The GM 400, also called TH400, came out back in 1964. It quickly became a mainstay of GM cars -- <a href=""/v-buick"">Buick</a> and <a href=""/v-cadillac"">Cadillac</a> initially, then <a href=""/v-chevrolet"">Chevrolet</a> and <a href=""/v-oldsmobile"">Oldsmobile</a> soon after. Eventually, in the 1970s, it'd find its way into the brand's heavy-duty trucks, those with both two-wheel and four-wheel drive (2WD or 4WD).</p><p>By 1990, GM would change its name to 3L80, denoting three speeds, its longitudinal positioning (in-line, basically), and its 8,000-pound gross vehicle weight rating). Soon after, an overdrive version would come out: the 4L80-E, an electronically controlled model mainly used in heavy-duty vehicles.</p><p>Put simply, you can see why it's one of the most sought-after three-speed automatic transmissions ever made. For one, its modern iterations are compatible with most crate engines -- meaning, they can drive some serious power. Of course, it's also got better shift calibrations, plus heavy-duty clutches, upgraded sprags, and an updated pan and drain plug. And if you're looking to buy one online for a repair or restoration project, you've come to the right GM parts store.</p><h3>Buy from Us at GM Wholesale Direct in Winston-Salem</h3><p>The 400 transmission models we sell, they're genuine GM. That means both top-quality and guaranteed to fit. They're also priced lower than MSRP -- a lot of times, discounted pretty steeply. Above all, they're warranty-backed; you can buy with confidence and enjoy peace of mind.</p><p>Order now, and we'll ship fast, anywhere in the US, here in North Carolina or otherwise. Contact us if you have any questions.</p>",No
"2004R Transmission",2004r-transmissions,search,Yes,"GM 2004R Transmission","GM 2004R Transmission For Sale","Buy Genuine OEM GM 2004R Transmission At Discount Prices For All GM Models With Fast Affordable Delivery Right To Your Door!",,,,,PA20104,"<p>Straight-line racing's one thing. That's for sports cars. Drag racing's another. For that, you need a serious muscle car -- one that packs a bigger punch power-wise, but with every little gain in fuel economy that you can get.</p><p>A lot of engine parts factor in there, but most important among them: the transmission. And muscle cars need not good ones, but great ones. That's where the GM 2004R comes in.</p><h2>The 2004R Transmission from GM -- The Stuff Pony Car Legends are Made of</h2><p>A four-speed auto with overdrive from the 1980s, in the proud tradition of the Turbo Hydramatic line, it's wildly popular in muscle cars -- even if hard to get your hands on these days, even from scrapyards. (If you drive a model from the era -- the <a href=""/v-chevrolet-monte-carlo"">Chevy Monte Carlo</a> of '84 to '88 comes to mind -- you might already know what we're talking about.)</p><p>That's because, as upgrades from Powerglide two-speeds or TH350 three-speeds go, they're one of the easiest to make -- no major mods (like having to shorten a driveshaft) needed. And as reasons to trade up on your old TH350 go, that's a great one -- but you've got to find a 2004R first. You're in luck. We stock it here at GM Wholesale Direct, steeply discounted, and with a warranty to back it up.</p><p>Maybe the best thing about it, though? Its Chevrolet and BOP bell housing bolt pattern. That makes it so you can put it in all kinds of GM models like yours, especially vintage cars. Its driveshaft, that bell housing, and the mechanical speedometer, plus the rugged build and torque capacity, made it perfect for legends like the <a href=""/v-pontiac-firebird"">Pontiac Firebird</a> Trans-Am and Buick Grand National. It even fits where space is at a premium -- a little better than its sibling transmission, the 700R4, made for larger cars and trucks.</p><p>Of course, a lot of other classic cars came with a 2004R transmission -- the <a href=""/v-buick-regal"">Buick Regal</a> of 1983 to 1987, the <a href=""/v-cadillac-fleetwood"">Cadillac Fleetwood</a> of 1981 to 1989, and the <a href=""/v-gmc-caballero"">GMC Caballero</a> of 1985 to 1987, just to name a few. Others include Chevrolet Caprice, Buick Electra, and even the <a href=""/v-oldsmobile-custom-cruiser"">Oldsmobile Custom Cruiser</a> and <a href=""/v-pontiac-parisienne"">Pontiac Parisienne</a>. So, whatever you're driving, pony car or passenger, with a TH350 or a 2004R, if you're looking to replace the transmission, you've come to the right place.</p><h2>2004R Transmissions for GM for Sale in Winston-Salem NC -- Shop Online Now</h2><p>Don't let that update you've been putting off go; buy today. We'll ship fast, and we'll deliver promptly, anywhere in the US. Have questions? Contact our parts team anytime.</p>",No
"Blocks & Components",blocks-components-bb,search,Yes,"GM Blocks & Components","GM Blocks & Components For Sale","Buy Genuine OEM GM Blocks & Components At Discount Prices For All GM Models With Fast Affordable Delivery Right To Your Door!",,,,,10243869;10105123;88962516;10066034;12480174;12480047;12480175;12480157;12480049;24502503;24502650;10185075;10134400;24502495,"<h2>Engine Block Care and Maintenance 101</h2>
<p>The worst has happened. You've sprung a coolant leak -- there's water or antifreeze under your engine. If it's a <a href=""/small-block-crate-engines-2"">small-block crate engine</a> like a 350, under the hood of, say, a classic <a href=""/v-chevrolet"">Chevy</a>, that can be a bigger deal than it might seem. That's because you've already ruled out a bad <a href=""/water-pumps"">water pump</a>, a faulty <a href=""/radiators"">radiator</a>, a failed heater core, and hose issues. And you've got a loose or corroded freeze-out plug on top of that.</p>
<p>What's likely happened: the engine block's gone bad. See any damage to it, like cracks, or find that it's porous (from a defect), and most likely, it can't be rebuilt; you'll have to replace it. We've got the new one you've been looking for; it's OEM quality, and better yet, steeply discounted.</p>
<p>Once you've done that, classic cast-iron or more modern aluminum alloy, it'll have to stay durable enough to last a lifetime. One of the best ways to help it do that: give it a good cleaning during engine maintenance. Good thing you came to us at GM Wholesale Direct for advice on what to do.</p>
<p>Here's how cleaning usually goes, for Chevy and most other GM engine blocks.</p>
<h3>Step 1: Prep</h3>
<p>In a well-ventilated area with proper drainage, set up a container or tarp where you'll be doing the cleaning. Put on all necessary safety gear, including gloves and safety glasses.</p>
<h3>Step 2: Remove Grease and Oil</h3>
<p>You can go one of two routes here: using a degreaser or steam-cleaning. If you choose degreasing, apply your solution to the whole block, scrub all surfaces, and rinse the block thoroughly with water. If you choose to use a steam cleaner, steam all surfaces while scrubbing them.</p>
<h4>2a. for Aluminum Engine Blocks</h4>
<p>You can choose to use an aluminum-safe cleaner if you prefer. They'll help avoid any unexpected chemical reactions. Follow the cleaner manufacturer's instructions closely, and rinse the cleaner off afterward. For the scrubbing part of the job, use a soft-bristled brush or pad; it'll help prevent scratches.</p>
<h4>2b. for Cast-Iron Engine Blocks</h4>
<p>You can choose to use a rust dissolver if you prefer. Apply it to rusty spots, following the manufacturer's directions. Let the dissolver penetrate the rust, then scrub it away gently with a wire brush. Rinse the block afterward.</p>
<p>Now that you've got a clean block, it'll go a long way toward your vehicle's engine running as well as it can.</p>
<p>Of course, there's more to consider when cleaning an engine block. After, say, machining it, let alone before building an engine, there can be pressure-washing to do, for example, or rinsing with (or soaking in) solvent. As with any maintenance, follow all manufacturer instructions to the letter.</p>
<p>We also have everything you need related to Performance&nbsp;<a href=""https://www.gmwholesaledirect.com/gm-performance-parts"">Car Parts North Carolina</a></p>
<h2>Shop GM Engine Blocks from Winston-Salem NC</h2>
<p>Order now; we'll ship fast, anywhere stateside. Have any questions? Feel free to contact us.</p>",No
"Head Gaskets & Bolts",head-gaskets-bolts-bb,search,Yes,"GM Head Gaskets & Bolts","GM Head Gaskets & Bolts For Sale","Buy Genuine OEM GM Head Gaskets & Bolts At Discount Prices For All GM Models With Fast Affordable Delivery Right To Your Door!",,,,,12363414;12363412;12555728;12366984;12363411;88961561;12367779;10105117;3830711;12557236;10185054;10168457;12499223;14011040;10051155;14044866;585927;12495499,"<h1>How To Select The Right OEM Head Gaskets & Bolts</h1>
<p>Choosing the correct OEM head gaskets and bolts is critical to preserving your engine's performance and lifetime. These components are essential for closing the combustion chamber and ensuring the engine runs smoothly. A bad decision might result in costlier repairs, shorter engine life, and decreased vehicle safety.</p>
<h2>Why Quality Matters in OEM Head Gaskets and Bolts</h2>
<p>Investing in high-quality OEM head gaskets and bolts is critical to maintaining the engine's integrity. OEM components are custom-made to fit your vehicle, providing a flawless fit and dependable performance. They aid in avoiding leaks, maintaining optimum compression, and enduring severe temperatures and pressures. When you choose OEM items, you invest in durability and peace of mind, knowing that your <a href=https://www.gmwholesaledirect.com/oem-parts/gm-engine-12708597>engine</a> components will last.</p>
<h2>Understanding the Function of Head Gaskets in Your Engine</h2>
<p>The head gasket is a vital component that seals the <a href=https://www.gmwholesaledirect.com/oem-parts/gm-cylinder-head-25195269>cylinder head</a> to the engine block, keeping coolant and oil from mixing and ensuring proper compression within the engine. It must endure high temperatures and pressures; thus, material and design selection are critical. OEM head gaskets are designed to meet your engine's exact specifications, resulting in a secure and long-lasting seal.</p>
<h2>Choose the Right Bolts for Maximum Durability</h2>
<p>Bolts are critical for fastening the head gasket and keeping the engine structurally sound. OEM bolts are intended to meet your engine's unique torque requirements, lowering the chance of loosening or failure over time. When choosing bolts, consider material strength, corrosion resistance, and compatibility with your engine model to guarantee a long-lasting connection.</p>
<h2>Tips for Selecting the Best OEM Head Gaskets and Bolts</h2>
<p>When choosing OEM head gaskets and bolts, remember your vehicle's make and model, the materials used, and the manufacturer's reputation. Gaskets constructed of high-quality materials, such as multi-layer steel (MLS), will provide better sealing. Ensure that the bolts meet your engine's standards and are strong enough to withstand the pressure and temperature demands.<br /><br /><a href=https://www.gmwholesaledirect.com/contact-us>Contact us</a> today to know more.</p>",No
"Valves & Valve Springs",valves-valve-springs-bb,search,Yes,"GM Valves & Valve Springs","GM Valves & Valve Springs For Sale","Buy Genuine OEM GM Valves & Valve Springs At Discount Prices For All GM Models With Fast Affordable Delivery Right To Your Door!",,,,,12556317;12366986;12366987;14097049;12366988;88963128;88963934;19172596;12550421;3947880;12550422;88963936;88963937;88963935;10241743;12555331;12363757;12550909;12551313;94666580;10134358;330585;10206040;12625033;12499224;10212811;19154761;19300952;10212809;10185066;3875916;10212810;12511890;10241744;10045007;19171528;19169661;12495503,,No
"Rocker Arms",rocker-arms-bb,search,Yes,"GM Rocker Arms","GM Rocker Arms For Sale","Buy Genuine OEM GM Rocker Arms At Discount Prices For All GM Models With Fast Affordable Delivery Right To Your Door!",,,,,19260993;19355321;19210726;3896648;12495490;19210728;19210729;19210725;19210731,,No
"Guide Plates",guide-plates-bb,search,Yes,"GM Guide Plates","GM Guide Plates For Sale","Buy Genuine OEM GM Guide Plates At Discount Prices For All GM Models With Fast Affordable Delivery Right To Your Door!",,,,,3860038;3879620;12562369,"<h1>Everything About GM Guide Plates</h1>
<p>Guide plates ensure your engine's valve train lasts and works well. These small but important parts help keep the pushrods in the right place, which stops wear and tear that could cause the engine to break down. Whether upgrading or keeping your GM vehicle, understand how guide plates work and why they are important.</p>
<h2>Why GM Guide Plates Are Important</h2>
<p>For proper valve train alignment in your engine, GM guide plates are a must. These plates keep the pushrods lined up, which stops them from moving side to side, which could do a lot of damage. This not only makes your engine work better, but it also makes it last longer. Anyone who wants to get the most out of their vehicle and avoid having to pay for expensive fixes in the future should invest in high-quality GM guide plates.</p>
<h2>How GM Guide Plates Work</h2>
<p>Guide plates ensure the pushrods stay aligned with the <a href=https://www.gmwholesaledirect.com/oem-parts/gm-rocker-arms-12696105>rocker arms</a> by giving them a steady path. Any change to this balance could cause the pushrods to rub against the cylinder head, which would wear them out faster than needed. You can be sure that GM guide plates will fit properly in GM engines because they give you exact control over the movement of the pushrods, which is important for keeping the engine in good shape.</p>
<h2>Impact of Using Guide Plates</h2>
<p>There are several reasons to use GM guide plates. They help keep the pushrods and <a href=https://www.gmwholesaledirect.com/oem-parts/gm-cylinder-head-55582695>cylinder heads</a> from rubbing against one another, which keeps them in good shape. This not only makes your engine last longer, but it also makes it run better overall. GM guide plates also help make valve timing more exact, which is important for getting the most power and economy out of an engine.</p>
<h2>Selecting the Right Guide Plates</h2>
<p>It is important to ensure that your GM guide plates are the right type and size for your engine model. For proper operation and orientation, compatibility is very important. Whether you are a professional mechanic or just like to do things on your own, buying the right guide plates will ensure that your engine runs quickly and efficiently.<br /><br /><a href=https://www.gmwholesaledirect.com/contact-us>Contact Us</a> today for more information!</p>",No
"Valve Lifters & Components",valve-lifters-components-bb,search,Yes,"GM Valve Lifters & Components","GM Valve Lifters & Components For Sale","Buy Genuine OEM GM Valve Lifters & Components At Discount Prices For All GM Models With Fast Affordable Delivery Right To Your Door!",,,,,12371044;17120060;12371056;19210719;12551397;12551399,"<h2>Valve Lifters and Components That Keep GMC Engines Operating Smoothly</h2>

<p>Valve lifters and related components are responsible for controlling how air and fuel enter and exit GMC engines. They help regulate valve movement so the engine runs smoothly and efficiently. When these parts begin to wear, performance issues can develop quickly and affect drivability. We at GMWholesaleDirect.com provide <a href=""https://www.gmwholesaledirect.com/v-gmc"">genuine GMC replacements</a> designed for accuracy, durability, and long service life.</p>

<h3>Keep valve movement precise and consistent</h3>
<p>Valve lifters work with the valvetrain to ensure proper timing and smooth operation in models like the <a href=""/v-gmc-sierra-1500"">GMC Sierra 1500</a> and <a href=""/v-gmc-terrain"">GMC Terrain</a>, helping control airflow and combustion inside the engine. A worn <a href=""/parts/timing-chains-sprockets-bb"">timing chain sprocket</a> can also affect synchronization, leading to noise, misfires, or reduced engine efficiency. Genuine GMC lifters and components provide better precision and durability than lower-cost aftermarket options that may wear unevenly or fail early.</p>

<h3>Why valve lifters and components wear out</h3>
<p>Constant engine heat, oil breakdown, and friction contribute to gradual wear on lifters and related parts. Poor oil quality or inconsistent lubrication can speed up damage, especially in high-mileage vehicles. Aftermarket components may use lower-grade metals or finishes that reduce lifespan under heavy engine loads in models like the GMC Sierra 1500 and GMC Terrain.</p>

<h3>When replacement becomes necessary</h3>
<p>Replacement is needed when ticking noises, rough idling, or loss of engine performance becomes noticeable. GMWholesaleDirect.com recommends addressing these symptoms early to prevent further valvetrain damage. Genuine GMC parts help restore proper valve operation and maintain factory-level performance. Timely service also protects connected engine components from additional wear and costly repairs. Regular inspections during maintenance intervals help detect early signs of lifter failure before major issues develop.</p>

<h3>FAQ: Valve Lifters & Components</h3>
<p><strong>What do valve lifters do?</strong><br> They control valve movement to regulate airflow in the engine.</p>
<p><strong>What are signs of failure?</strong><br> Ticking noises, rough idle, and reduced performance are common signs.</p>
<p><strong>Why choose genuine GMC lifters?</strong><br> They offer better durability, fit, and precision than aftermarket parts.</p>
<p><strong>Can lifter issues damage the engine?</strong><br> Yes, delayed repair can lead to valvetrain and camshaft damage.</p>",No
"Camshafts & Components",camshafts-components-bb,search,Yes,"GM Camshafts & Components","GM Camshafts & Components For Sale","Buy Genuine OEM GM Camshafts & Components At Discount Prices For All GM Models With Fast Affordable Delivery Right To Your Door!",,,,,12366543;24502611;19210721;19210722;12499434;38966962;24502476;14097395;10185071;24502586;12480002;19210723;19244485;12499229;10088128;10168501;24502459,"<h1>Some Interesting Facts About GM Camshafts & Components</h1>
<p>Legendary for its inventive innovation and long-lasting car components, General Motors (GM) has been at the forefront of the automotive industry for quite some time. Engine performance and efficiency are greatly impacted by camshafts, which are among the most important components of their engines. To demonstrate the significance and complexity of GM camshafts, below are some interesting facts regarding camshafts & components.</p>
<h2>Principles of Camshafts</h2>
<p>The timing of the <a href=https://www.gmwholesaledirect.com/oem-parts/gm-valve-24282679>valves'</a> opening and shutting is controlled by the camshaft, which is essential to the engine's operation. The accuracy that permits optimum air and fuel mixture intake and effective exhaust gas expulsion is critical to the engine's performance.</p>
<h2>Variable Valve Timing (VVT)</h2>
<p>Camshafts with Variable Valve Timing (VVT) are common in modern <a href=https://www.gmwholesaledirect.com/gm-crate-engine-components>GM engines</a>. By utilizing variable valve timing (VVT), the engine's performance may be fine-tuned for varying speeds and loads. Consequently, the power delivery, fuel efficiency, and emissions are all improved.</p>
<h2>Engine Performance</h2>
<p>Engine performance camshafts are available from GM for use by enthusiasts and in high-performance applications. Increased horsepower and torque result from better air and fuel flow into the engine, which is made possible by these camshafts' distinctive profiles, which provide longer duration and higher valve lift.</p>
<h2>Modern Electronics</h2>
<p>In recent models, advanced electronic controls are now standard on GM camshafts. With this connection, you can track and tweak the engine's performance to perfection, regardless of road conditions. Equipped with sensors and actuators linked to the camshaft, the engine control unit (ECU) receives data in real time, allowing for effortless modifications to performance.<br /><br />As an example of the company's dedication to excellence and progress, GM camshafts are worth looking at. Every part of a General Motors vehicle relies on these components for optimal performance and reliability, from the most fundamental engine operations to more complex variable valve timing (VVT) systems and upgrades. For more GM replacement parts and categories, visit <strong><a href=https://www.gmwholesaledirect.com/gm-performance-parts>here</a></strong>.</p>",No
"Pistons & Rings",pistons-rings-bb,search,Yes,"GM Pistons & Rings","GM Pistons & Rings For Sale","Buy Genuine OEM GM Pistons & Rings At Discount Prices For All GM Models With Fast Affordable Delivery Right To Your Door!",,,,,12533507;88962925;88963227;12523921;12523923;12524293;12524294;12499212;93422884;10159436;12514101;88962542;88962748;88962749;12499103;12499104;12528817;12499135;12499136;12499107;12499231,,No
"Connecting Rods & Components",connecting-rods-components-bb,search,Yes,"GM Connecting Rods & Components","GM Connecting Rods & Components For Sale","Buy Genuine OEM GM Connecting Rods & Components At Discount Prices For All GM Models With Fast Affordable Delivery Right To Your Door!",,,,,19170198;19211226;88962926;88961556;12495071;19332460;17800761;12491166,"<h1>Connecting Rods and Components: Bearing, Stud Kit, and Rod Package</h1>
<p>Connecting rods are an essential internal combustion engine component that links the piston and crankshaft. This vital component must withstand tremendous forces and rapid speeds; hence, the quality and endurance of its components are critical.</p>
<h2>Bearings</h2>
<p><a href=https://www.gmwholesaledirect.com/oem-parts/gm-bearing-88961556>Bearings</a> improve the operation of connecting rods by minimizing friction between moving elements. They guarantee that the engine runs smoothly and has a long life. High-quality bearings are built to handle extreme pressure and temperatures, which are prevalent in engine conditions. These bearings must be properly balanced and carefully constructed to keep the engine running efficiently and reliably. Choosing the appropriate bearing material, whether tri-metal or bi-metal, may significantly improve performance and wear resistance.</p>
<h2>Stud Kits</h2>
<p><A href=https://www.gmwholesaledirect.com/oem-parts/gm-stud-kit-12491166>Stud kits</a> are a vital component in the engine, as they are responsible for securing the connecting rod cap to the rod itself. This ensures that the rod stays firmly in place, even under the immense forces present within the engine. High-performance stud kits, made from robust materials like chromoly steel, are designed to withstand stretching and wear, thereby ensuring a secure grip on the rod cap and preventing potential failures. Investing in a high-quality stud set is a significant step towards enhancing the reliability of your connecting rod assembly and, consequently, your engine's performance.</p>
<h2>Rod Packages</h2>
<p>When it comes to <a href=https://www.gmwholesaledirect.com/oem-parts/gm-rod-pkg-19435211>rod packages</a>, the right choice can make a significant difference in your engine's performance. A typical rod package includes the connecting rod, bearings, and, in some cases, a stud kit. Opting for a complete rod kit simplifies the process of upgrading or replacing your engine's connecting rods. These packages are often designed and tested for easy integration, ensuring peak performance. When selecting a rod package, it's crucial to consider the connecting rod material, such as forged steel or aluminum, as it can impact the engine's strength-to-weight ratio and overall performance.<br /><br />These are essential components that improve the performance and longevity of connecting rods in an engine. By prioritizing quality and compatibility in these parts, you can ensure your engine performs smoothly, efficiently, and dependably under extreme situations. Concentrating on these components is a wise investment in your vehicle's durability and power.</p>",No
Crankshafts,crankshafts-bb,search,Yes,"GM Crankshafts","GM Crankshafts For Sale","Buy Genuine OEM GM Crankshafts At Discount Prices For All GM Models With Fast Affordable Delivery Right To Your Door!",,,,,3963524;14096983;10183723;19171620;14061685;14088526;12670965;12489436,"<h1>Indicators That Your GMC Crankshaft Requires Replacement</h1>
<p>The crankshaft is an important component of your GMC engine, transforming linear motion into rotational energy that powers your vehicle. Recognizing the indicators of a malfunctioning crankshaft might help you avoid costly repairs and keep your vehicle running smoothly.</p>
<h2>Uncommon Engine Noise and Vibrations</h2>
<p>Unusual <a href=https://www.gmwholesaledirect.com/oem-parts/gm-engine-12731655>engine</a> noises are one of the most typical warning signs of a deteriorating crankshaft. Knocking, rumbling, or grinding sounds from the engine may indicate a worn crankshaft or damaged bearings. These sounds are frequently more audible during acceleration or when the engine is stressed. Additionally, excessive engine vibrations are another indicator of crankshaft problems. If the crankshaft is bent or unbalanced, the engine may vibrate unnaturally. You may feel these vibrations via the <a href=https://www.gmwholesaledirect.com/oem-parts/gm-steering-wheel-84483765>steering wheel</a>, floorboards, or seat, particularly at higher speeds.</p>
<h2>Oil Leaks and Low Oil Pressure</h2>
<p>A broken crankshaft can cause oil leaks and low oil pressure. Inspect the region surrounding the <a href=https://www.gmwholesaledirect.com/oem-parts/gm-crankshaft-rear-main-seal-12554314>crankshaft seal</a> for evidence of oil leaking. Furthermore, detecting a rapid reduction in oil pressure on your dashboard gauge might result from a worn crankshaft or bearings damaging the engine's lubrication system.</p>
<h2>Difficulty Starting the Engine</h2>
<p>A faulty crankshaft might make it difficult to start your GMC engine. If the <a href=https://www.gmwholesaledirect.com/oem-parts/gm-engine-crankshaft-position-sensor-12667201>crankshaft sensor</a> fails or the crankshaft is broken, it can cause inaccurate timing and spark difficulties, making the engine difficult to start or causing it to stall immediately after starting.</p>
<h2>Poor Engine Performance</h2>
<p>A damaged crankshaft might impair your engine's performance. You may notice a reduction in power, acceleration, and fuel efficiency. The engine may struggle to sustain speed, resulting in frequent misfires or harsh idling.<br /><br />If you see any of these symptoms, you should have your vehicle evaluated by a competent technician to determine whether a crankshaft replacement is required. Maintaining a healthy crankshaft ensures that your GMC continues to function consistently and effectively.</p>",Yes
Balancers,balancers-bb,search,Yes,"GM Balancers","GM Balancers For Sale","Buy Genuine OEM GM Balancers At Discount Prices For All GM Models With Fast Affordable Delivery Right To Your Door!",,,,,10216339;88962814,,No
"Flywheels & Flexplates",flywheels-flexplates-bb,search,Yes,"GM Flywheels & Flexplates","GM Flywheels & Flexplates For Sale","Buy Genuine OEM GM Flywheels & Flexplates At Discount Prices For All GM Models With Fast Affordable Delivery Right To Your Door!",,,,,14085720;3991469;3993827;14096987;12582964;10185034;12561217;471598;14001992;12337973;10046031;1453658;3727207;14088646;14088650;14088648;471529;14088765;12554824;14088761,,No
"Timing Chains & Sprockets",timing-chains-sprockets-bb,search,Yes,"GM Timing Chains & Sprockets","GM Timing Chains & Sprockets For Sale","Buy Genuine OEM GM Timing Chains & Sprockets At Discount Prices For All GM Models With Fast Affordable Delivery Right To Your Door!",,,,,12371053;10114177;12554553;9424877;12371043;12370835;14088783;14088784;12552129;12555887;12367600,"<h2>Timing Chains and Sprockets That Keep a GMC Engine Running Smooth</h2>

<p>Timing chains and sprockets are key components that keep a GMC engine operating in proper sync. They work together to control valve timing and ensure internal movement stays coordinated. When wear begins, engine performance can suffer and long-term damage may follow. GMWholesaleDirect.com provides <a href=""https://www.gmwholesaledirect.com/v-gmc"">genuine GMC replacements</a> designed for strength, precision, and long service life.</p>

<h3>Keep engine timing precise under pressure</h3>
<p>Timing chains & sprockets keep engine components synchronized in models like the <a href=""/v-gmc-yukon"">GMC Yukon</a> and <a href=""/v-gmc-terrain"">GMC Terrain</a>, ensuring valves and pistons move in correct timing. A stretched chain or worn sprocket can cause rough running, misfires, or reduced engine efficiency. Genuine GMC parts provide better durability and tighter tolerances than lower-priced aftermarket options, helping maintain proper timing under load.</p>

<h3>Why chains and sprockets wear down over time</h3>
<p>Engine heat, oil breakdown, and constant motion gradually wear metal components. Poor lubrication from a failing oil pump can speed up friction and lead to premature chain stretch or sprocket wear. Generic aftermarket kits may use lower-grade metal that does not hold alignment as well under long-term stress.</p>

<h3>When replacement becomes necessary</h3>
<p>Replacement is typically needed when rattling noises at startup, timing errors, or engine performance issues appear. Drivers of GMC Yukon and GMC Terrain models should address these signs early to avoid serious engine damage. GMWholesaleDirect.com supplies genuine GMC timing components that help maintain accurate engine synchronization and reduce long-term repair risk. Regular inspection during service intervals helps catch early wear before failure occurs. Proper maintenance also protects connected engine systems from cascading damage over time.</p>

<h3>FAQ: Timing Chains and Sprockets</h3>
<p><strong>What do timing chains and sprockets do?</strong><br> They keep engine timing synchronized between the crankshaft and camshaft.</p>
<p><strong>Do they need regular replacement?</strong><br> They last longer than belts but still require inspection for wear and stretch.</p>
<p><strong>What are signs of failure?</strong><br> Rattling noises, poor performance, and timing errors are common indicators.</p>
<p><strong>Why choose genuine GMC parts?</strong><br> They provide better fit, durability, and timing accuracy than generic aftermarket replacements.</p>",No
"Water Pumps & Components",water-pumps-components-bb,search,Yes,"GM Water Pumps & Components","GM Water Pumps & Components For Sale","Buy Genuine OEM GM Water Pumps & Components At Discount Prices For All GM Models With Fast Affordable Delivery Right To Your Door!",,,,,19168602;19168606;19172805;19172806;88894341;19168604;25534390;3942992;89060527,,Yes
"Accessory Drive Systems",accessory-drive-systems-bb,search,Yes,"GM Accessory Drive Systems","GM Accessory Drive Systems For Sale","Buy Genuine OEM GM Accessory Drive Systems At Discount Prices For All GM Models With Fast Affordable Delivery Right To Your Door!",,,,,19172805;19172806;12497698;12497697,,No
"Oil Pans & Accessories",oil-pans-accessories-bb,search,Yes,"GM Oil Pans & Accessories","GM Oil Pans & Accessories For Sale","Buy Genuine OEM GM Oil Pans & Accessories At Discount Prices For All GM Models With Fast Affordable Delivery Right To Your Door!",,,,,14091356;14103141;10240721;12495360;12557083;12550533;274244;3989391;329231;14097040;3967854;88962187;3969870;19131250;3865886;19210599;3955281;19299222;25013759;24241872;25534353;25534354;10108676;3927136;12554816;12557558,,Yes
"Distributors & Components",distributors-components-bb,search,Yes,"GM Distributors & Components","GM Distributors & Components For Sale","Buy Genuine OEM GM Distributors & Components At Discount Prices For All GM Models With Fast Affordable Delivery Right To Your Door!",,,,,93440806;88961867;1104060;1103952;10093387;19052845;10456413;12167658;12498335,"<h2>Keeping Your Hummer Running Smooth with Distributors & Components</h2>

<p>Engines depend on timing and precision, and that is where distributors and their components step in. These pieces regulate spark delivery to each cylinder, ensuring combustion stays balanced and consistent. Without them, performance can dip, fuel efficiency can suffer, and starting issues can become common. At GM Wholesale Direct Driven, we emphasize the importance of using genuine Hummer replacements for lasting dependability.</p>

<h3>What Distributors & Components Do</h3>

<p>A distributor directs the high-voltage spark from the ignition coil to the correct cylinder, firing at the right moment for combustion. Inside, caps, rotors, and sensors work together to maintain steady ignition timing. This precision keeps your vehicle running efficiently, reduces misfires, and supports smoother acceleration. Unlike generic aftermarket options, genuine Hummer distributors and components are designed to handle the unique demands of vehicles like the <a href=/v-hummer-h3>H3</a> and <a href=/v-hummer-h2>H2</a>.</p>

<h3>Other Important Functions</h3>

<p>Beyond spark delivery, distributors and components contribute to engine health. They help control emissions by ensuring fuel burns more completely and support a consistent engine idle. Pairing them with properly maintained <a href=/fuel-filters>fuel filters</a> enhances efficiency even further. Genuine Hummer replacements always fit correctly and last longer, giving peace of mind that lower-priced aftermarket options often cannot guarantee.</p>

<h3>When To Replace Them</h3>

<p>It is time to replace distributors or components when you notice misfires, rough idling, or trouble starting. Wear on caps and rotors or failure in sensors can trigger these issues, and delaying replacement risks further engine damage. Hummer brand components are built to last, but like all ignition parts, they will eventually need attention. Relying on us at GM Wholesale Direct Driven for authentic replacements ensures your vehicle continues delivering the expected performance.</p>

<p>Keep your ignition system in top condition by choosing genuine Hummer distributors and components from GM Wholesale Direct Driven today.</p>",Yes
"Carburetors & Throttle Bodies",carburetors-throttle-bodies-bb,search,Yes,"GM Carburetors & Throttle Bodies","GM Carburetors & Throttle Bodies For Sale","Buy Genuine OEM GM Carburetors & Throttle Bodies At Discount Prices For All GM Models With Fast Affordable Delivery Right To Your Door!",,,,,19170093;19170095;19170094;19170096;17113524,"<h1>How Carburetors & Throttle Bodies Work Together</h1>
<p>Carburetors and throttle bodies must work in tandem for internal combustion engines to function at their best. Ensuring efficiency and power production, both components play vital roles in managing the air-fuel mixture that runs the engine. You can improve and maintain your vehicle's performance by learning how these parts interact.</p>
<h2>Working For Better Performance</h2>
<p>The throttle valve in carburetor engines controls both the air intake and the fuel mixing function of the <a href=https://www.gmwholesaledirect.com/oem-parts/gm-carburetor-2047686>carburetor</a>; in these engines, the throttle body and carburetor are one unit. An EFI system's throttle body and fuel injectors coordinate to provide the driver exact control over the air-fuel ratio.<br /><br />Maintaining a vehicle's performance requires understanding the interplay between carburetors and <a href=https://www.gmwholesaledirect.com/oem-parts/gm-throttle-body-55491534>throttle bodies</a>. Engine efficiency, fuel economy, and pollution reduction are all guaranteed by routine maintenance of these components. Understanding these interactions is crucial for maintaining the proper functioning of any engine, whether it's a contemporary EFI system or a carburetor found in a vintage vehicle.<br /><br />For any replacement needs, click <strong><a href=https://www.gmwholesaledirect.com/gm-performance-parts>here</a></strong>.</p>",No
"Spark Plug Wires",spark-plug-wires-bb,search,Yes,"GM Spark Plug Wires","GM Spark Plug Wires For Sale","Buy Genuine OEM GM Spark Plug Wires At Discount Prices For All GM Models With Fast Affordable Delivery Right To Your Door!",,,,,12368384;12495502;10037379;12355691;12361051;24502521;12496806,"<p>Every ignition cycle depends on reliable electrical delivery, and that starts with properly functioning spark plug wires. Drivers often overlook these parts until performance begins to drop or misfires occur. Consistent upkeep helps maintain smooth engine operation and steady fuel efficiency. At GMWholesaleDirect.com, quality replacements make a noticeable difference in how a vehicle performs over time.</p>

<h3>Understand How Spark Plug Wires Keep Engines Running</h3>

<p>Spark plug wires transfer high-voltage electricity from the ignition coil to each spark plug, allowing the engine to ignite the air-fuel mixture at the right moment. Without strong, consistent voltage, the engine may hesitate, idle poorly, or lose power. Genuine GMC spark plug wires are designed for proper resistance and durability, ensuring dependable performance. Drivers of vehicles like the <a href=""/v-gmc-sierra-1500"">Sierra 1500</a> and <a href=""/v-gmc-acadia"">Acadia</a> benefit from parts that match factory specifications and deliver steady ignition timing.</p>

<h3>Know Why Spark Plug Wires Break Down Over Time</h3>

<p>Heat, vibration, and age gradually wear down spark plug wires, causing cracks, corrosion, or internal resistance issues. Exposure to engine heat can weaken insulation, while moisture can lead to electrical leakage. Lower-priced aftermarket options may fail sooner due to inferior materials. Choosing <a href=""https://www.gmwholesaledirect.com/v-gmc"">genuine GMC replacements</a> from GMWholesaleDirect.com helps prevent premature failure and protects engine performance. Pairing new wires with properly maintained <a href=""/spark-plugs"">spark plugs</a> ensures consistent ignition and improved efficiency.</p>

<h3>Recognize When It’s Time to Replace Them</h3>

<p>Common signs of failing spark plug wires include rough idling, engine misfires, reduced fuel economy, and difficulty starting. Routine inspections help identify wear before it leads to bigger problems. Replacement intervals vary, but many drivers consider new wires around 60,000 miles or sooner if symptoms appear. Staying ahead of wear keeps the ignition system working as intended and avoids unnecessary strain on other components.</p>

<h3>FAQ About Spark Plug Wires</h3>

<p><strong>Q:</strong> How often should spark plug wires be replaced?<br>
<strong>A:</strong> Most GMC vehicles recommend replacing them every 60,000 miles, but check for cracks or engine misfires earlier.</p>

<p><strong>Q:</strong> Can I use aftermarket wires instead of genuine GMC?<br>
<strong>A:</strong> Aftermarket wires may work temporarily, but genuine GMC wires offer better durability, resistance, and consistent engine performance.</p>

<p><strong>Q:</strong> What happens if spark plug wires fail?<br>
<strong>A:</strong> Failing wires can cause misfires, rough idling, lower fuel efficiency, and hard starting, which can strain the ignition system.</p>

<p>Choosing genuine GMC spark plug wires supports long-term reliability and steady engine performance. At GMWholesaleDirect.com, dependable parts help maintain consistent ignition and reduce the risk of unexpected issues, keeping vehicles ready for daily driving without compromise.</p>",Yes
"Fuel Pumps",fuel-pumps-bb,search,Yes,"GM Fuel Pumps","GM Fuel Pumps For Sale","Buy Genuine OEM GM Fuel Pumps At Discount Prices For All GM Models With Fast Affordable Delivery Right To Your Door!",,,,,6472657;19303293;25115899;19245530;854619;6415325;12355612;12355613;12341998;25115899,"<h2>How Many Fuel Pumps are in a Car?</h2>
<p>To move gasoline from the gas tank to the engine, <a href=""https://www.gmwholesaledirect.com/v-gmc"">vehicles</a> usually feature a single fuel pump. To satisfy engine demands, high-performance cars could feature more than one pump, particularly when driving at a high speed. A high-flow or secondary fuel pump may be necessary for engines that are supercharged or turbocharged, as they may need additional supply during boost. Dual-fuel systems, like flex-fuel vehicles, may also have multiple pumps to accommodate different fuel types.</p>
<h3>Related Parts</h3>
<ol>
<li><h3>Fuel Injectors</h3>
<p>Engine fuel delivery relies on <a href=""https://www.gmwholesaledirect.com/fuel-injectors"">fuel injectors</a>, and their main job is to spray fuel into the combustion chambers precisely and at the right time, regardless of engine conditions.</p></li>
<li><h3>Pulleys</h3>
<p>Power and motion are transferred between rotating shifts by simple <a href=""https://www.gmwholesaledirect.com/pulleys"">pulleys</a>. They employ belts or chains to transfer rotational energy between components using a grooved wheel on a shift.</p></li></ol>
<h3>Shop Genuine GM Fuel Pumps at GMWholesaleDirect.com</h3>
<p>Get huge savings when you shop from our store! Need assistance? Please <a href=""https://www.gmwholesaledirect.com/contact-us"">contact us</a> for more information.</p>",Yes
"Proform Accessories",proform-accessories,page,Yes,"Proform Accessories","GM Proform Accessories","Buy GM Proform Accessories Online At Discount Prices With Fast Delivery Right To Your Door!",,,,,,,
"Small Block Valve Covers PF",small-block-valve-covers-pf,page,Yes,"Small Block Valve Covers","Small Block Valve Covers","Buy GM Small Block Engine Valve Covers At Affordable Prices Online And Get Your Order Delivered Right To Your Door!",,,,,,,
"Valve Covers PF",valve-covers-pf,page,Yes,"GM Valve Covers","GM Valve Covers","Buy GM Engine Valve Covers At Affordable Prices Online And Get Your Order Delivered Right To Your Door!",,,,,,,
"Big Block Valve Covers",big-block-valve-covers-pf,search,Yes,"GM Big Block Valve Covers","GM Big Block Valve Covers For Sale","Buy Genuine OEM GM Big Block Valve Covers At Discount Prices For All GM Models With Fast Affordable Delivery Right To Your Door!",,,,,141-789;141-787;141-813;141-812;141-811;141-810;141-115;141-114;141-140;141-141;141-142;141-805;141-806;141-808;141-807,,No
"Slant Edge Valve Covers",slant-edge-valve-covers-pf,search,Yes,"GM Slant Edge Valve Covers","GM Slant Edge Valve Covers For Sale","Buy Genuine OEM GM Slant Edge Valve Covers At Discount Prices For All GM Models With Fast Affordable Delivery Right To Your Door!",,,,,141-931;141-932;141-933;141-934;141-935;141-840;141-841;141-842;141-843;141-845;141-924;141-921;141-939;141-920;141-922;141-927;141-930;141-928;141-925;141-923;141-926,,No
"2 Piece Valve Covers",2-piece-valve-covers-pf,search,Yes,"GM 2 Piece Valve Covers","GM 2 Piece Valve Covers For Sale","Buy Genuine OEM GM 2 Piece Valve Covers At Discount Prices For All GM Models With Fast Affordable Delivery Right To Your Door!",,,,,141-915;141-914;141-913;141-912;141-911;141-910,"<h2>Shop Two-Piece Valve Covers for GM Vehicles in Winston-Salem NC</h2><p>Valve covers are important parts of a vehicle's engine; they protect its valves -- both the intake and the exhaust valves. If you're looking to replace those in your vehicle, we've got just what you've been looking for.</p><p>Drivers shopping for these and other engine parts around Charlotte prefer our GM parts store to the rest, actually. Not just those here, either. Those across North Carolina, and elsewhere in the US, too. Shop with us, and you'll see why.</p><h3>Why Buy a Two-Piece Valve Cover from GM Wholesale Direct?</h3><p><b>OEM quality.</b> GM is the exclusive OE valve cover manufacturer for <a href=""/v-hummer"">Hummer</a>, <a href=""/v-oldsmobile"">Oldsmobile</a>, <a href=""/v-pontiac"">Pontiac</>, <a href=""/v-saturn"">Saturn</a>, <a href=""/v-chevrolet"">Chevy</a>, <a href=""/v-buick"">Buick</a>, <a href=""/v-cadillac"">Cadillac</a>, and <a href=""/v-gmc"">GMC</a> vehicles. So, what you get, it will have manufactured up to the standards you've come to expect from the brand. It'll have been made for your model specifically, and it'll be guaranteed to fit and work just like what came from the factory.</p><p><b>Affordability.</b> You'll get better prices than you'd get buying from the parts counters at most GM dealerships. What we sell is often marked down from MSRP. Browse our catalog; you'll see all the savings right away.</p><p><b>Warranty support.</b> You probably won't find any GM two-piece valve cover defective in either materials or workmanship. If you do, the problem will get taken care of. That kind of support, you may not get on the aftermarket.</p><h3>Buy Genuine OEM GM Two-Piece Valve Covers Online Now</h3><p>We offer fast shipping nationwide, to any address. If you have any questions, you're welcome to contact us.</p>",No
"Other Valve Covers",other-valve-covers-pf,search,Yes,"GM Other Valve Covers","GM Other Valve Covers For Sale","Buy Genuine OEM GM Other Valve Covers At Discount Prices For All GM Models With Fast Affordable Delivery Right To Your Door!",,,,,141-118;141-119;141-120;141-121;141-108;141-130;141-116;141-840;141-841;141-842;141-843;141-844;141-131;141-845;141-846;141-117;141-132;141-899;141-905;141-750;141-751;141-784;141-712;141-102;141-103;141-801;141-800;141-803;141-802;141-361;141-139;141-907;141-107;141-105;141-908;141-134;141-101,,No
"Dress Up Kits",dress-up-kits-pf,search,Yes,"GM Dress Up Kits","GM Dress Up Kits For Sale","Buy Genuine OEM GM Dress Up Kits At Discount Prices For All GM Models With Fast Affordable Delivery Right To Your Door!",,,,,141-780;141-710;141-758;141-900;141-360;141-001;141-002,"<h2>Upgrade Style And Function With Genuine Hummer Dress Up Kits</h2>

<p>A well-kept vehicle is not just about performance but also appearance. Dress up kits make it easy to refresh the look of your engine bay or exterior with durable components that match factory design. These kits enhance presentation while serving practical purposes like protecting hardware from wear and corrosion. At GM Wholesale Direct Driven, we provide genuine Hummer replacements that balance form and function.</p>

<h3>What Dress Up Kits Do</h3>

<p>Dress up kits usually include decorative covers, fasteners, and trim pieces that improve the look of your vehicle. They provide a clean, uniform appearance while helping shield sensitive areas from dirt or rust. Genuine Hummer kits are engineered to fit seamlessly, unlike cheaper aftermarket versions that may fade, warp, or not align correctly. Models such as the <a href=/v-hummer-h2>H2</a> and <a href=/v-hummer-h3>H3</a> benefit from these upgrades to maintain a polished and cohesive finish.</p>

<h3>Additional Advantages</h3>

<p>Beyond looks, these kits can simplify cleaning and help preserve underlying components. By reducing exposure to dust and debris, they contribute to longer life for surrounding hardware. Pairing them with reliable <a href=/floor-mats>floor mats</a> helps extend the refreshed appearance throughout the vehicle. Authentic Hummer replacements are built from quality materials that resist weathering and daily use, ensuring long-lasting results.</p>

<h3>When To Replace Dress Up Kits</h3>

<p>Replacement is necessary when trim pieces crack, mounting clips break, or finishes fade beyond recovery. A worn kit takes away from your vehicle's value and appeal. Genuine Hummer replacements from us at GM Wholesale Direct Driven ensure proper fitment and durability that generic aftermarket brands cannot match. Choosing authentic kits keeps your vehicle sharp, consistent, and true to its original design.</p>

<p>Count on GM Wholesale Direct Driven for genuine Hummer dress up kits that deliver the lasting quality your vehicle deserves.</p>",No
"Newsletter Signup",newsletter-signup,page,Yes,"Newsletter Signup",,,,,,,,"<p style=""margin-top: 10px; padding: 0px; color: rgb(128, 128, 128); font-family: Helvetica; font-size: 16px; line-height: 24px; background-color: rgb(255, 255, 255);"">Would you&nbsp;like to receive the latest news on OEM GM parts and the insider scoop on our site-wide discounts & promotions? &nbsp;</p><p style=""margin-top: 10px; padding: 0px; color: rgb(128, 128, 128); font-family: Helvetica; font-size: 16px; line-height: 24px; background-color: rgb(255, 255, 255);""><strong>If so, just enter your email below to be signed up for our special offers and discounts!</strong></p>

<div class=""newsletter-signup-module newsletter-inline"">

			<strong class=""newsletter-main-text"">Newsletter Signup</strong>
		
	<form action=""https://gmwholesaledirect.com/index.php?p=subscribe"" method=""post"" onsubmit=""return CheckNewsletters(this)"" target=""_blank"" >
		<div class=""input-custom input-group"">
			<input maxlength=""64"" type=""text"" id=""subscribe_email"" name=""email"" value="""" placeholder=""Email Address"">
			<button class=""call-to-action-button newsletter-button button-subscribe"">Submit</button>
		</div>
	</form>
</div>",
"Steel Cowl Induction Hoods",steel-cowl-induction-hoods,search,Yes,"GM Steel Cowl Induction Hoods","GM Steel Cowl Induction Hoods For Sale","Buy Genuine OEM GM Steel Cowl Induction Hoods At Discount Prices For All GM Models With Fast Affordable Delivery Right To Your Door!",,,,,0829-035;0851-037;0856-037;0856-042;0865-035;0856-034;0856-038;0872-035;0872-036;0872-037;0850-035;0851-035;0856-035;851037;0852-038,"<p>Steel cowl induction hoods not only protect the engines in GM sports cars and trucks. They can also enhance their performance. How they work is pretty simple. Such hoods have one or more air scoops, either sticking out of or built flush into them -- hood scoops, for short. These hood scoops force air quickly and directly through air intakes and into vehicle engines' combustion chambers. The process (""cowl induction"") not only increases airflow but can also slightly decrease the temperature of the air; this can help an engine make the most of its output power.</p>
<p>Of course, any steel cowl induction hood is also sure to get attention on the highway, too, owing to stylish and distinctive looks. What's most important to keep in mind when buying one online is to get the genuine article, not just any hood off the aftermarket.</p>
<h2>Why Buy a Genuine OEM Steel Cowl Induction Hood?</h2>
<p>GM will have designed it to fit your brand and model perfectly, not to mention to function as intended. Aftermarket steel hoods can't always make the same guarantee, even if they're seemingly made for cowl induction.</p>
<h2>Where to Order GM Steel Cowl Induction Hoods Online</h2>
<p>You can find a wide variety in our auto parts store's catalog. To browse it more easily, select your make, model, and <a href=""/v"">model year</a>; options galore will show up, and you'll find many are priced well below the MSRP of other online sellers. Buy now, and we'll ship and deliver to any US address, business or personal.</p>
<p>Looking to learn more about our store policies? You can check out the dedicated <a href=""/policies/shipping"">shipping</a>, returns, and cancellations pages here on our website, but in the meantime, here's a few details. For one, most orders can leave our warehouse same-day if you don't otherwise choose overnight, assuming they're in stock. Secondly, if something's out of stock, it can ship in 2 to 6 days (usually fewer than 6). Thirdly, if you prefer local pickup, we're located at 5415 Kelley Moore Drive in Winston Salem NC; feel free to stop by and see us anytime. Finally, returning a hood or canceling your order is no hassle: just get in touch with our parts team; it can start the process for you.</p>
<p>Need buying advice? Have questions or concerns? Likewise, <a href=""/contact-us"">contact us</a> whenever you like; our parts specialists will be glad to assist.</p>",No
"COVID-19 Update",covid-19-update,page,Yes,"COVID-19 Update","COVID-19 Update","To update on COVID-19",,,,,,"<p class=""MsoNormal"" style=""margin: 0in 0in 12pt; line-height: normal;""><strong>We are here and ready to process your GM 
parts order!</strong><o:p></o:p></p><p class=""MsoNormal"" style=""margin: 0in 0in 12pt; line-height: normal;"">In an effort to protect our staff and to
ensure that we are here for you, our support team is working remotely.&nbsp; We
strongly encourage you to contact support via email.&nbsp; If you have any
questions you can easily contact us by clicking&nbsp;<a href=""https://www.gmwholesaledirect.com/contact-us"">here</a>.<o:p></o:p></p><p class=""MsoNormal"" style=""margin: 0in 0in 12pt; line-height: normal;"">While most FedEx and USPS services are
operating as normal, some services are currently impacted by
COVID-19.&nbsp;&nbsp;<o:p></o:p></p><p class=""MsoNormal"" style=""margin: 0in 0in 12pt; line-height: normal;"">In anticipation of the many changes being made
on a daily basis, we have limited some of our shipping options.<o:p></o:p></p><p class=""MsoNormal"" style=""margin: 0in 0in 8pt 0.25in; line-height: normal; text-indent: -0.25in; mso-margin-top-alt: auto; mso-margin-bottom-alt: auto; mso-list: l1 level1 lfo1; tab-stops: list .5in;""><!--[if !supportLists]--><span style=""mso-list: Ignore;"">·<span style='font-family: ""Times New Roman""; font-size: 7pt; font-style: normal; font-variant: normal; font-weight: normal; font-size-adjust: none; font-stretch: normal;'>&nbsp;&nbsp;&nbsp;&nbsp;&nbsp;&nbsp;&nbsp;&nbsp;
</span></span><!--[endif]--><strong>FedEX
and USPS services are operating as normal to all residential addresses!</strong><o:p></o:p></p><p class=""MsoNormal"" style=""margin: 0in 0in 8pt 0.5in; line-height: normal; text-indent: -0.25in; mso-margin-top-alt: auto; mso-margin-bottom-alt: auto; mso-list: l1 level2 lfo1; tab-stops: list 1.0in;""><!--[if !supportLists]--><span style=""mso-list: Ignore;"">o<span style='font-family: ""Times New Roman""; font-size: 7pt; font-style: normal; font-variant: normal; font-weight: normal; font-size-adjust: none; font-stretch: normal;'>&nbsp;&nbsp;&nbsp; </span></span><!--[endif]-->All ground and express shipments going to your
house will ship as usual.<o:p></o:p></p><p class=""MsoNormal"" style=""margin: 0in 0in 8pt 0.5in; line-height: normal; text-indent: -0.25in; mso-margin-top-alt: auto; mso-margin-bottom-alt: auto; mso-list: l1 level2 lfo1; tab-stops: list 1.0in;""><!--[if !supportLists]--><span style=""mso-list: Ignore;"">o<span style='font-family: ""Times New Roman""; font-size: 7pt; font-style: normal; font-variant: normal; font-weight: normal; font-size-adjust: none; font-stretch: normal;'>&nbsp;&nbsp;&nbsp; </span></span><!--[endif]-->We currently cannot ship orders to a business
address other than to an Automotive business.<o:p></o:p></p><p class=""MsoNormal"" style=""margin: 0in 0in 8pt 0.25in; line-height: normal; text-indent: -0.25in; mso-margin-top-alt: auto; mso-margin-bottom-alt: auto; mso-list: l0 level1 lfo2; tab-stops: list .5in;""><!--[if !supportLists]--><span style=""mso-list: Ignore;"">·<span style='font-family: ""Times New Roman""; font-size: 7pt; font-style: normal; font-variant: normal; font-weight: normal; font-size-adjust: none; font-stretch: normal;'>&nbsp;&nbsp;&nbsp;&nbsp;&nbsp;&nbsp;&nbsp;&nbsp;
</span></span><!--[endif]-->We have suspended all
truck freight shipments.&nbsp; Truck freight shipments are classified as large,
over-sized orders including parts that must be placed on a pallet for
shipment.&nbsp;&nbsp;<o:p></o:p></p><p class=""MsoNormal"" style=""margin: 0in 0in 8pt 0.5in; line-height: normal; text-indent: -0.25in; mso-margin-top-alt: auto; mso-margin-bottom-alt: auto; mso-list: l0 level2 lfo2; tab-stops: list 1.0in;""><!--[if !supportLists]--><span style=""mso-list: Ignore;"">o<span style='font-family: ""Times New Roman""; font-size: 7pt; font-style: normal; font-variant: normal; font-weight: normal; font-size-adjust: none; font-stretch: normal;'>&nbsp;&nbsp;&nbsp; </span></span><!--[endif]-->FedEx has embargoed some freight shipments in
several states.&nbsp; This means that FedEx will hold the freight until the
delivery area is opened backed up.&nbsp;<o:p></o:p></p><p class=""MsoNormal"" style=""margin: 0in 0in 8pt 0.75in; line-height: normal; text-indent: -0.25in; mso-margin-top-alt: auto; mso-margin-bottom-alt: auto; mso-list: l0 level3 lfo2; tab-stops: list 1.5in;""><!--[if !supportLists]--><span style=""mso-list: Ignore;"">§<span style='font-family: ""Times New Roman""; font-size: 7pt; font-style: normal; font-variant: normal; font-weight: normal; font-size-adjust: none; font-stretch: normal;'>&nbsp; </span></span><!--[endif]-->In an effort to eliminate lost freight orders
and storage fees, we have suspended freight shipments to all locations.&nbsp;<o:p></o:p></p><p class=""MsoNormal"" style=""margin: 0in 0in 8pt 0.25in; line-height: normal; text-indent: -0.25in; mso-margin-top-alt: auto; mso-margin-bottom-alt: auto; mso-list: l0 level1 lfo2; tab-stops: list .5in;""><!--[if !supportLists]--><span style=""mso-list: Ignore;"">·<span style='font-family: ""Times New Roman""; font-size: 7pt; font-style: normal; font-variant: normal; font-weight: normal; font-size-adjust: none; font-stretch: normal;'>&nbsp;&nbsp;&nbsp;&nbsp;&nbsp;&nbsp;&nbsp;&nbsp;
</span></span><!--[endif]-->We will resume freight
shipments as soon as possible!<o:p></o:p></p>",
"Returns Page",returns,page,Yes,Returns,Returns,Returns,,,,,,,
"Air Cleaners",air-cleaners-pf,search,Yes,"GM Air Cleaners","GM Air Cleaners For Sale","Buy Genuine OEM GM Air Cleaners At Discount Prices For All GM Models With Fast Affordable Delivery Right To Your Door!",,,,,141-835;141-834;141-833;141-832;141-83;1141-830;141-906;141-752;141-713;141-785;141-302;141-362;141-693;141-692;141-691;141-690;141-790;141-307;141-315;12342080;12342071;12490257,"<h2>Why an Air Cleaner Should be Your Next Chevy Engine Mod</h2><p>Your <a href=""/v-chevrolet"">Chevy</a> vehicle's built for performance; it needs the richest air-to-fuel ratio it can get. That means the cleanest air it can get. For that, you'll need more than just your average engine air filter. You'll need an air cleaner.</p><p>You've got plenty of choices. Drive an everyday car, a pleated paper air cleaner should do; it's designed easy enough to replace, and cost-effective, too. Got a sports car or another performance vehicle, though -- a truck like <a href=""/v-chevrolet-silverado-1500"">Chevy Silverado 1500</a> or an SUV like <a href=""/v-chevrolet-tahoe"">Chevy Tahoe</a> -- and foam and cotton air cleaners are good choices. Foam ones use long-lasting oil-wetted polyurethane -- you see them a lot in motorsports -- and cotton ones use oiled gauze. You get great airflow from both, and with high dirt capacities to boot. Of course, if you're an off-roader, with a vehicle like <a href=""/v-chevrolet-trailblazer"">Chevy Trailblazer</a>, an oil bath air cleaner is probably your best bet. Their oil sumps and coarse inserts -- made of fiber, mesh, or foam -- give you the best filtration you can get.</p><p>Whatever air cleaner you choose, just be sure to regularly inspect it to make sure it lasts the 12,000 to 15,000 miles that it should. Just as importantly, keep an eye out for signs it's going bad -- a Check Engine light or another warning light on the dash, worsening gas mileage, ignition problems, unusual engine noises, and the like. Find it damaged or dirty, and it's probably time to replace it -- the filter itself, at least, if not the whole assembly.</p><p>Not sure what to do, how to do it, or when? The pros at a GM dealer or, in this case, an <a href=""https://www.chevrolet.com/certified-service-dealer-locator"" target=""_blank"">authorized Chevy service center</a>, would be glad to help.</p><p>Of course, for best results, you should stick to OEM parts, too. Good thing you came to us here at GM Wholesale Direct. What we sell is GM-quality, it's guaranteed to fit, it's warranty-backed, and best of all, it's cheaper than MSRP. Sometimes, you can even get steep discounts; buy with confidence.</p><h3>Shop OEM Air Cleaners for Chevrolet in Winston-Salem, NC</h3><p>Order today to get fast shipping anywhere in the US. Have questions? We're here to help. Contact us anytime.</p>",Yes
Reviews,reviews,page,Yes,"GM Wholesale Direct Reviews","Reviews & Testimonials | GMWholesaleDirect.com","Check out the latest reviews & testimonials from our customers at GM Wholesale Direct. We're proud to serve all of the US and select destinations in Canada.",,,,,,"<p>GM Wholesale Direct is a top retailer of original factory parts for <a href=""v-chevrolet"">Chevrolet</a>,&nbsp;<a href=""v-gmc"">GMC</a>,&nbsp;<a href=""v-buick"">Buick</a>,&nbsp;<a href=""v-cadillac"">Cadillac</a>, <a href=""v-pontiac"">Pontiac</a>,&nbsp;and <a href=""v-oldsmobile"">Oldsmobile</a>&nbsp;vehicles. We're proud to serve our customers in the US and parts of Canada.</p>
<p>Check out what our customers have to say about us below!</p>
<script type=""text/javascript"">(function e(){var e=document.createElement(""script"");e.type=""text/javascript"",e.async=true,e.src=""//staticw2.yotpo.com/qVCGVcMIlOHo0IQbCg6Z4qg6ReMTCwKWYxS07FsQ/widget.js"";var t=document.getElementsByTagName(""script"")[0];t.parentNode.insertBefore(e,t)})();
</script>
<div id=""yotpo-testimonials-custom-tab""></div>",
"Oil Specials!!!",oil,page,Yes,"Mobile Super Synthetic Oil Specials","Mobile Super Synthetic Oil Specials","Mobile Super Synthetic Oil Specials From GM Wholesale Direct",,,,,Oil;5W20;5w20;0w20;0W20;5W30;5w30;synthetic;super,,
"Hurricane Ian Update",hurricane-ian-update,page,Yes,"Hurricane Ian Update","Hurricane Ian Update","Hurricane Ian Update",,,,,,"<p><strong>Hurricane Ian Operational Update</strong></p>
<p>Hurricane Ian is causing hazardous conditions across portions of Tampa, Florida Keys, and Fort Myers. Our thoughts are with those affected. Our top priority is the safety and well-being of our team members, as well as providing you with the highest level of service. Delays and disruptions can be expected for inbound and outbound shipments across portions of across portions of Tampa, Florida Keys, and Fort Myers. We are committed to providing service to the best of our ability in areas that can be safely accessed.</p>
<p><br></p>
<p><strong>Shipping to affected areas?</strong>&nbsp;</p>
<p>To avoid delays, please verify if your location can receive deliveries.&nbsp;</p>
<p><br></p>
<p>**Potential service disruptions may not affect FedEx Express, FedEx Ground, FedEx Freight, FedEx Office, etc. the same. There may be different levels of impact depending on city, state and ZIP Code serviced.</p>
<p><br></p>",
"GM Crate Engine Components",gm-crate-engine-components,page,Yes,"GM Crate Engine Components","GM Crate Engine Components","Shop GM Crate Engine Components At Discount Prices With Fast Affordable Shipping Directly To Your Door!",,,,,,"<div class=""row"">
<div class=""col-xs-6"">
<p><a href=""accessory-drive-systems-bb"">Accessory Drive Systems</a></p>
<p><a href=""air-cleaners-pf"">Air Cleaners</a></p>
<p><a href=""balancers-bb"">Balancers</a></p>
<p><a href=""balancers-pulleys-sb"">Balancers & Pulleys</a></p>
<p><a href=""blocks-components-bb"">Blocks & Components</a></p>
<p><a href=""camshafts-components-bb"">Camshafts & Components</a></p>
<p><a href=""carburetors-air-cleaners-sb"">Carburetors & Air Cleaners</a></p>
<p><a href=""carburetors-throttle-bodies-bb"">Carburetors & Throttle Bodies</a></p>
<p><a href=""connecting-rods-components-bb"">Connecting Rods & Components</a></p>
<p><a href=""crankshafts-bb"">Crankshafts</a></p>
<p><a href=""cylinder-heads-sb"">Cylinder Heads</a></p>
<p><a href=""distributors-components-bb"">Distributors & Components</a></p>
<p><a href=""flywheels-flexplates-bb"">Flywheels & Flexplates</a></p>
<p><a href=""fuel-pumps-bb"">Fuel Pumps</a></p>
<p><a href=""guide-plates-bb"">Guide Plates</a></p>
</div>
<div class=""col-xs-6"">
<p><a href=""adapters-hardware-breathers-sb"">Hardware & Breathers</a></p>
<p><a href=""head-gaskets-bolts-bb"">Head Gaskets & Bolts</a></p>
<p><a href=""intake-manifolds-components-sb"">Intake Manifolds & Components</a></p>
<p><a href=""oil-pans-accessories-bb"">Oil Pans & Accessories</a></p>
<p><a href=""pistons-rings-bb"">Pistons & Rings</a></p>
<p><a href=""pushrods-sb"">Pushrods</a></p>
<p><a href=""rocker-arms-bb"">Rocker Arms</a></p>
<p><a href=""spark-plug-wires-bb"">Spark Plug Wires</a></p>
<p><a href=""starters"">Starters</a></p>
<p><a href=""starters-alternators-sb"">Starters & Alternators</a></p>
<p><a href=""timing-chains-sprockets-bb"">Timing Chains & Sprockets</a></p>
<p><a href=""valve-covers-pf"">Valve Covers</a></p>
<p><a href=""valve-lifters-components-bb"">Valve Lifters & Components</a></p>
<p><a href=""valves-valve-springs-bb"">Valves & Valve Springs</a></p>
<p><a href=""water-pumps-components-bb"">Water Pumps & Components</a></p>
</div>
</div>",
"Bed Liner",bed-liner,search,Yes,"GM Bed Liners","GM Bed Liners For Sale","Buy Genuine OEM GM Bed Liners At Discount Prices For All GM Models With Fast Affordable Delivery Right To Your Door!",,,,,"bed liner","<h2>What Does a Bed Liner Do for a Chevy or GMC Pickup?</h2><p>Basically, it does what a cargo liner and <a href=""/cargo-trays"">cargo tray</a> does for the bare floor plastics and upholstery in a car or SUV. It helps keep muck and debris from collecting in and on the truck box, which damage it and eventually rust out its metals. They also shield the bed from the bumps and scrapes caused by cargo prone to shifting during transport -- power tools, big equipment, building materials, and the like.</p><h2>What Types of Bed Liners are There?</h2><p>Drop-in and spray-on are the commonest. Drop-in bed liners do as they seem -- they drop in place in the truck bed, and they're removable. Most are made of plastic. Spray-on bed liners are typically an aliphatic or polyurethane base applied with a spray gun, but you can sometimes paint them on with a brush instead. (Roll-on bed liners are similar to the latter -- they apply to the surfaces of truck boxes with a paint roller.) Both protect a truck in the long term, as they're supposed to be permanent solutions.</p><p>There are other kinds of bed liners, too, most notably those that come in several parts that you lock together. Carpet bed liners, though, attach using hook and loop fastener, most of the time, and they can cover either the bottom of truck boxes only or their entirety. Disposable and portable truck bed liners, for another example, are a temporary type. The former is for one-time use, while the latter can last for several hauls. There are also such things as rubber bed mats, but they're different from bed liners insofar as they don't replace them per se; however, they do serve as additional protective layers, and durable ones at that.</p><h2>Why Buy Genuine GM Bed Liners?</h2><p>GM designs them compatible with your pickup truck specifically, whether you drive a <a href=""/v-chevrolet-colorado"">Chevy Colorado</a>, a <a href=""/v-gmc-canyon"">GMC Canyon</a>, or otherwise. Aftermarket bed liners can't always make the same guarantee. Even if one does, it still may not fit quite right or function as it should.</p><h2>Where to Order OEM Bed Liners for Chevy and GMC Pickups Online</h2><p>Right here at GM Wholesale Direct. Browsing our catalog quickly is easy: just select your make, model, and <a href=""/v"">model year</a>, and options galore will appear. Order today, and we'll ship fast, delivering directly to your door, anywhere in the US; most in-stock orders can ship overnight if not same-day, and what's out of stock can leave our warehouse in 2 to 6 days (usually fewer than 6). Of course, if you prefer local pickup, you're welcome to visit our 5415 Kelley Moore Drive location in Winston Salem NC. Returns and cancellations are hassle-free, too: just <a href=""/contact-us"">get in touch with us</a> to start the process. For complete info on these subjects, check out our store <a href=""/policies/shipping"">shipping</a>, returns, and cancellations policies pages.</p><p>Need buying advice from an expert while you shop? We're here to help; just <a href=""/contact-us"">contact us</a>. Our dedicated team of parts specialists will be happy to field any concerns or answer any questions you may have.</p>",No
"Side Mirrors",side-mirrors,search,Yes,"GM Side Mirrors","GM Side Mirrors For Sale","Buy Genuine OEM GM Side Mirrors At Discount Prices For All GM Models With Fast Affordable Delivery Right To Your Door!",,,,,"side mirror","<p>Whether you call them exterior mirrors or outside mirrors, you know the side mirrors on your GM vehicle for what they are -- visual aids for the ride, and those without which no car, truck, SUV, or van could do. Whatever model you drive -- a <a href=""/v-buick-lesabre"">Buick LeSabre</a> sedan, an SUV like the <a href=""/v-cadillac-srx"">Cadillac SRX</a>, or otherwise -- it's probably got at least two of them: one at the right, one on the left side. Their obvious job: they help you see what's going on, next to you, nearby, and behind you; more specifically, they give you insight into what's commonly called your vehicle's ""blind spot.""</p><p>It's easy to bump or scrape a mirror, though. Plus, the dirt and debris kicked up during a drive  to say nothing of bad weather  can wear one out eventually, housings, covers, and hardware included. Is it time to replace yours? Be sure to get the genuine article, not something from an off-brand.</p><h2>Why Buy Genuine OEM Side Mirrors?</h2><p>GM manufactures them compatible with every one of its brands and models, from Chevrolet hatchbacks like <a href=""/v-chevrolet-spark"">Spark</a> to GMC pickup trucks like <a href=""/v-gmc-sierra-1500"">Sierra 1500</a>. That fit-and-finish guarantee is one that aftermarket side mirrors can't always give you.</p><h2>Where to Order GM Side Mirrors Online</h2><p>Our auto parts store has what you need. You can browse our catalog more quickly for it, too, simply by selecting your brand, model, and <a href=""v"">model year</a>. Buy now, and we'll ship and deliver to any US address. Most in-stock orders, for instance, go out the same day (if you don't otherwise choose overnight shipping); what's out of stock, on the other hand, can leave our warehouse in as few as 2 to as many as 6 days (usually, fewer than 6). Of course, if you'd prefer to pick up your order here at GM Wholesale Direct, feel free; we're located at 5415 Kelley Moore Drive in Winston Salem NC.</p><p>Returning or canceling an order, though? It's just a matter of contacting our parts team; they can start the process for you. For further info, check out our website; its <a href=""/policies/shipping"">shipping</a>, returns, and cancellations policies pages should have all the details. Of course, we'll be glad to help out just the same, should you need buying advice or have any questions or concerns. <a href=""/contact-us"">Get in touch</a> with one of our parts specialists today!</p>",Yes
"Fog Light",fog-light,search,Yes,"GM Fog Lights","GM Fog Lights For Sale","Buy Genuine OEM GM Fog Lights At Discount Prices For All GM Models With Fast Affordable Delivery Right To Your Door!",,,,,"fog light","<h2>What Do Fog Lights Do for GM Vehicles?</h2><p>The shine low, wide, and brightly with short beams. This makes them ideal for lighting the way in bad weather where visibility's limited. In fact, they do this much better than your average <a href=""/headlights"">headlights</a> and taillights do.</p><h2>What Types of Fog Lights are There?</h2><p>There are three: halogen, Xenon (also called high-intensity discharge/HID), and LED. Halogen fog lights are the commonest; you can find them in smaller cars, like Chevy Cruze. Xenon fog lights, you usually find in the narrower housings of sports cars, such as the Saturn Sky. LED fog lights, you can find in many newer vehicles these days (the Buick LaCrosse may come to mind).</p><h2>When Do You Replace Fog Lights?</h2><p>Halogen fog light bulbs, you should change every couple of years or so. Change HID fog light bulbs, on the other hand, as they weaken; that's about every three years. You ought to change LED fog light bulbs if their electronics fail or the bulbs themselves burn out. Of course, this also depends on the lifespan specified in your owner's manual or other manufacturer's documentation. Refer to that for specifics.</p><h2>What Kind of Fog Lights Does Your Vehicle Need?</h2><p>That's body style- and model-dependent. Cars and SUVs use different ones from trucks and vans, generally, and the fog lights in, say, the Cadillac Escalade may be another kind than those in, say, the GMC Sierra 1500. Again, consult your vehicle's manual for the right info. Either way, though, you should choose the genuine article.</p><h2>Why Buy Genuine OEM Fog Lights?</h2><p>GM will have designed them to fit the brand and model you drive perfectly. Aftermarket fog lights may not fit right, either in your lighting's housing, in its sockets generally, or both -- even if their brands claim they will.</p><h2>Where to Order Replacement GM Fog Lights Online</h2><p>You'll find affordable options galore, many priced well below MSRP, right here at GM Wholesale Direct. We've got a complete catalog, in fact. You can browse it more easily than at other auto parts stores, too: simply select your make, model, and <a href=""/v"">model year</a>. A wide range of fog lighting will appear, and you can get to checking it out.</p><p>Buy it now, and we'll ship and deliver it anywhere nationwide, and fast: the same day, if it's in stock and you don't otherwise choose overnight shipping, and in 2 to 6 days (usually fewer than 6) if it's out of stock. Of course, if you'd prefer to visit us here in Winston Salem NC instead, local pickup is also available; we're located at 5415 Kelley Moore Drive.</p><p>Need to make a return? Maybe you'd just like to cancel an order before it ships. Either way, it's the process is hassle-free: just <a href=""/contact-us"">contact our parts team</a>, and they'll start it for you. For more store <a href=""/policies/shipping"">shipping</a>, returns, and cancellations policies info, consult the dedicated pages here on our website. If you have any questions or concerns, though, or you need a little buying advice while you shop, we're at your service; again, all you have to do is <a href=""/contact-us"">get in touch</a>. Our parts specialists will be glad to assist.</p>",Yes
"Rough Country",b/rough-country,search,Yes,"Rough Country","Rough Country Products","Browse all Rough Country Products for sale",,,,,,,No
Ford,b/ford,search,Yes,Ford,"Ford Products","Browse all Ford Products for sale",,,,,,,No
"Top OEM GM Winter Parts to Replace Before the Cold Hits (Chevy, GMC, Buick & More Deals)",blog/gm-winter-parts,page,Yes,"Top OEM GM Winter Parts to Replace Before the Cold Hits (Chevy, GMC, Buick & More Deals)","Top OEM GM Winter Parts & Chevy Battery Replacement Deals","Prepare for winter with an OEM Chevy battery replacement and more. Shop genuine GM winter parts for Chevy, GMC, & Buick at GM Wholesale Direct today!",,,,,,,
"Getting Your GM Vehicle Ready for a Winter Road Trip: Checklist + OEM Parts for Every Brand",blog/gm-winter-road-trip-checklist,page,Yes,"Getting Your GM Vehicle Ready for a Winter Road Trip: Checklist + OEM Parts for Every Brand","GM Winter Road Trip Prep: Checklist & OEM Chevy Winter Wiper Blades","Prepare your vehicle with our GM road trip checklist. Get the best deals on OEM Chevy winter wiper blades and more to stay safe on icy roads this season!",,,,,,,
