[2026-07-24T00:52:43.756906+00:00] main.ERROR: The "--admin-username" option does not exist.
#0 /var/www/html/vendor/symfony/console/Input/ArgvInput.php(153): Symfony\Component\Console\Input\ArgvInput->addLongOption()
#1 /var/www/html/vendor/symfony/console/Input/ArgvInput.php(88): Symfony\Component\Console\Input\ArgvInput->parseLongOption()
#2 /var/www/html/vendor/symfony/console/Input/ArgvInput.php(77): Symfony\Component\Console\Input\ArgvInput->parseToken()
#3 /var/www/html/vendor/symfony/console/Input/Input.php(53): Symfony\Component\Console\Input\ArgvInput->parse()
#4 /var/www/html/vendor/symfony/console/Command/Command.php(295): Symfony\Component\Console\Input\Input->bind()
#5 /var/www/html/vendor/symfony/console/Application.php(1094): Symfony\Component\Console\Command\Command->run()
#6 /var/www/html/vendor/symfony/console/Application.php(356): Symfony\Component\Console\Application->doRunCommand()
#7 /var/www/html/vendor/magento/framework/Console/Cli.php(137): Symfony\Component\Console\Application->doRun()
#8 /var/www/html/vendor/symfony/console/Application.php(195): Magento\Framework\Console\Cli->doRun()
#9 /var/www/html/bin/magento(23): Symfony\Component\Console\Application->run()
#10 {main} [] []
[2026-07-24T00:53:16.166062+00:00] main.ERROR: The "--admin-username" option does not exist.
#0 /var/www/html/vendor/symfony/console/Input/ArgvInput.php(153): Symfony\Component\Console\Input\ArgvInput->addLongOption()
#1 /var/www/html/vendor/symfony/console/Input/ArgvInput.php(88): Symfony\Component\Console\Input\ArgvInput->parseLongOption()
#2 /var/www/html/vendor/symfony/console/Input/ArgvInput.php(77): Symfony\Component\Console\Input\ArgvInput->parseToken()
#3 /var/www/html/vendor/symfony/console/Input/Input.php(53): Symfony\Component\Console\Input\ArgvInput->parse()
#4 /var/www/html/vendor/symfony/console/Command/Command.php(295): Symfony\Component\Console\Input\Input->bind()
#5 /var/www/html/vendor/symfony/console/Application.php(1094): Symfony\Component\Console\Command\Command->run()
#6 /var/www/html/vendor/symfony/console/Application.php(356): Symfony\Component\Console\Application->doRunCommand()
#7 /var/www/html/vendor/magento/framework/Console/Cli.php(137): Symfony\Component\Console\Application->doRun()
#8 /var/www/html/vendor/symfony/console/Application.php(195): Magento\Framework\Console\Cli->doRun()
#9 /var/www/html/bin/magento(23): Symfony\Component\Console\Application->run()
#10 {main} [] []
[2026-07-24T00:54:49.715803+00:00] main.INFO: Source table payment_services_order_status_data_production_submitted_hash does not exist. Skipping data migration... [] []
[2026-07-24T00:54:53.635803+00:00] main.ERROR: Could not validate a connection to the OpenSearch. No alive nodes found in your cluster
#0 /var/www/html/setup/src/Magento/Setup/Model/SearchConfig.php(69): Magento\Setup\Model\SearchConfig->validateSearchEngine()
#1 /var/www/html/setup/src/Magento/Setup/Model/Installer.php(1261): Magento\Setup\Model\SearchConfig->saveConfiguration()
#2 [internal function]: Magento\Setup\Model\Installer->installSearchConfiguration()
#3 /var/www/html/setup/src/Magento/Setup/Model/Installer.php(422): call_user_func_array()
#4 /var/www/html/setup/src/Magento/Setup/Console/Command/InstallCommand.php(239): Magento\Setup\Model\Installer->install()
#5 /var/www/html/vendor/symfony/console/Command/Command.php(341): Magento\Setup\Console\Command\InstallCommand->execute()
#6 /var/www/html/vendor/symfony/console/Application.php(1094): Symfony\Component\Console\Command\Command->run()
#7 /var/www/html/vendor/symfony/console/Application.php(356): Symfony\Component\Console\Application->doRunCommand()
#8 /var/www/html/vendor/magento/framework/Console/Cli.php(137): Symfony\Component\Console\Application->doRun()
#9 /var/www/html/vendor/symfony/console/Application.php(195): Magento\Framework\Console\Cli->doRun()
#10 /var/www/html/bin/magento(23): Symfony\Component\Console\Application->run()
#11 {main} [] []
[2026-07-24T00:55:34.005061+00:00] main.ERROR: Could not validate a connection to the OpenSearch. No alive nodes found in your cluster
#0 /var/www/html/setup/src/Magento/Setup/Model/SearchConfig.php(69): Magento\Setup\Model\SearchConfig->validateSearchEngine()
#1 /var/www/html/setup/src/Magento/Setup/Model/Installer.php(1261): Magento\Setup\Model\SearchConfig->saveConfiguration()
#2 [internal function]: Magento\Setup\Model\Installer->installSearchConfiguration()
#3 /var/www/html/setup/src/Magento/Setup/Model/Installer.php(422): call_user_func_array()
#4 /var/www/html/setup/src/Magento/Setup/Console/Command/InstallCommand.php(239): Magento\Setup\Model\Installer->install()
#5 /var/www/html/vendor/symfony/console/Command/Command.php(341): Magento\Setup\Console\Command\InstallCommand->execute()
#6 /var/www/html/vendor/symfony/console/Application.php(1094): Symfony\Component\Console\Command\Command->run()
#7 /var/www/html/vendor/symfony/console/Application.php(356): Symfony\Component\Console\Application->doRunCommand()
#8 /var/www/html/vendor/magento/framework/Console/Cli.php(137): Symfony\Component\Console\Application->doRun()
#9 /var/www/html/vendor/symfony/console/Application.php(195): Magento\Framework\Console\Cli->doRun()
#10 /var/www/html/bin/magento(23): Symfony\Component\Console\Application->run()
#11 {main} [] []
[2026-07-24T00:56:08.549894+00:00] main.ERROR: Could not validate a connection to the OpenSearch. No alive nodes found in your cluster
#0 /var/www/html/setup/src/Magento/Setup/Model/SearchConfig.php(69): Magento\Setup\Model\SearchConfig->validateSearchEngine()
#1 /var/www/html/setup/src/Magento/Setup/Model/Installer.php(1261): Magento\Setup\Model\SearchConfig->saveConfiguration()
#2 [internal function]: Magento\Setup\Model\Installer->installSearchConfiguration()
#3 /var/www/html/setup/src/Magento/Setup/Model/Installer.php(422): call_user_func_array()
#4 /var/www/html/setup/src/Magento/Setup/Console/Command/InstallCommand.php(239): Magento\Setup\Model\Installer->install()
#5 /var/www/html/vendor/symfony/console/Command/Command.php(341): Magento\Setup\Console\Command\InstallCommand->execute()
#6 /var/www/html/vendor/symfony/console/Application.php(1094): Symfony\Component\Console\Command\Command->run()
#7 /var/www/html/vendor/symfony/console/Application.php(356): Symfony\Component\Console\Application->doRunCommand()
#8 /var/www/html/vendor/magento/framework/Console/Cli.php(137): Symfony\Component\Console\Application->doRun()
#9 /var/www/html/vendor/symfony/console/Application.php(195): Magento\Framework\Console\Cli->doRun()
#10 /var/www/html/bin/magento(23): Symfony\Component\Console\Application->run()
#11 {main} [] []
[2026-07-24T00:56:28.471419+00:00] main.INFO: Source table payment_services_order_status_data_production_submitted_hash does not exist. Skipping data migration... [] []
[2026-07-24T00:56:32.398473+00:00] main.ERROR: Could not validate a connection to the OpenSearch. No alive nodes found in your cluster
#0 /var/www/html/setup/src/Magento/Setup/Model/SearchConfig.php(69): Magento\Setup\Model\SearchConfig->validateSearchEngine()
#1 /var/www/html/setup/src/Magento/Setup/Model/Installer.php(1261): Magento\Setup\Model\SearchConfig->saveConfiguration()
#2 [internal function]: Magento\Setup\Model\Installer->installSearchConfiguration()
#3 /var/www/html/setup/src/Magento/Setup/Model/Installer.php(422): call_user_func_array()
#4 /var/www/html/setup/src/Magento/Setup/Console/Command/InstallCommand.php(239): Magento\Setup\Model\Installer->install()
#5 /var/www/html/vendor/symfony/console/Command/Command.php(341): Magento\Setup\Console\Command\InstallCommand->execute()
#6 /var/www/html/vendor/symfony/console/Application.php(1094): Symfony\Component\Console\Command\Command->run()
#7 /var/www/html/vendor/symfony/console/Application.php(356): Symfony\Component\Console\Application->doRunCommand()
#8 /var/www/html/vendor/magento/framework/Console/Cli.php(137): Symfony\Component\Console\Application->doRun()
#9 /var/www/html/vendor/symfony/console/Application.php(195): Magento\Framework\Console\Cli->doRun()
#10 /var/www/html/bin/magento(23): Symfony\Component\Console\Application->run()
#11 {main} [] []
[2026-07-24T00:57:07.963450+00:00] main.INFO: Source table payment_services_order_status_data_production_submitted_hash does not exist. Skipping data migration... [] []
[2026-07-24T00:57:11.505629+00:00] main.ERROR: Could not validate a connection to the OpenSearch. No alive nodes found in your cluster
#0 /var/www/html/setup/src/Magento/Setup/Model/SearchConfig.php(69): Magento\Setup\Model\SearchConfig->validateSearchEngine()
#1 /var/www/html/setup/src/Magento/Setup/Model/Installer.php(1261): Magento\Setup\Model\SearchConfig->saveConfiguration()
#2 [internal function]: Magento\Setup\Model\Installer->installSearchConfiguration()
#3 /var/www/html/setup/src/Magento/Setup/Model/Installer.php(422): call_user_func_array()
#4 /var/www/html/setup/src/Magento/Setup/Console/Command/InstallCommand.php(239): Magento\Setup\Model\Installer->install()
#5 /var/www/html/vendor/symfony/console/Command/Command.php(341): Magento\Setup\Console\Command\InstallCommand->execute()
#6 /var/www/html/vendor/symfony/console/Application.php(1094): Symfony\Component\Console\Command\Command->run()
#7 /var/www/html/vendor/symfony/console/Application.php(356): Symfony\Component\Console\Application->doRunCommand()
#8 /var/www/html/vendor/magento/framework/Console/Cli.php(137): Symfony\Component\Console\Application->doRun()
#9 /var/www/html/vendor/symfony/console/Application.php(195): Magento\Framework\Console\Cli->doRun()
#10 /var/www/html/bin/magento(23): Symfony\Component\Console\Application->run()
#11 {main} [] []
[2026-07-24T00:59:46.754566+00:00] main.ERROR: The "--admin-username" option does not exist.
#0 /var/www/html/vendor/symfony/console/Input/ArgvInput.php(153): Symfony\Component\Console\Input\ArgvInput->addLongOption()
#1 /var/www/html/vendor/symfony/console/Input/ArgvInput.php(88): Symfony\Component\Console\Input\ArgvInput->parseLongOption()
#2 /var/www/html/vendor/symfony/console/Input/ArgvInput.php(77): Symfony\Component\Console\Input\ArgvInput->parseToken()
#3 /var/www/html/vendor/symfony/console/Input/Input.php(53): Symfony\Component\Console\Input\ArgvInput->parse()
#4 /var/www/html/vendor/symfony/console/Command/Command.php(295): Symfony\Component\Console\Input\Input->bind()
#5 /var/www/html/vendor/symfony/console/Application.php(1094): Symfony\Component\Console\Command\Command->run()
#6 /var/www/html/vendor/symfony/console/Application.php(356): Symfony\Component\Console\Application->doRunCommand()
#7 /var/www/html/vendor/magento/framework/Console/Cli.php(137): Symfony\Component\Console\Application->doRun()
#8 /var/www/html/vendor/symfony/console/Application.php(195): Magento\Framework\Console\Cli->doRun()
#9 /var/www/html/bin/magento(23): Symfony\Component\Console\Application->run()
#10 {main} [] []
[2026-07-24T01:00:29.169598+00:00] main.INFO: Source table payment_services_order_status_data_production_submitted_hash does not exist. Skipping data migration... [] []
[2026-07-24T01:00:35.099046+00:00] main.ERROR: Could not validate a connection to the OpenSearch. No alive nodes found in your cluster
#0 /var/www/html/setup/src/Magento/Setup/Model/SearchConfig.php(69): Magento\Setup\Model\SearchConfig->validateSearchEngine()
#1 /var/www/html/setup/src/Magento/Setup/Model/Installer.php(1261): Magento\Setup\Model\SearchConfig->saveConfiguration()
#2 [internal function]: Magento\Setup\Model\Installer->installSearchConfiguration()
#3 /var/www/html/setup/src/Magento/Setup/Model/Installer.php(422): call_user_func_array()
#4 /var/www/html/setup/src/Magento/Setup/Console/Command/InstallCommand.php(239): Magento\Setup\Model\Installer->install()
#5 /var/www/html/vendor/symfony/console/Command/Command.php(341): Magento\Setup\Console\Command\InstallCommand->execute()
#6 /var/www/html/vendor/symfony/console/Application.php(1094): Symfony\Component\Console\Command\Command->run()
#7 /var/www/html/vendor/symfony/console/Application.php(356): Symfony\Component\Console\Application->doRunCommand()
#8 /var/www/html/vendor/magento/framework/Console/Cli.php(137): Symfony\Component\Console\Application->doRun()
#9 /var/www/html/vendor/symfony/console/Application.php(195): Magento\Framework\Console\Cli->doRun()
#10 /var/www/html/bin/magento(23): Symfony\Component\Console\Application->run()
#11 {main} [] []
[2026-07-24T01:01:57.875202+00:00] main.ERROR: The "--admin-username" option does not exist.
#0 /var/www/html/vendor/symfony/console/Input/ArgvInput.php(153): Symfony\Component\Console\Input\ArgvInput->addLongOption()
#1 /var/www/html/vendor/symfony/console/Input/ArgvInput.php(88): Symfony\Component\Console\Input\ArgvInput->parseLongOption()
#2 /var/www/html/vendor/symfony/console/Input/ArgvInput.php(77): Symfony\Component\Console\Input\ArgvInput->parseToken()
#3 /var/www/html/vendor/symfony/console/Input/Input.php(53): Symfony\Component\Console\Input\ArgvInput->parse()
#4 /var/www/html/vendor/symfony/console/Command/Command.php(295): Symfony\Component\Console\Input\Input->bind()
#5 /var/www/html/vendor/symfony/console/Application.php(1094): Symfony\Component\Console\Command\Command->run()
#6 /var/www/html/vendor/symfony/console/Application.php(356): Symfony\Component\Console\Application->doRunCommand()
#7 /var/www/html/vendor/magento/framework/Console/Cli.php(137): Symfony\Component\Console\Application->doRun()
#8 /var/www/html/vendor/symfony/console/Application.php(195): Magento\Framework\Console\Cli->doRun()
#9 /var/www/html/bin/magento(23): Symfony\Component\Console\Application->run()
#10 {main} [] []
[2026-07-24T01:02:13.952609+00:00] main.INFO: Source table payment_services_order_status_data_production_submitted_hash does not exist. Skipping data migration... [] []
[2026-07-24T01:02:18.912231+00:00] main.ERROR: Could not validate a connection to the OpenSearch. No alive nodes found in your cluster
#0 /var/www/html/setup/src/Magento/Setup/Model/SearchConfig.php(69): Magento\Setup\Model\SearchConfig->validateSearchEngine()
#1 /var/www/html/setup/src/Magento/Setup/Model/Installer.php(1261): Magento\Setup\Model\SearchConfig->saveConfiguration()
#2 [internal function]: Magento\Setup\Model\Installer->installSearchConfiguration()
#3 /var/www/html/setup/src/Magento/Setup/Model/Installer.php(422): call_user_func_array()
#4 /var/www/html/setup/src/Magento/Setup/Console/Command/InstallCommand.php(239): Magento\Setup\Model\Installer->install()
#5 /var/www/html/vendor/symfony/console/Command/Command.php(341): Magento\Setup\Console\Command\InstallCommand->execute()
#6 /var/www/html/vendor/symfony/console/Application.php(1094): Symfony\Component\Console\Command\Command->run()
#7 /var/www/html/vendor/symfony/console/Application.php(356): Symfony\Component\Console\Application->doRunCommand()
#8 /var/www/html/vendor/magento/framework/Console/Cli.php(137): Symfony\Component\Console\Application->doRun()
#9 /var/www/html/vendor/symfony/console/Application.php(195): Magento\Framework\Console\Cli->doRun()
#10 /var/www/html/bin/magento(23): Symfony\Component\Console\Application->run()
#11 {main} [] []
[2026-07-24T01:02:43.973440+00:00] main.INFO: Source table payment_services_order_status_data_production_submitted_hash does not exist. Skipping data migration... [] []
[2026-07-24T01:02:48.019039+00:00] main.ERROR: Could not validate a connection to the OpenSearch. No alive nodes found in your cluster
#0 /var/www/html/setup/src/Magento/Setup/Model/SearchConfig.php(69): Magento\Setup\Model\SearchConfig->validateSearchEngine()
#1 /var/www/html/setup/src/Magento/Setup/Model/Installer.php(1261): Magento\Setup\Model\SearchConfig->saveConfiguration()
#2 [internal function]: Magento\Setup\Model\Installer->installSearchConfiguration()
#3 /var/www/html/setup/src/Magento/Setup/Model/Installer.php(422): call_user_func_array()
#4 /var/www/html/setup/src/Magento/Setup/Console/Command/InstallCommand.php(239): Magento\Setup\Model\Installer->install()
#5 /var/www/html/vendor/symfony/console/Command/Command.php(341): Magento\Setup\Console\Command\InstallCommand->execute()
#6 /var/www/html/vendor/symfony/console/Application.php(1094): Symfony\Component\Console\Command\Command->run()
#7 /var/www/html/vendor/symfony/console/Application.php(356): Symfony\Component\Console\Application->doRunCommand()
#8 /var/www/html/vendor/magento/framework/Console/Cli.php(137): Symfony\Component\Console\Application->doRun()
#9 /var/www/html/vendor/symfony/console/Application.php(195): Magento\Framework\Console\Cli->doRun()
#10 /var/www/html/bin/magento(23): Symfony\Component\Console\Application->run()
#11 {main} [] []
[2026-07-24T01:03:12.402150+00:00] main.INFO: Source table payment_services_order_status_data_production_submitted_hash does not exist. Skipping data migration... [] []
[2026-07-24T01:03:16.232065+00:00] main.ERROR: Could not validate a connection to the OpenSearch. No alive nodes found in your cluster
#0 /var/www/html/setup/src/Magento/Setup/Model/SearchConfig.php(69): Magento\Setup\Model\SearchConfig->validateSearchEngine()
#1 /var/www/html/setup/src/Magento/Setup/Model/Installer.php(1261): Magento\Setup\Model\SearchConfig->saveConfiguration()
#2 [internal function]: Magento\Setup\Model\Installer->installSearchConfiguration()
#3 /var/www/html/setup/src/Magento/Setup/Model/Installer.php(422): call_user_func_array()
#4 /var/www/html/setup/src/Magento/Setup/Console/Command/InstallCommand.php(239): Magento\Setup\Model\Installer->install()
#5 /var/www/html/vendor/symfony/console/Command/Command.php(341): Magento\Setup\Console\Command\InstallCommand->execute()
#6 /var/www/html/vendor/symfony/console/Application.php(1094): Symfony\Component\Console\Command\Command->run()
#7 /var/www/html/vendor/symfony/console/Application.php(356): Symfony\Component\Console\Application->doRunCommand()
#8 /var/www/html/vendor/magento/framework/Console/Cli.php(137): Symfony\Component\Console\Application->doRun()
#9 /var/www/html/vendor/symfony/console/Application.php(195): Magento\Framework\Console\Cli->doRun()
#10 /var/www/html/bin/magento(23): Symfony\Component\Console\Application->run()
#11 {main} [] []
[2026-07-24T01:03:35.547315+00:00] main.INFO: Source table payment_services_order_status_data_production_submitted_hash does not exist. Skipping data migration... [] []
[2026-07-24T01:03:39.351431+00:00] main.ERROR: Could not validate a connection to the OpenSearch. No alive nodes found in your cluster
#0 /var/www/html/setup/src/Magento/Setup/Model/SearchConfig.php(69): Magento\Setup\Model\SearchConfig->validateSearchEngine()
#1 /var/www/html/setup/src/Magento/Setup/Model/Installer.php(1261): Magento\Setup\Model\SearchConfig->saveConfiguration()
#2 [internal function]: Magento\Setup\Model\Installer->installSearchConfiguration()
#3 /var/www/html/setup/src/Magento/Setup/Model/Installer.php(422): call_user_func_array()
#4 /var/www/html/setup/src/Magento/Setup/Console/Command/InstallCommand.php(239): Magento\Setup\Model\Installer->install()
#5 /var/www/html/vendor/symfony/console/Command/Command.php(341): Magento\Setup\Console\Command\InstallCommand->execute()
#6 /var/www/html/vendor/symfony/console/Application.php(1094): Symfony\Component\Console\Command\Command->run()
#7 /var/www/html/vendor/symfony/console/Application.php(356): Symfony\Component\Console\Application->doRunCommand()
#8 /var/www/html/vendor/magento/framework/Console/Cli.php(137): Symfony\Component\Console\Application->doRun()
#9 /var/www/html/vendor/symfony/console/Application.php(195): Magento\Framework\Console\Cli->doRun()
#10 /var/www/html/bin/magento(23): Symfony\Component\Console\Application->run()
#11 {main} [] []
[2026-07-24T01:04:02.441365+00:00] main.INFO: Source table payment_services_order_status_data_production_submitted_hash does not exist. Skipping data migration... [] []
[2026-07-24T01:04:06.516408+00:00] main.ERROR: Could not validate a connection to the OpenSearch. No alive nodes found in your cluster
#0 /var/www/html/setup/src/Magento/Setup/Model/SearchConfig.php(69): Magento\Setup\Model\SearchConfig->validateSearchEngine()
#1 /var/www/html/setup/src/Magento/Setup/Model/Installer.php(1261): Magento\Setup\Model\SearchConfig->saveConfiguration()
#2 [internal function]: Magento\Setup\Model\Installer->installSearchConfiguration()
#3 /var/www/html/setup/src/Magento/Setup/Model/Installer.php(422): call_user_func_array()
#4 /var/www/html/setup/src/Magento/Setup/Console/Command/InstallCommand.php(239): Magento\Setup\Model\Installer->install()
#5 /var/www/html/vendor/symfony/console/Command/Command.php(341): Magento\Setup\Console\Command\InstallCommand->execute()
#6 /var/www/html/vendor/symfony/console/Application.php(1094): Symfony\Component\Console\Command\Command->run()
#7 /var/www/html/vendor/symfony/console/Application.php(356): Symfony\Component\Console\Application->doRunCommand()
#8 /var/www/html/vendor/magento/framework/Console/Cli.php(137): Symfony\Component\Console\Application->doRun()
#9 /var/www/html/vendor/symfony/console/Application.php(195): Magento\Framework\Console\Cli->doRun()
#10 /var/www/html/bin/magento(23): Symfony\Component\Console\Application->run()
#11 {main} [] []
[2026-07-24T01:04:16.170018+00:00] main.ERROR: The "--opensearch-disable-auth" option does not exist.
#0 /var/www/html/vendor/symfony/console/Input/ArgvInput.php(153): Symfony\Component\Console\Input\ArgvInput->addLongOption()
#1 /var/www/html/vendor/symfony/console/Input/ArgvInput.php(88): Symfony\Component\Console\Input\ArgvInput->parseLongOption()
#2 /var/www/html/vendor/symfony/console/Input/ArgvInput.php(77): Symfony\Component\Console\Input\ArgvInput->parseToken()
#3 /var/www/html/vendor/symfony/console/Input/Input.php(53): Symfony\Component\Console\Input\ArgvInput->parse()
#4 /var/www/html/vendor/symfony/console/Command/Command.php(295): Symfony\Component\Console\Input\Input->bind()
#5 /var/www/html/vendor/symfony/console/Application.php(1094): Symfony\Component\Console\Command\Command->run()
#6 /var/www/html/vendor/symfony/console/Application.php(356): Symfony\Component\Console\Application->doRunCommand()
#7 /var/www/html/vendor/magento/framework/Console/Cli.php(137): Symfony\Component\Console\Application->doRun()
#8 /var/www/html/vendor/symfony/console/Application.php(195): Magento\Framework\Console\Cli->doRun()
#9 /var/www/html/bin/magento(23): Symfony\Component\Console\Application->run()
#10 {main} [] []
[2026-07-24T01:04:33.786464+00:00] main.INFO: Source table payment_services_order_status_data_production_submitted_hash does not exist. Skipping data migration... [] []
[2026-07-24T01:04:40.543727+00:00] main.ERROR: Could not validate a connection to the OpenSearch. No alive nodes found in your cluster
#0 /var/www/html/setup/src/Magento/Setup/Model/SearchConfig.php(69): Magento\Setup\Model\SearchConfig->validateSearchEngine()
#1 /var/www/html/setup/src/Magento/Setup/Model/Installer.php(1261): Magento\Setup\Model\SearchConfig->saveConfiguration()
#2 [internal function]: Magento\Setup\Model\Installer->installSearchConfiguration()
#3 /var/www/html/setup/src/Magento/Setup/Model/Installer.php(422): call_user_func_array()
#4 /var/www/html/setup/src/Magento/Setup/Console/Command/InstallCommand.php(239): Magento\Setup\Model\Installer->install()
#5 /var/www/html/vendor/symfony/console/Command/Command.php(341): Magento\Setup\Console\Command\InstallCommand->execute()
#6 /var/www/html/vendor/symfony/console/Application.php(1094): Symfony\Component\Console\Command\Command->run()
#7 /var/www/html/vendor/symfony/console/Application.php(356): Symfony\Component\Console\Application->doRunCommand()
#8 /var/www/html/vendor/magento/framework/Console/Cli.php(137): Symfony\Component\Console\Application->doRun()
#9 /var/www/html/vendor/symfony/console/Application.php(195): Magento\Framework\Console\Cli->doRun()
#10 /var/www/html/bin/magento(23): Symfony\Component\Console\Application->run()
#11 {main} [] []
[2026-07-24T01:05:00.140005+00:00] main.INFO: Source table payment_services_order_status_data_production_submitted_hash does not exist. Skipping data migration... [] []
[2026-07-24T01:05:05.848330+00:00] main.ERROR: Could not validate a connection to the OpenSearch. No alive nodes found in your cluster
#0 /var/www/html/setup/src/Magento/Setup/Model/SearchConfig.php(69): Magento\Setup\Model\SearchConfig->validateSearchEngine()
#1 /var/www/html/setup/src/Magento/Setup/Model/Installer.php(1261): Magento\Setup\Model\SearchConfig->saveConfiguration()
#2 [internal function]: Magento\Setup\Model\Installer->installSearchConfiguration()
#3 /var/www/html/setup/src/Magento/Setup/Model/Installer.php(422): call_user_func_array()
#4 /var/www/html/setup/src/Magento/Setup/Console/Command/InstallCommand.php(239): Magento\Setup\Model\Installer->install()
#5 /var/www/html/vendor/symfony/console/Command/Command.php(341): Magento\Setup\Console\Command\InstallCommand->execute()
#6 /var/www/html/vendor/symfony/console/Application.php(1094): Symfony\Component\Console\Command\Command->run()
#7 /var/www/html/vendor/symfony/console/Application.php(356): Symfony\Component\Console\Application->doRunCommand()
#8 /var/www/html/vendor/magento/framework/Console/Cli.php(137): Symfony\Component\Console\Application->doRun()
#9 /var/www/html/vendor/symfony/console/Application.php(195): Magento\Framework\Console\Cli->doRun()
#10 /var/www/html/bin/magento(23): Symfony\Component\Console\Application->run()
#11 {main} [] []
[2026-07-24T01:08:19.876899+00:00] main.ERROR: The "--admin-username" option does not exist.
#0 /var/www/html/vendor/symfony/console/Input/ArgvInput.php(153): Symfony\Component\Console\Input\ArgvInput->addLongOption()
#1 /var/www/html/vendor/symfony/console/Input/ArgvInput.php(88): Symfony\Component\Console\Input\ArgvInput->parseLongOption()
#2 /var/www/html/vendor/symfony/console/Input/ArgvInput.php(77): Symfony\Component\Console\Input\ArgvInput->parseToken()
#3 /var/www/html/vendor/symfony/console/Input/Input.php(53): Symfony\Component\Console\Input\ArgvInput->parse()
#4 /var/www/html/vendor/symfony/console/Command/Command.php(295): Symfony\Component\Console\Input\Input->bind()
#5 /var/www/html/vendor/symfony/console/Application.php(1094): Symfony\Component\Console\Command\Command->run()
#6 /var/www/html/vendor/symfony/console/Application.php(356): Symfony\Component\Console\Application->doRunCommand()
#7 /var/www/html/vendor/magento/framework/Console/Cli.php(137): Symfony\Component\Console\Application->doRun()
#8 /var/www/html/vendor/symfony/console/Application.php(195): Magento\Framework\Console\Cli->doRun()
#9 /var/www/html/bin/magento(23): Symfony\Component\Console\Application->run()
#10 {main} [] []
[2026-07-24T01:08:32.082994+00:00] main.ERROR: The "--admin-username" option does not exist.
#0 /var/www/html/vendor/symfony/console/Input/ArgvInput.php(153): Symfony\Component\Console\Input\ArgvInput->addLongOption()
#1 /var/www/html/vendor/symfony/console/Input/ArgvInput.php(88): Symfony\Component\Console\Input\ArgvInput->parseLongOption()
#2 /var/www/html/vendor/symfony/console/Input/ArgvInput.php(77): Symfony\Component\Console\Input\ArgvInput->parseToken()
#3 /var/www/html/vendor/symfony/console/Input/Input.php(53): Symfony\Component\Console\Input\ArgvInput->parse()
#4 /var/www/html/vendor/symfony/console/Command/Command.php(295): Symfony\Component\Console\Input\Input->bind()
#5 /var/www/html/vendor/symfony/console/Application.php(1094): Symfony\Component\Console\Command\Command->run()
#6 /var/www/html/vendor/symfony/console/Application.php(356): Symfony\Component\Console\Application->doRunCommand()
#7 /var/www/html/vendor/magento/framework/Console/Cli.php(137): Symfony\Component\Console\Application->doRun()
#8 /var/www/html/vendor/symfony/console/Application.php(195): Magento\Framework\Console\Cli->doRun()
#9 /var/www/html/bin/magento(23): Symfony\Component\Console\Application->run()
#10 {main} [] []
[2026-07-24T01:09:32.231147+00:00] main.ERROR: The "--admin-username" option does not exist.
#0 /var/www/html/vendor/symfony/console/Input/ArgvInput.php(153): Symfony\Component\Console\Input\ArgvInput->addLongOption()
#1 /var/www/html/vendor/symfony/console/Input/ArgvInput.php(88): Symfony\Component\Console\Input\ArgvInput->parseLongOption()
#2 /var/www/html/vendor/symfony/console/Input/ArgvInput.php(77): Symfony\Component\Console\Input\ArgvInput->parseToken()
#3 /var/www/html/vendor/symfony/console/Input/Input.php(53): Symfony\Component\Console\Input\ArgvInput->parse()
#4 /var/www/html/vendor/symfony/console/Command/Command.php(295): Symfony\Component\Console\Input\Input->bind()
#5 /var/www/html/vendor/symfony/console/Application.php(1094): Symfony\Component\Console\Command\Command->run()
#6 /var/www/html/vendor/symfony/console/Application.php(356): Symfony\Component\Console\Application->doRunCommand()
#7 /var/www/html/vendor/magento/framework/Console/Cli.php(137): Symfony\Component\Console\Application->doRun()
#8 /var/www/html/vendor/symfony/console/Application.php(195): Magento\Framework\Console\Cli->doRun()
#9 /var/www/html/bin/magento(23): Symfony\Component\Console\Application->run()
#10 {main} [] []
[2026-07-24T01:09:56.924412+00:00] main.ERROR: The "--admin-username" option does not exist.
#0 /var/www/html/vendor/symfony/console/Input/ArgvInput.php(153): Symfony\Component\Console\Input\ArgvInput->addLongOption()
#1 /var/www/html/vendor/symfony/console/Input/ArgvInput.php(88): Symfony\Component\Console\Input\ArgvInput->parseLongOption()
#2 /var/www/html/vendor/symfony/console/Input/ArgvInput.php(77): Symfony\Component\Console\Input\ArgvInput->parseToken()
#3 /var/www/html/vendor/symfony/console/Input/Input.php(53): Symfony\Component\Console\Input\ArgvInput->parse()
#4 /var/www/html/vendor/symfony/console/Command/Command.php(295): Symfony\Component\Console\Input\Input->bind()
#5 /var/www/html/vendor/symfony/console/Application.php(1094): Symfony\Component\Console\Command\Command->run()
#6 /var/www/html/vendor/symfony/console/Application.php(356): Symfony\Component\Console\Application->doRunCommand()
#7 /var/www/html/vendor/magento/framework/Console/Cli.php(137): Symfony\Component\Console\Application->doRun()
#8 /var/www/html/vendor/symfony/console/Application.php(195): Magento\Framework\Console\Cli->doRun()
#9 /var/www/html/bin/magento(23): Symfony\Component\Console\Application->run()
#10 {main} [] []
[2026-07-24T01:10:37.792500+00:00] main.INFO: Source table payment_services_order_status_data_production_submitted_hash does not exist. Skipping data migration... [] []
[2026-07-24T01:10:42.032014+00:00] main.ERROR: Could not validate a connection to the OpenSearch. No alive nodes found in your cluster
#0 /var/www/html/setup/src/Magento/Setup/Model/SearchConfig.php(69): Magento\Setup\Model\SearchConfig->validateSearchEngine()
#1 /var/www/html/setup/src/Magento/Setup/Model/Installer.php(1261): Magento\Setup\Model\SearchConfig->saveConfiguration()
#2 [internal function]: Magento\Setup\Model\Installer->installSearchConfiguration()
#3 /var/www/html/setup/src/Magento/Setup/Model/Installer.php(422): call_user_func_array()
#4 /var/www/html/setup/src/Magento/Setup/Console/Command/InstallCommand.php(239): Magento\Setup\Model\Installer->install()
#5 /var/www/html/vendor/symfony/console/Command/Command.php(341): Magento\Setup\Console\Command\InstallCommand->execute()
#6 /var/www/html/vendor/symfony/console/Application.php(1094): Symfony\Component\Console\Command\Command->run()
#7 /var/www/html/vendor/symfony/console/Application.php(356): Symfony\Component\Console\Application->doRunCommand()
#8 /var/www/html/vendor/magento/framework/Console/Cli.php(137): Symfony\Component\Console\Application->doRun()
#9 /var/www/html/vendor/symfony/console/Application.php(195): Magento\Framework\Console\Cli->doRun()
#10 /var/www/html/bin/magento(23): Symfony\Component\Console\Application->run()
#11 {main} [] []
[2026-07-24T01:14:37.477281+00:00] main.INFO: Source table payment_services_order_status_data_production_submitted_hash does not exist. Skipping data migration... [] []
[2026-07-24T01:29:44.421509+00:00] main.ERROR: Unable to resolve the source file for 'adminhtml/Magento/backend/en_US/jquery/fileUploader/jquery.fileupload-ui.js' [] []
[2026-07-24T01:29:44.422228+00:00] main.CRITICAL: Unable to resolve the source file for 'adminhtml/Magento/backend/en_US/jquery/fileUploader/jquery.fileupload-ui.js' [] []
[2026-07-24T01:29:55.113778+00:00] main.ERROR: Unable to resolve the source file for 'adminhtml/Magento/backend/en_US/jquery/fileUploader/jquery.fileupload-ui.js' [] []
[2026-07-24T01:29:55.113993+00:00] main.CRITICAL: Unable to resolve the source file for 'adminhtml/Magento/backend/en_US/jquery/fileUploader/jquery.fileupload-ui.js' [] []
[2026-07-24T02:11:53.575581+00:00] main.CRITICAL: Failed to retrieve Adobe Stock search files results: Client error: `GET https://stock.adobe.io/Rest/Media/1/Search/Files?locale=en_US&search_parameters%5Blimit%5D=20&search_parameters%5Boffset%5D=0&search_parameters%5Bgallery_id%5D=Kqy5H45lnKzkC5I8JGFXYVwr2ltNwMe7&search_parameters%5Bfilters%5D%5Bcontent_type:photo%5D=1&search_parameters%5Bfilters%5D%5Bcontent_type:illustration%5D=1&search_parameters%5Bfilters%5D%5Bpremium%5D=all&result_columns%5B0%5D=id&result_columns%5B1%5D=nb_results&result_columns%5B2%5D=comp_url&result_columns%5B3%5D=thumbnail_240_url&result_columns%5B4%5D=width&result_columns%5B5%5D=height&result_columns%5B6%5D=thumbnail_500_url&result_columns%5B7%5D=title&result_columns%5B8%5D=creator_id&result_columns%5B9%5D=creator_name&result_columns%5B10%5D=creation_date&result_columns%5B11%5D=country_name&result_columns%5B12%5D=category&result_columns%5B13%5D=keywords&result_columns%5B14%5D=media_type_id&result_columns%5B15%5D=content_type&result_columns%5B16%5D=details_url&result_columns%5B17%5D=premium_level_id` resulted in a `403 Forbidden` response:
{"title":"ErrMissingAPIKey","status":403,"error_code":403000,"message":"API key is missing"}
 [] []
[2026-07-24T02:11:55.382847+00:00] main.CRITICAL: Failed to retrieve Adobe Stock search files results: Client error: `GET https://stock.adobe.io/Rest/Media/1/Search/Files?locale=en_US&search_parameters%5Blimit%5D=32&search_parameters%5Boffset%5D=0&search_parameters%5Bgallery_id%5D=Kqy5H45lnKzkC5I8JGFXYVwr2ltNwMe7&search_parameters%5Bfilters%5D%5Bcontent_type:photo%5D=1&search_parameters%5Bfilters%5D%5Bcontent_type:illustration%5D=1&search_parameters%5Border%5D=relevance&search_parameters%5Bfilters%5D%5Bpremium%5D=all&result_columns%5B0%5D=id&result_columns%5B1%5D=nb_results&result_columns%5B2%5D=comp_url&result_columns%5B3%5D=thumbnail_240_url&result_columns%5B4%5D=width&result_columns%5B5%5D=height&result_columns%5B6%5D=thumbnail_500_url&result_columns%5B7%5D=title&result_columns%5B8%5D=creator_id&result_columns%5B9%5D=creator_name&result_columns%5B10%5D=creation_date&result_columns%5B11%5D=country_name&result_columns%5B12%5D=category&result_columns%5B13%5D=keywords&result_columns%5B14%5D=media_type_id&result_columns%5B15%5D=content_type&result_columns%5B16%5D=details_url&result_columns%5B17%5D=premium_level_id` resulted in a `403 Forbidden` response:
{"title":"ErrMissingAPIKey","status":403,"error_code":403000,"message":"API key is missing"}
 [] []
[2026-07-24T02:12:01.126786+00:00] main.CRITICAL: Failed to retrieve Adobe Stock search files results: Client error: `GET https://stock.adobe.io/Rest/Media/1/Search/Files?locale=en_US&search_parameters%5Blimit%5D=32&search_parameters%5Boffset%5D=0&search_parameters%5Bgallery_id%5D=Kqy5H45lnKzkC5I8JGFXYVwr2ltNwMe7&search_parameters%5Bfilters%5D%5Bcontent_type:photo%5D=1&search_parameters%5Bfilters%5D%5Bcontent_type:illustration%5D=1&search_parameters%5Border%5D=relevance&search_parameters%5Bfilters%5D%5Bpremium%5D=all&result_columns%5B0%5D=id&result_columns%5B1%5D=nb_results&result_columns%5B2%5D=comp_url&result_columns%5B3%5D=thumbnail_240_url&result_columns%5B4%5D=width&result_columns%5B5%5D=height&result_columns%5B6%5D=thumbnail_500_url&result_columns%5B7%5D=title&result_columns%5B8%5D=creator_id&result_columns%5B9%5D=creator_name&result_columns%5B10%5D=creation_date&result_columns%5B11%5D=country_name&result_columns%5B12%5D=category&result_columns%5B13%5D=keywords&result_columns%5B14%5D=media_type_id&result_columns%5B15%5D=content_type&result_columns%5B16%5D=details_url&result_columns%5B17%5D=premium_level_id` resulted in a `403 Forbidden` response:
{"title":"ErrMissingAPIKey","status":403,"error_code":403000,"message":"API key is missing"}
 [] []
[2026-07-24T02:19:01.500399+00:00] main.ERROR: Sample Data error: Warning: file_get_contents(/var/www/html/pub/media/downloadable/files/links/l/u/luma_background_-_model_against_fence_4_sec_.mp4): Failed to open stream: No such file or directory in /var/www/html/vendor/magento/module-downloadable-sample-data/Model/Product/Converter.php on line 132 [] []
[2026-07-24T02:23:57.292835+00:00] main.ERROR: The "/var/www/html/var/tmp/alternative-source-css.lock" file can't be deleted.  [] []
[2026-07-24T02:23:57.293038+00:00] main.CRITICAL: The "/var/www/html/var/tmp/alternative-source-css.lock" file can't be deleted.  [] []
[2026-07-24T02:25:43.387056+00:00] main.ERROR: Unable to resolve the source file for 'adminhtml/Magento/backend/en_US/jquery/fileUploader/jquery.fileupload-ui.js' [] []
[2026-07-24T02:25:43.387284+00:00] main.CRITICAL: Unable to resolve the source file for 'adminhtml/Magento/backend/en_US/jquery/fileUploader/jquery.fileupload-ui.js' [] []
[2026-07-24T02:26:46.790316+00:00] main.ERROR: Braintree\Configuration::merchantId needs to be set (or accessToken needs to be passed to Braintree\Gateway). [] []
[2026-07-24T02:34:24.621537+00:00] main.ERROR: Unable to resolve the source file for 'adminhtml/Magento/backend/en_US/jquery/fileUploader/jquery.fileupload-ui.js' [] []
[2026-07-24T02:34:24.621768+00:00] main.CRITICAL: Unable to resolve the source file for 'adminhtml/Magento/backend/en_US/jquery/fileUploader/jquery.fileupload-ui.js' [] []
[2026-07-24T02:34:39.360623+00:00] main.ERROR: Unable to resolve the source file for 'adminhtml/Magento/backend/en_US/jquery/fileUploader/jquery.fileupload-ui.js' [] []
[2026-07-24T02:34:39.360840+00:00] main.CRITICAL: Unable to resolve the source file for 'adminhtml/Magento/backend/en_US/jquery/fileUploader/jquery.fileupload-ui.js' [] []
[2026-07-24T02:34:48.937683+00:00] main.ERROR: Unable to resolve the source file for 'adminhtml/Magento/backend/en_US/jquery/fileUploader/jquery.fileupload-ui.js' [] []
[2026-07-24T02:34:48.937850+00:00] main.CRITICAL: Unable to resolve the source file for 'adminhtml/Magento/backend/en_US/jquery/fileUploader/jquery.fileupload-ui.js' [] []
[2026-07-24T02:39:07.044906+00:00] main.ERROR: Deprecated Functionality: Using null as an array offset is deprecated, use an empty string instead in /var/www/html/vendor/magento/framework/App/Config/ScopeCodeResolver.php on line 62 [] []
[2026-07-24T02:39:59.830505+00:00] main.ERROR: Deprecated Functionality: Using null as an array offset is deprecated, use an empty string instead in /var/www/html/vendor/magento/framework/App/Config/ScopeCodeResolver.php on line 62 [] []
[2026-07-24T02:46:53.536612+00:00] main.ERROR: Unable to resolve the source file for 'frontend/Magento/blank/en_US/Magento_PageBuilder/js/resource/jarallax/jarallax.js.map' [] []
[2026-07-24T02:46:53.536609+00:00] main.ERROR: Unable to resolve the source file for 'frontend/Magento/blank/en_US/vimeo/player.js.map' [] []
[2026-07-24T02:46:53.536609+00:00] main.ERROR: Unable to resolve the source file for 'frontend/Magento/blank/en_US/Magento_PageBuilder/js/resource/jarallax/jarallax-video.js.map' [] []
[2026-07-24T02:46:53.536843+00:00] main.CRITICAL: Unable to resolve the source file for 'frontend/Magento/blank/en_US/Magento_PageBuilder/js/resource/jarallax/jarallax-video.js.map' [] []
[2026-07-24T02:46:53.536844+00:00] main.CRITICAL: Unable to resolve the source file for 'frontend/Magento/blank/en_US/Magento_PageBuilder/js/resource/jarallax/jarallax.js.map' [] []
[2026-07-24T02:46:53.536843+00:00] main.CRITICAL: Unable to resolve the source file for 'frontend/Magento/blank/en_US/vimeo/player.js.map' [] []
[2026-07-24T02:46:53.541482+00:00] main.ERROR: Unable to resolve the source file for 'frontend/Magento/blank/en_US/underscore-umd.js.map' [] []
[2026-07-24T02:46:53.541616+00:00] main.CRITICAL: Unable to resolve the source file for 'frontend/Magento/blank/en_US/underscore-umd.js.map' [] []
[2026-07-24T02:57:26.277497+00:00] main.ERROR: Unable to resolve the source file for 'frontend/Magento/blank/en_US/underscore-umd.js.map' [] []
[2026-07-24T02:57:26.277950+00:00] main.CRITICAL: Unable to resolve the source file for 'frontend/Magento/blank/en_US/underscore-umd.js.map' [] []
[2026-07-24T02:57:26.408753+00:00] main.ERROR: Unable to resolve the source file for 'frontend/Magento/blank/en_US/Magento_PageBuilder/js/resource/jarallax/jarallax.js.map' [] []
[2026-07-24T02:57:26.408886+00:00] main.CRITICAL: Unable to resolve the source file for 'frontend/Magento/blank/en_US/Magento_PageBuilder/js/resource/jarallax/jarallax.js.map' [] []
[2026-07-24T02:57:26.434237+00:00] main.ERROR: Unable to resolve the source file for 'frontend/Magento/blank/en_US/Magento_PageBuilder/js/resource/jarallax/jarallax-video.js.map' [] []
[2026-07-24T02:57:26.434681+00:00] main.CRITICAL: Unable to resolve the source file for 'frontend/Magento/blank/en_US/Magento_PageBuilder/js/resource/jarallax/jarallax-video.js.map' [] []
[2026-07-24T02:57:26.435804+00:00] main.ERROR: Unable to resolve the source file for 'frontend/Magento/blank/en_US/vimeo/player.js.map' [] []
[2026-07-24T02:57:26.436176+00:00] main.CRITICAL: Unable to resolve the source file for 'frontend/Magento/blank/en_US/vimeo/player.js.map' [] []
[2026-07-24T03:05:42.907809+00:00] main.ERROR: Unable to resolve the source file for 'frontend/Magento/blank/en_US/underscore-umd.js.map' [] []
[2026-07-24T03:05:42.907934+00:00] main.CRITICAL: Unable to resolve the source file for 'frontend/Magento/blank/en_US/underscore-umd.js.map' [] []
[2026-07-24T03:05:43.294374+00:00] main.ERROR: Unable to resolve the source file for 'frontend/Magento/blank/en_US/Magento_PageBuilder/js/resource/jarallax/jarallax.js.map' [] []
[2026-07-24T03:05:43.294549+00:00] main.CRITICAL: Unable to resolve the source file for 'frontend/Magento/blank/en_US/Magento_PageBuilder/js/resource/jarallax/jarallax.js.map' [] []
[2026-07-24T03:05:43.338798+00:00] main.ERROR: Unable to resolve the source file for 'frontend/Magento/blank/en_US/vimeo/player.js.map' [] []
[2026-07-24T03:05:43.338919+00:00] main.CRITICAL: Unable to resolve the source file for 'frontend/Magento/blank/en_US/vimeo/player.js.map' [] []
[2026-07-24T03:05:43.348432+00:00] main.ERROR: Unable to resolve the source file for 'frontend/Magento/blank/en_US/Magento_PageBuilder/js/resource/jarallax/jarallax-video.js.map' [] []
[2026-07-24T03:05:43.348542+00:00] main.CRITICAL: Unable to resolve the source file for 'frontend/Magento/blank/en_US/Magento_PageBuilder/js/resource/jarallax/jarallax-video.js.map' [] []
[2026-07-24T03:05:50.451260+00:00] main.ERROR: Unable to resolve the source file for 'frontend/Magento/blank/en_US/underscore-umd.js.map' [] []
[2026-07-24T03:05:50.451391+00:00] main.CRITICAL: Unable to resolve the source file for 'frontend/Magento/blank/en_US/underscore-umd.js.map' [] []
[2026-07-24T03:05:50.616795+00:00] main.ERROR: Unable to resolve the source file for 'frontend/Magento/blank/en_US/Magento_Customer/js/zxcvbn.js.map' [] []
[2026-07-24T03:05:50.616900+00:00] main.CRITICAL: Unable to resolve the source file for 'frontend/Magento/blank/en_US/Magento_Customer/js/zxcvbn.js.map' [] []
[2026-07-24T03:05:58.748209+00:00] main.ERROR: Unable to resolve the source file for 'frontend/Magento/blank/en_US/underscore-umd.js.map' [] []
[2026-07-24T03:05:58.748367+00:00] main.CRITICAL: Unable to resolve the source file for 'frontend/Magento/blank/en_US/underscore-umd.js.map' [] []
[2026-07-24T03:05:58.884441+00:00] main.ERROR: Unable to resolve the source file for 'frontend/Magento/blank/en_US/Magento_PageBuilder/js/resource/jarallax/jarallax.js.map' [] []
[2026-07-24T03:05:58.884555+00:00] main.CRITICAL: Unable to resolve the source file for 'frontend/Magento/blank/en_US/Magento_PageBuilder/js/resource/jarallax/jarallax.js.map' [] []
[2026-07-24T03:05:58.900637+00:00] main.ERROR: Unable to resolve the source file for 'frontend/Magento/blank/en_US/Magento_PageBuilder/js/resource/jarallax/jarallax-video.js.map' [] []
[2026-07-24T03:05:58.900767+00:00] main.CRITICAL: Unable to resolve the source file for 'frontend/Magento/blank/en_US/Magento_PageBuilder/js/resource/jarallax/jarallax-video.js.map' [] []
[2026-07-24T03:05:58.900762+00:00] main.ERROR: Unable to resolve the source file for 'frontend/Magento/blank/en_US/vimeo/player.js.map' [] []
[2026-07-24T03:05:58.900877+00:00] main.CRITICAL: Unable to resolve the source file for 'frontend/Magento/blank/en_US/vimeo/player.js.map' [] []
[2026-07-24T03:48:28.544625+00:00] main.ERROR: Unable to resolve the source file for 'frontend/Magento/blank/en_US/underscore-umd.js.map' [] []
[2026-07-24T03:48:28.544774+00:00] main.CRITICAL: Unable to resolve the source file for 'frontend/Magento/blank/en_US/underscore-umd.js.map' [] []
[2026-07-24T03:48:28.928114+00:00] main.ERROR: Unable to resolve the source file for 'frontend/Magento/blank/en_US/Magento_PageBuilder/js/resource/jarallax/jarallax.js.map' [] []
[2026-07-24T03:48:28.928225+00:00] main.CRITICAL: Unable to resolve the source file for 'frontend/Magento/blank/en_US/Magento_PageBuilder/js/resource/jarallax/jarallax.js.map' [] []
[2026-07-24T03:48:28.949847+00:00] main.ERROR: Unable to resolve the source file for 'frontend/Magento/blank/en_US/vimeo/player.js.map' [] []
[2026-07-24T03:48:28.949971+00:00] main.CRITICAL: Unable to resolve the source file for 'frontend/Magento/blank/en_US/vimeo/player.js.map' [] []
[2026-07-24T03:48:28.956249+00:00] main.ERROR: Unable to resolve the source file for 'frontend/Magento/blank/en_US/Magento_PageBuilder/js/resource/jarallax/jarallax-video.js.map' [] []
[2026-07-24T03:48:28.956351+00:00] main.CRITICAL: Unable to resolve the source file for 'frontend/Magento/blank/en_US/Magento_PageBuilder/js/resource/jarallax/jarallax-video.js.map' [] []
[2026-07-24T04:37:26.749091+00:00] main.ERROR: Unable to resolve the source file for 'frontend/Magento/blank/en_US/underscore-umd.js.map' [] []
[2026-07-24T04:37:26.749234+00:00] main.CRITICAL: Unable to resolve the source file for 'frontend/Magento/blank/en_US/underscore-umd.js.map' [] []
[2026-07-24T04:37:27.101820+00:00] main.ERROR: Unable to resolve the source file for 'frontend/Magento/blank/en_US/Magento_PageBuilder/js/resource/jarallax/jarallax.js.map' [] []
[2026-07-24T04:37:27.101924+00:00] main.CRITICAL: Unable to resolve the source file for 'frontend/Magento/blank/en_US/Magento_PageBuilder/js/resource/jarallax/jarallax.js.map' [] []
[2026-07-24T04:37:27.134015+00:00] main.ERROR: Unable to resolve the source file for 'frontend/Magento/blank/en_US/Magento_PageBuilder/js/resource/jarallax/jarallax-video.js.map' [] []
[2026-07-24T04:37:27.134016+00:00] main.ERROR: Unable to resolve the source file for 'frontend/Magento/blank/en_US/vimeo/player.js.map' [] []
[2026-07-24T04:37:27.134109+00:00] main.CRITICAL: Unable to resolve the source file for 'frontend/Magento/blank/en_US/Magento_PageBuilder/js/resource/jarallax/jarallax-video.js.map' [] []
[2026-07-24T04:37:27.134114+00:00] main.CRITICAL: Unable to resolve the source file for 'frontend/Magento/blank/en_US/vimeo/player.js.map' [] []
[2026-07-24T04:37:28.137291+00:00] main.ERROR: Unable to resolve the source file for 'frontend/Magento/blank/en_US/underscore-umd.js.map' [] []
[2026-07-24T04:37:28.137386+00:00] main.CRITICAL: Unable to resolve the source file for 'frontend/Magento/blank/en_US/underscore-umd.js.map' [] []
[2026-07-24T04:37:28.267467+00:00] main.ERROR: Unable to resolve the source file for 'frontend/Magento/blank/en_US/Magento_PageBuilder/js/resource/jarallax/jarallax.js.map' [] []
[2026-07-24T04:37:28.267576+00:00] main.CRITICAL: Unable to resolve the source file for 'frontend/Magento/blank/en_US/Magento_PageBuilder/js/resource/jarallax/jarallax.js.map' [] []
[2026-07-24T04:37:28.287699+00:00] main.ERROR: Unable to resolve the source file for 'frontend/Magento/blank/en_US/vimeo/player.js.map' [] []
[2026-07-24T04:37:28.287699+00:00] main.ERROR: Unable to resolve the source file for 'frontend/Magento/blank/en_US/Magento_PageBuilder/js/resource/jarallax/jarallax-video.js.map' [] []
[2026-07-24T04:37:28.287791+00:00] main.CRITICAL: Unable to resolve the source file for 'frontend/Magento/blank/en_US/vimeo/player.js.map' [] []
[2026-07-24T04:37:28.287793+00:00] main.CRITICAL: Unable to resolve the source file for 'frontend/Magento/blank/en_US/Magento_PageBuilder/js/resource/jarallax/jarallax-video.js.map' [] []
[2026-07-24T04:39:14.637629+00:00] main.ERROR: Unable to resolve the source file for 'frontend/Magento/blank/en_US/underscore-umd.js.map' [] []
[2026-07-24T04:39:14.637776+00:00] main.CRITICAL: Unable to resolve the source file for 'frontend/Magento/blank/en_US/underscore-umd.js.map' [] []
[2026-07-24T04:39:14.752138+00:00] main.ERROR: Unable to resolve the source file for 'frontend/Magento/blank/en_US/Magento_Customer/js/zxcvbn.js.map' [] []
[2026-07-24T04:39:14.752258+00:00] main.CRITICAL: Unable to resolve the source file for 'frontend/Magento/blank/en_US/Magento_Customer/js/zxcvbn.js.map' [] []
[2026-07-24T04:39:16.868035+00:00] main.ERROR: Unable to resolve the source file for 'frontend/Magento/blank/en_US/underscore-umd.js.map' [] []
[2026-07-24T04:39:16.868168+00:00] main.CRITICAL: Unable to resolve the source file for 'frontend/Magento/blank/en_US/underscore-umd.js.map' [] []
[2026-07-24T04:39:17.012743+00:00] main.ERROR: Unable to resolve the source file for 'frontend/Magento/blank/en_US/Magento_PageBuilder/js/resource/jarallax/jarallax.js.map' [] []
[2026-07-24T04:39:17.012994+00:00] main.CRITICAL: Unable to resolve the source file for 'frontend/Magento/blank/en_US/Magento_PageBuilder/js/resource/jarallax/jarallax.js.map' [] []
[2026-07-24T04:39:17.042397+00:00] main.ERROR: Unable to resolve the source file for 'frontend/Magento/blank/en_US/vimeo/player.js.map' [] []
[2026-07-24T04:39:17.042397+00:00] main.ERROR: Unable to resolve the source file for 'frontend/Magento/blank/en_US/Magento_PageBuilder/js/resource/jarallax/jarallax-video.js.map' [] []
[2026-07-24T04:39:17.042516+00:00] main.CRITICAL: Unable to resolve the source file for 'frontend/Magento/blank/en_US/Magento_PageBuilder/js/resource/jarallax/jarallax-video.js.map' [] []
[2026-07-24T04:39:17.042530+00:00] main.CRITICAL: Unable to resolve the source file for 'frontend/Magento/blank/en_US/vimeo/player.js.map' [] []
[2026-07-24T05:01:59.659128+00:00] main.ERROR: Unable to resolve the source file for 'frontend/Magento/blank/en_US/underscore-umd.js.map' [] []
[2026-07-24T05:01:59.659272+00:00] main.CRITICAL: Unable to resolve the source file for 'frontend/Magento/blank/en_US/underscore-umd.js.map' [] []
[2026-07-24T05:01:59.763423+00:00] main.ERROR: Unable to resolve the source file for 'frontend/Magento/blank/en_US/Magento_PageBuilder/js/resource/jarallax/jarallax.js.map' [] []
[2026-07-24T05:01:59.763530+00:00] main.CRITICAL: Unable to resolve the source file for 'frontend/Magento/blank/en_US/Magento_PageBuilder/js/resource/jarallax/jarallax.js.map' [] []
[2026-07-24T05:01:59.781927+00:00] main.ERROR: Unable to resolve the source file for 'frontend/Magento/blank/en_US/vimeo/player.js.map' [] []
[2026-07-24T05:01:59.782032+00:00] main.CRITICAL: Unable to resolve the source file for 'frontend/Magento/blank/en_US/vimeo/player.js.map' [] []
[2026-07-24T05:01:59.788535+00:00] main.ERROR: Unable to resolve the source file for 'frontend/Magento/blank/en_US/Magento_PageBuilder/js/resource/jarallax/jarallax-video.js.map' [] []
[2026-07-24T05:01:59.788623+00:00] main.CRITICAL: Unable to resolve the source file for 'frontend/Magento/blank/en_US/Magento_PageBuilder/js/resource/jarallax/jarallax-video.js.map' [] []
[2026-07-24T05:03:17.316606+00:00] main.ERROR: Unable to resolve the source file for 'frontend/Magento/blank/en_US/underscore-umd.js.map' [] []
[2026-07-24T05:03:17.316737+00:00] main.CRITICAL: Unable to resolve the source file for 'frontend/Magento/blank/en_US/underscore-umd.js.map' [] []
[2026-07-24T05:03:17.441219+00:00] main.ERROR: Unable to resolve the source file for 'frontend/Magento/blank/en_US/Magento_PageBuilder/js/resource/jarallax/jarallax.js.map' [] []
[2026-07-24T05:03:17.441342+00:00] main.CRITICAL: Unable to resolve the source file for 'frontend/Magento/blank/en_US/Magento_PageBuilder/js/resource/jarallax/jarallax.js.map' [] []
[2026-07-24T05:03:17.469721+00:00] main.ERROR: Unable to resolve the source file for 'frontend/Magento/blank/en_US/Magento_PageBuilder/js/resource/jarallax/jarallax-video.js.map' [] []
[2026-07-24T05:03:17.469721+00:00] main.ERROR: Unable to resolve the source file for 'frontend/Magento/blank/en_US/vimeo/player.js.map' [] []
[2026-07-24T05:03:17.469826+00:00] main.CRITICAL: Unable to resolve the source file for 'frontend/Magento/blank/en_US/Magento_PageBuilder/js/resource/jarallax/jarallax-video.js.map' [] []
[2026-07-24T05:03:17.469830+00:00] main.CRITICAL: Unable to resolve the source file for 'frontend/Magento/blank/en_US/vimeo/player.js.map' [] []
[2026-07-24T05:03:21.092350+00:00] main.ERROR: Unable to resolve the source file for 'frontend/Magento/blank/en_US/underscore-umd.js.map' [] []
[2026-07-24T05:03:21.092459+00:00] main.CRITICAL: Unable to resolve the source file for 'frontend/Magento/blank/en_US/underscore-umd.js.map' [] []
[2026-07-24T05:03:21.206039+00:00] main.ERROR: Unable to resolve the source file for 'frontend/Magento/blank/en_US/Magento_PageBuilder/js/resource/jarallax/jarallax.js.map' [] []
[2026-07-24T05:03:21.206210+00:00] main.CRITICAL: Unable to resolve the source file for 'frontend/Magento/blank/en_US/Magento_PageBuilder/js/resource/jarallax/jarallax.js.map' [] []
[2026-07-24T05:03:21.237710+00:00] main.ERROR: Unable to resolve the source file for 'frontend/Magento/blank/en_US/vimeo/player.js.map' [] []
[2026-07-24T05:03:21.237710+00:00] main.ERROR: Unable to resolve the source file for 'frontend/Magento/blank/en_US/Magento_PageBuilder/js/resource/jarallax/jarallax-video.js.map' [] []
[2026-07-24T05:03:21.237808+00:00] main.CRITICAL: Unable to resolve the source file for 'frontend/Magento/blank/en_US/Magento_PageBuilder/js/resource/jarallax/jarallax-video.js.map' [] []
[2026-07-24T05:03:21.237812+00:00] main.CRITICAL: Unable to resolve the source file for 'frontend/Magento/blank/en_US/vimeo/player.js.map' [] []
[2026-07-24T05:06:28.275319+00:00] main.ERROR: Unable to resolve the source file for 'frontend/Magento/blank/en_US/underscore-umd.js.map' [] []
[2026-07-24T05:06:28.275505+00:00] main.CRITICAL: Unable to resolve the source file for 'frontend/Magento/blank/en_US/underscore-umd.js.map' [] []
[2026-07-24T05:06:28.401720+00:00] main.ERROR: Unable to resolve the source file for 'frontend/Magento/blank/en_US/Magento_PageBuilder/js/resource/jarallax/jarallax.js.map' [] []
[2026-07-24T05:06:28.401858+00:00] main.CRITICAL: Unable to resolve the source file for 'frontend/Magento/blank/en_US/Magento_PageBuilder/js/resource/jarallax/jarallax.js.map' [] []
[2026-07-24T05:06:28.425696+00:00] main.ERROR: Unable to resolve the source file for 'frontend/Magento/blank/en_US/vimeo/player.js.map' [] []
[2026-07-24T05:06:28.425791+00:00] main.CRITICAL: Unable to resolve the source file for 'frontend/Magento/blank/en_US/vimeo/player.js.map' [] []
[2026-07-24T05:06:28.426960+00:00] main.ERROR: Unable to resolve the source file for 'frontend/Magento/blank/en_US/Magento_PageBuilder/js/resource/jarallax/jarallax-video.js.map' [] []
[2026-07-24T05:06:28.427077+00:00] main.CRITICAL: Unable to resolve the source file for 'frontend/Magento/blank/en_US/Magento_PageBuilder/js/resource/jarallax/jarallax-video.js.map' [] []
[2026-07-24T05:06:57.364156+00:00] main.ERROR: Unable to resolve the source file for 'frontend/Magento/blank/en_US/underscore-umd.js.map' [] []
[2026-07-24T05:06:57.364340+00:00] main.CRITICAL: Unable to resolve the source file for 'frontend/Magento/blank/en_US/underscore-umd.js.map' [] []
[2026-07-24T05:06:57.736001+00:00] main.ERROR: Unable to resolve the source file for 'frontend/Magento/blank/en_US/Magento_PageBuilder/js/resource/jarallax/jarallax.js.map' [] []
[2026-07-24T05:06:57.736180+00:00] main.CRITICAL: Unable to resolve the source file for 'frontend/Magento/blank/en_US/Magento_PageBuilder/js/resource/jarallax/jarallax.js.map' [] []
[2026-07-24T05:06:57.755036+00:00] main.ERROR: Unable to resolve the source file for 'frontend/Magento/blank/en_US/vimeo/player.js.map' [] []
[2026-07-24T05:06:57.755040+00:00] main.ERROR: Unable to resolve the source file for 'frontend/Magento/blank/en_US/Magento_PageBuilder/js/resource/jarallax/jarallax-video.js.map' [] []
[2026-07-24T05:06:57.755145+00:00] main.CRITICAL: Unable to resolve the source file for 'frontend/Magento/blank/en_US/vimeo/player.js.map' [] []
[2026-07-24T05:06:57.755147+00:00] main.CRITICAL: Unable to resolve the source file for 'frontend/Magento/blank/en_US/Magento_PageBuilder/js/resource/jarallax/jarallax-video.js.map' [] []
[2026-07-24T05:59:44.858402+00:00] main.ERROR: Unable to resolve the source file for 'frontend/Magento/blank/en_US/underscore-umd.js.map' [] []
[2026-07-24T05:59:44.858606+00:00] main.CRITICAL: Unable to resolve the source file for 'frontend/Magento/blank/en_US/underscore-umd.js.map' [] []
[2026-07-24T05:59:45.204685+00:00] main.ERROR: Unable to resolve the source file for 'frontend/Magento/blank/en_US/Magento_PageBuilder/js/resource/jarallax/jarallax.js.map' [] []
[2026-07-24T05:59:45.204790+00:00] main.CRITICAL: Unable to resolve the source file for 'frontend/Magento/blank/en_US/Magento_PageBuilder/js/resource/jarallax/jarallax.js.map' [] []
[2026-07-24T05:59:45.239284+00:00] main.ERROR: Unable to resolve the source file for 'frontend/Magento/blank/en_US/vimeo/player.js.map' [] []
[2026-07-24T05:59:45.239284+00:00] main.ERROR: Unable to resolve the source file for 'frontend/Magento/blank/en_US/Magento_PageBuilder/js/resource/jarallax/jarallax-video.js.map' [] []
[2026-07-24T05:59:45.239394+00:00] main.CRITICAL: Unable to resolve the source file for 'frontend/Magento/blank/en_US/vimeo/player.js.map' [] []
[2026-07-24T05:59:45.239427+00:00] main.CRITICAL: Unable to resolve the source file for 'frontend/Magento/blank/en_US/Magento_PageBuilder/js/resource/jarallax/jarallax-video.js.map' [] []
[2026-07-24T06:00:38.966612+00:00] main.ERROR: Unable to resolve the source file for 'frontend/Magento/blank/en_US/underscore-umd.js.map' [] []
[2026-07-24T06:00:38.966796+00:00] main.CRITICAL: Unable to resolve the source file for 'frontend/Magento/blank/en_US/underscore-umd.js.map' [] []
[2026-07-24T06:00:39.239838+00:00] main.ERROR: Unable to resolve the source file for 'frontend/Magento/blank/en_US/Magento_PageBuilder/js/resource/jarallax/jarallax.js.map' [] []
[2026-07-24T06:00:39.239961+00:00] main.CRITICAL: Unable to resolve the source file for 'frontend/Magento/blank/en_US/Magento_PageBuilder/js/resource/jarallax/jarallax.js.map' [] []
[2026-07-24T06:00:39.271802+00:00] main.ERROR: Unable to resolve the source file for 'frontend/Magento/blank/en_US/vimeo/player.js.map' [] []
[2026-07-24T06:00:39.271907+00:00] main.CRITICAL: Unable to resolve the source file for 'frontend/Magento/blank/en_US/vimeo/player.js.map' [] []
[2026-07-24T06:00:39.277239+00:00] main.ERROR: Unable to resolve the source file for 'frontend/Magento/blank/en_US/Magento_PageBuilder/js/resource/jarallax/jarallax-video.js.map' [] []
[2026-07-24T06:00:39.277381+00:00] main.CRITICAL: Unable to resolve the source file for 'frontend/Magento/blank/en_US/Magento_PageBuilder/js/resource/jarallax/jarallax-video.js.map' [] []
[2026-07-24T06:03:51.230242+00:00] main.ERROR: Braintree\Configuration::merchantId needs to be set (or accessToken needs to be passed to Braintree\Gateway). [] []
[2026-07-24T06:04:03.234043+00:00] main.ERROR: Braintree\Configuration::merchantId needs to be set (or accessToken needs to be passed to Braintree\Gateway). [] []
[2026-07-27T02:01:49.918359+00:00] main.ERROR: Braintree\Configuration::merchantId needs to be set (or accessToken needs to be passed to Braintree\Gateway). [] []
[2026-07-27T02:27:04.609849+00:00] main.ERROR: Deprecated Functionality: Using null as an array offset is deprecated, use an empty string instead in /var/www/html/vendor/magento/framework/App/Config/ScopeCodeResolver.php on line 62 [] []
[2026-07-27T02:29:26.066157+00:00] main.ERROR: Unable to resolve the source file for 'adminhtml/Magento/backend/en_US/jquery/fileUploader/jquery.fileupload-ui.js' [] []
[2026-07-27T02:29:26.066304+00:00] main.CRITICAL: Unable to resolve the source file for 'adminhtml/Magento/backend/en_US/jquery/fileUploader/jquery.fileupload-ui.js' [] []
[2026-07-27T02:29:31.905360+00:00] main.ERROR: Unable to resolve the source file for 'adminhtml/Magento/backend/en_US/jquery/fileUploader/jquery.fileupload-ui.js' [] []
[2026-07-27T02:29:31.905482+00:00] main.CRITICAL: Unable to resolve the source file for 'adminhtml/Magento/backend/en_US/jquery/fileUploader/jquery.fileupload-ui.js' [] []
[2026-07-27T02:29:52.603160+00:00] main.ERROR: Unable to resolve the source file for 'adminhtml/Magento/backend/en_US/jquery/fileUploader/jquery.fileupload-ui.js' [] []
[2026-07-27T02:29:52.603307+00:00] main.CRITICAL: Unable to resolve the source file for 'adminhtml/Magento/backend/en_US/jquery/fileUploader/jquery.fileupload-ui.js' [] []
[2026-07-27T02:29:55.150999+00:00] main.ERROR: Unable to resolve the source file for 'adminhtml/Magento/backend/en_US/jquery/fileUploader/jquery.fileupload-ui.js' [] []
[2026-07-27T02:29:55.151190+00:00] main.CRITICAL: Unable to resolve the source file for 'adminhtml/Magento/backend/en_US/jquery/fileUploader/jquery.fileupload-ui.js' [] []
[2026-07-27T02:46:48.805896+00:00] main.ERROR: Deprecated Functionality: Using null as an array offset is deprecated, use an empty string instead in /var/www/html/vendor/magento/framework/App/Config/ScopeCodeResolver.php on line 62 [] []
[2026-07-27T02:46:54.475661+00:00] main.ERROR: Deprecated Functionality: Using null as an array offset is deprecated, use an empty string instead in /var/www/html/vendor/magento/framework/App/Config/ScopeCodeResolver.php on line 62 [] []
[2026-07-27T02:46:54.941863+00:00] main.ERROR: Deprecated Functionality: Using null as an array offset is deprecated, use an empty string instead in /var/www/html/vendor/magento/framework/App/Config/ScopeCodeResolver.php on line 62 [] []
[2026-07-27T02:46:55.512155+00:00] main.ERROR: Deprecated Functionality: Using null as an array offset is deprecated, use an empty string instead in /var/www/html/vendor/magento/framework/App/Config/ScopeCodeResolver.php on line 62 [] []
[2026-07-27T02:58:44.357372+00:00] main.ERROR: Unable to resolve the source file for 'frontend/Magento/blank/en_US/underscore-umd.js.map' [] []
[2026-07-27T02:58:44.357650+00:00] main.CRITICAL: Unable to resolve the source file for 'frontend/Magento/blank/en_US/underscore-umd.js.map' [] []
[2026-07-27T02:58:44.358814+00:00] main.ERROR: Unable to resolve the source file for 'frontend/Magento/blank/en_US/Magento_PageBuilder/js/resource/jarallax/jarallax-video.js.map' [] []
[2026-07-27T02:58:44.358908+00:00] main.CRITICAL: Unable to resolve the source file for 'frontend/Magento/blank/en_US/Magento_PageBuilder/js/resource/jarallax/jarallax-video.js.map' [] []
[2026-07-27T02:58:44.358816+00:00] main.ERROR: Unable to resolve the source file for 'frontend/Magento/blank/en_US/Magento_PageBuilder/js/resource/jarallax/jarallax.js.map' [] []
[2026-07-27T02:58:44.359097+00:00] main.CRITICAL: Unable to resolve the source file for 'frontend/Magento/blank/en_US/Magento_PageBuilder/js/resource/jarallax/jarallax.js.map' [] []
[2026-07-27T02:58:44.362811+00:00] main.ERROR: Unable to resolve the source file for 'frontend/Magento/blank/en_US/vimeo/player.js.map' [] []
[2026-07-27T02:58:44.362976+00:00] main.CRITICAL: Unable to resolve the source file for 'frontend/Magento/blank/en_US/vimeo/player.js.map' [] []
[2026-07-27T02:59:24.933134+00:00] main.ERROR: Unable to resolve the source file for 'frontend/RevolutionParts/mopar/en_US/underscore-umd.js.map' [] []
[2026-07-27T02:59:24.933231+00:00] main.CRITICAL: Unable to resolve the source file for 'frontend/RevolutionParts/mopar/en_US/underscore-umd.js.map' [] []
[2026-07-27T02:59:25.897444+00:00] main.ERROR: Unable to resolve the source file for 'frontend/RevolutionParts/mopar/en_US/Magento_PageBuilder/js/resource/jarallax/jarallax.js.map' [] []
[2026-07-27T02:59:25.897589+00:00] main.CRITICAL: Unable to resolve the source file for 'frontend/RevolutionParts/mopar/en_US/Magento_PageBuilder/js/resource/jarallax/jarallax.js.map' [] []
[2026-07-27T02:59:25.984665+00:00] main.ERROR: Unable to resolve the source file for 'frontend/RevolutionParts/mopar/en_US/vimeo/player.js.map' [] []
[2026-07-27T02:59:25.984786+00:00] main.CRITICAL: Unable to resolve the source file for 'frontend/RevolutionParts/mopar/en_US/vimeo/player.js.map' [] []
[2026-07-27T02:59:26.025785+00:00] main.ERROR: Unable to resolve the source file for 'frontend/RevolutionParts/mopar/en_US/Magento_PageBuilder/js/resource/jarallax/jarallax-video.js.map' [] []
[2026-07-27T02:59:26.025904+00:00] main.CRITICAL: Unable to resolve the source file for 'frontend/RevolutionParts/mopar/en_US/Magento_PageBuilder/js/resource/jarallax/jarallax-video.js.map' [] []
[2026-07-27T02:59:36.699141+00:00] main.ERROR: Unable to resolve the source file for 'adminhtml/Magento/backend/en_US/jquery/fileUploader/jquery.fileupload-ui.js' [] []
[2026-07-27T02:59:36.699280+00:00] main.CRITICAL: Unable to resolve the source file for 'adminhtml/Magento/backend/en_US/jquery/fileUploader/jquery.fileupload-ui.js' [] []
[2026-07-27T03:00:20.291667+00:00] main.ERROR: Unable to resolve the source file for 'frontend/RevolutionParts/mopar/en_US/underscore-umd.js.map' [] []
[2026-07-27T03:00:20.291829+00:00] main.CRITICAL: Unable to resolve the source file for 'frontend/RevolutionParts/mopar/en_US/underscore-umd.js.map' [] []
[2026-07-27T03:00:20.537694+00:00] main.ERROR: Unable to resolve the source file for 'frontend/RevolutionParts/mopar/en_US/Magento_PageBuilder/js/resource/jarallax/jarallax.js.map' [] []
[2026-07-27T03:00:20.537807+00:00] main.CRITICAL: Unable to resolve the source file for 'frontend/RevolutionParts/mopar/en_US/Magento_PageBuilder/js/resource/jarallax/jarallax.js.map' [] []
[2026-07-27T03:00:20.565382+00:00] main.ERROR: Unable to resolve the source file for 'frontend/RevolutionParts/mopar/en_US/Magento_PageBuilder/js/resource/jarallax/jarallax-video.js.map' [] []
[2026-07-27T03:00:20.565429+00:00] main.ERROR: Unable to resolve the source file for 'frontend/RevolutionParts/mopar/en_US/vimeo/player.js.map' [] []
[2026-07-27T03:00:20.565520+00:00] main.CRITICAL: Unable to resolve the source file for 'frontend/RevolutionParts/mopar/en_US/Magento_PageBuilder/js/resource/jarallax/jarallax-video.js.map' [] []
[2026-07-27T03:00:20.565658+00:00] main.CRITICAL: Unable to resolve the source file for 'frontend/RevolutionParts/mopar/en_US/vimeo/player.js.map' [] []
[2026-07-27T03:05:35.610451+00:00] main.ERROR: Unable to resolve the source file for 'frontend/RevolutionParts/mopar/en_US/underscore-umd.js.map' [] []
[2026-07-27T03:05:35.610581+00:00] main.CRITICAL: Unable to resolve the source file for 'frontend/RevolutionParts/mopar/en_US/underscore-umd.js.map' [] []
[2026-07-27T03:05:35.821642+00:00] main.ERROR: Unable to resolve the source file for 'frontend/RevolutionParts/mopar/en_US/Magento_PageBuilder/js/resource/jarallax/jarallax.js.map' [] []
[2026-07-27T03:05:35.822032+00:00] main.CRITICAL: Unable to resolve the source file for 'frontend/RevolutionParts/mopar/en_US/Magento_PageBuilder/js/resource/jarallax/jarallax.js.map' [] []
[2026-07-27T03:05:35.889575+00:00] main.ERROR: Unable to resolve the source file for 'frontend/RevolutionParts/mopar/en_US/vimeo/player.js.map' [] []
[2026-07-27T03:05:35.889690+00:00] main.CRITICAL: Unable to resolve the source file for 'frontend/RevolutionParts/mopar/en_US/vimeo/player.js.map' [] []
[2026-07-27T03:05:35.905434+00:00] main.ERROR: Unable to resolve the source file for 'frontend/RevolutionParts/mopar/en_US/Magento_PageBuilder/js/resource/jarallax/jarallax-video.js.map' [] []
[2026-07-27T03:05:35.905554+00:00] main.CRITICAL: Unable to resolve the source file for 'frontend/RevolutionParts/mopar/en_US/Magento_PageBuilder/js/resource/jarallax/jarallax-video.js.map' [] []
[2026-07-27T03:06:06.965260+00:00] main.ERROR: Deprecated Functionality: Using null as an array offset is deprecated, use an empty string instead in /var/www/html/vendor/magento/framework/App/Config/ScopeCodeResolver.php on line 62 [] []
[2026-07-27T03:06:19.469844+00:00] main.ERROR: Unable to resolve the source file for 'adminhtml/Magento/backend/en_US/jquery/fileUploader/jquery.fileupload-ui.js' [] []
[2026-07-27T03:06:19.469959+00:00] main.CRITICAL: Unable to resolve the source file for 'adminhtml/Magento/backend/en_US/jquery/fileUploader/jquery.fileupload-ui.js' [] []
[2026-07-27T03:06:25.961673+00:00] main.ERROR: Unable to resolve the source file for 'adminhtml/Magento/backend/en_US/jquery/fileUploader/jquery.fileupload-ui.js' [] []
[2026-07-27T03:06:25.961803+00:00] main.CRITICAL: Unable to resolve the source file for 'adminhtml/Magento/backend/en_US/jquery/fileUploader/jquery.fileupload-ui.js' [] []
[2026-07-27T03:06:51.925075+00:00] main.ERROR: Unable to resolve the source file for 'frontend/RevolutionParts/mopar/en_US/underscore-umd.js.map' [] []
[2026-07-27T03:06:51.925251+00:00] main.CRITICAL: Unable to resolve the source file for 'frontend/RevolutionParts/mopar/en_US/underscore-umd.js.map' [] []
[2026-07-27T03:06:52.133430+00:00] main.ERROR: Unable to resolve the source file for 'frontend/RevolutionParts/mopar/en_US/Magento_PageBuilder/js/resource/jarallax/jarallax.js.map' [] []
[2026-07-27T03:06:52.133546+00:00] main.CRITICAL: Unable to resolve the source file for 'frontend/RevolutionParts/mopar/en_US/Magento_PageBuilder/js/resource/jarallax/jarallax.js.map' [] []
[2026-07-27T03:06:52.214186+00:00] main.ERROR: Unable to resolve the source file for 'frontend/RevolutionParts/mopar/en_US/vimeo/player.js.map' [] []
[2026-07-27T03:06:52.214306+00:00] main.CRITICAL: Unable to resolve the source file for 'frontend/RevolutionParts/mopar/en_US/vimeo/player.js.map' [] []
[2026-07-27T03:06:52.220477+00:00] main.ERROR: Unable to resolve the source file for 'frontend/RevolutionParts/mopar/en_US/Magento_PageBuilder/js/resource/jarallax/jarallax-video.js.map' [] []
[2026-07-27T03:06:52.220584+00:00] main.CRITICAL: Unable to resolve the source file for 'frontend/RevolutionParts/mopar/en_US/Magento_PageBuilder/js/resource/jarallax/jarallax-video.js.map' [] []
[2026-07-27T03:08:52.710419+00:00] main.ERROR: Unable to resolve the source file for 'frontend/RevolutionParts/mopar/en_US/underscore-umd.js.map' [] []
[2026-07-27T03:08:52.710643+00:00] main.CRITICAL: Unable to resolve the source file for 'frontend/RevolutionParts/mopar/en_US/underscore-umd.js.map' [] []
[2026-07-27T03:08:52.907381+00:00] main.ERROR: Unable to resolve the source file for 'frontend/RevolutionParts/mopar/en_US/Magento_PageBuilder/js/resource/jarallax/jarallax.js.map' [] []
[2026-07-27T03:08:52.907561+00:00] main.CRITICAL: Unable to resolve the source file for 'frontend/RevolutionParts/mopar/en_US/Magento_PageBuilder/js/resource/jarallax/jarallax.js.map' [] []
[2026-07-27T03:08:52.988689+00:00] main.ERROR: Unable to resolve the source file for 'frontend/RevolutionParts/mopar/en_US/vimeo/player.js.map' [] []
[2026-07-27T03:08:52.988832+00:00] main.CRITICAL: Unable to resolve the source file for 'frontend/RevolutionParts/mopar/en_US/vimeo/player.js.map' [] []
[2026-07-27T03:08:53.001040+00:00] main.ERROR: Unable to resolve the source file for 'frontend/RevolutionParts/mopar/en_US/Magento_PageBuilder/js/resource/jarallax/jarallax-video.js.map' [] []
[2026-07-27T03:08:53.001252+00:00] main.CRITICAL: Unable to resolve the source file for 'frontend/RevolutionParts/mopar/en_US/Magento_PageBuilder/js/resource/jarallax/jarallax-video.js.map' [] []
[2026-07-27T03:14:00.635991+00:00] main.ERROR: Unable to resolve the source file for 'frontend/RevolutionParts/mopar/en_US/underscore-umd.js.map' [] []
[2026-07-27T03:14:00.636133+00:00] main.CRITICAL: Unable to resolve the source file for 'frontend/RevolutionParts/mopar/en_US/underscore-umd.js.map' [] []
[2026-07-27T03:14:00.827581+00:00] main.ERROR: Unable to resolve the source file for 'frontend/RevolutionParts/mopar/en_US/Magento_PageBuilder/js/resource/jarallax/jarallax.js.map' [] []
[2026-07-27T03:14:00.827692+00:00] main.CRITICAL: Unable to resolve the source file for 'frontend/RevolutionParts/mopar/en_US/Magento_PageBuilder/js/resource/jarallax/jarallax.js.map' [] []
[2026-07-27T03:14:00.903554+00:00] main.ERROR: Unable to resolve the source file for 'frontend/RevolutionParts/mopar/en_US/vimeo/player.js.map' [] []
[2026-07-27T03:14:00.903660+00:00] main.CRITICAL: Unable to resolve the source file for 'frontend/RevolutionParts/mopar/en_US/vimeo/player.js.map' [] []
[2026-07-27T03:14:00.909505+00:00] main.ERROR: Unable to resolve the source file for 'frontend/RevolutionParts/mopar/en_US/Magento_PageBuilder/js/resource/jarallax/jarallax-video.js.map' [] []
[2026-07-27T03:14:00.909621+00:00] main.CRITICAL: Unable to resolve the source file for 'frontend/RevolutionParts/mopar/en_US/Magento_PageBuilder/js/resource/jarallax/jarallax-video.js.map' [] []
[2026-07-27T03:16:14.833849+00:00] main.ERROR: Unable to resolve the source file for 'frontend/RevolutionParts/mopar/en_US/underscore-umd.js.map' [] []
[2026-07-27T03:16:14.834053+00:00] main.CRITICAL: Unable to resolve the source file for 'frontend/RevolutionParts/mopar/en_US/underscore-umd.js.map' [] []
[2026-07-27T03:16:14.996734+00:00] main.ERROR: Unable to resolve the source file for 'frontend/RevolutionParts/mopar/en_US/Magento_PageBuilder/js/resource/jarallax/jarallax.js.map' [] []
[2026-07-27T03:16:14.996868+00:00] main.CRITICAL: Unable to resolve the source file for 'frontend/RevolutionParts/mopar/en_US/Magento_PageBuilder/js/resource/jarallax/jarallax.js.map' [] []
[2026-07-27T03:16:15.081712+00:00] main.ERROR: Unable to resolve the source file for 'frontend/RevolutionParts/mopar/en_US/vimeo/player.js.map' [] []
[2026-07-27T03:16:15.081866+00:00] main.CRITICAL: Unable to resolve the source file for 'frontend/RevolutionParts/mopar/en_US/vimeo/player.js.map' [] []
[2026-07-27T03:16:15.088447+00:00] main.ERROR: Unable to resolve the source file for 'frontend/RevolutionParts/mopar/en_US/Magento_PageBuilder/js/resource/jarallax/jarallax-video.js.map' [] []
[2026-07-27T03:16:15.088587+00:00] main.CRITICAL: Unable to resolve the source file for 'frontend/RevolutionParts/mopar/en_US/Magento_PageBuilder/js/resource/jarallax/jarallax-video.js.map' [] []
[2026-07-27T03:19:33.972118+00:00] main.ERROR: Unable to resolve the source file for 'frontend/RevolutionParts/mopar/en_US/requirejs-config.js' [] []
[2026-07-27T03:19:33.972303+00:00] main.CRITICAL: Unable to resolve the source file for 'frontend/RevolutionParts/mopar/en_US/requirejs-config.js' [] []
[2026-07-27T03:19:34.121272+00:00] main.ERROR: Warning: Uninitialized string offset 37 in /var/www/html/vendor/wikimedia/less.php/lib/Less/Parser.php on line 2589 [] []
[2026-07-27T03:19:34.121388+00:00] main.CRITICAL: Warning: Uninitialized string offset 37 in /var/www/html/vendor/wikimedia/less.php/lib/Less/Parser.php on line 2589 [] []
[2026-07-27T03:19:34.256182+00:00] main.ERROR: The "/var/www/html/var/tmp/alternative-source-css.lock" file can't be deleted.  [] []
[2026-07-27T03:19:34.256326+00:00] main.CRITICAL: The "/var/www/html/var/tmp/alternative-source-css.lock" file can't be deleted.  [] []
[2026-07-27T03:19:41.349053+00:00] main.ERROR: Unable to resolve the source file for 'frontend/RevolutionParts/mopar/en_US/requirejs-config.js' [] []
[2026-07-27T03:19:41.349179+00:00] main.CRITICAL: Unable to resolve the source file for 'frontend/RevolutionParts/mopar/en_US/requirejs-config.js' [] []
[2026-07-27T03:19:41.494260+00:00] main.ERROR: Warning: Uninitialized string offset 37 in /var/www/html/vendor/wikimedia/less.php/lib/Less/Parser.php on line 2589 [] []
[2026-07-27T03:19:41.494412+00:00] main.CRITICAL: Warning: Uninitialized string offset 37 in /var/www/html/vendor/wikimedia/less.php/lib/Less/Parser.php on line 2589 [] []
[2026-07-27T03:19:41.499985+00:00] main.ERROR: Warning: Uninitialized string offset 37 in /var/www/html/vendor/wikimedia/less.php/lib/Less/Parser.php on line 2589 [] []
[2026-07-27T03:19:41.500116+00:00] main.CRITICAL: Warning: Uninitialized string offset 37 in /var/www/html/vendor/wikimedia/less.php/lib/Less/Parser.php on line 2589 [] []
[2026-07-27T03:20:22.219585+00:00] main.ERROR: Unable to resolve the source file for 'frontend/RevolutionParts/mopar/en_US/requirejs-config.js' [] []
[2026-07-27T03:20:22.219791+00:00] main.CRITICAL: Unable to resolve the source file for 'frontend/RevolutionParts/mopar/en_US/requirejs-config.js' [] []
[2026-07-27T03:20:22.356599+00:00] main.ERROR: Warning: Uninitialized string offset 37 in /var/www/html/vendor/wikimedia/less.php/lib/Less/Parser.php on line 2589 [] []
[2026-07-27T03:20:22.356719+00:00] main.CRITICAL: Warning: Uninitialized string offset 37 in /var/www/html/vendor/wikimedia/less.php/lib/Less/Parser.php on line 2589 [] []
[2026-07-27T03:20:22.360494+00:00] main.ERROR: Warning: Uninitialized string offset 37 in /var/www/html/vendor/wikimedia/less.php/lib/Less/Parser.php on line 2589 [] []
[2026-07-27T03:20:22.360610+00:00] main.CRITICAL: Warning: Uninitialized string offset 37 in /var/www/html/vendor/wikimedia/less.php/lib/Less/Parser.php on line 2589 [] []
[2026-07-27T03:20:52.250784+00:00] main.ERROR: frontend/RevolutionParts/mopar/en_US argument has invalid value, please run info:language:list for list of available locales
#0 /var/www/html/vendor/magento/module-deploy/Console/InputValidator.php(98): Magento\Deploy\Console\InputValidator->checkLanguagesInput()
#1 /var/www/html/setup/src/Magento/Setup/Console/Command/DeployStaticContentCommand.php(114): Magento\Deploy\Console\InputValidator->validate()
#2 /var/www/html/vendor/symfony/console/Command/Command.php(341): Magento\Setup\Console\Command\DeployStaticContentCommand->execute()
#3 /var/www/html/vendor/symfony/console/Application.php(1094): Symfony\Component\Console\Command\Command->run()
#4 /var/www/html/vendor/symfony/console/Application.php(356): Symfony\Component\Console\Application->doRunCommand()
#5 /var/www/html/vendor/magento/framework/Console/Cli.php(137): Symfony\Component\Console\Application->doRun()
#6 /var/www/html/vendor/symfony/console/Application.php(195): Magento\Framework\Console\Cli->doRun()
#7 /var/www/html/bin/magento(23): Symfony\Component\Console\Application->run()
#8 {main} [] []
[2026-07-27T03:20:56.854467+00:00] main.ERROR: frontend/RevolutionParts/mopar/en_US argument has invalid value, please run info:language:list for list of available locales
#0 /var/www/html/vendor/magento/module-deploy/Console/InputValidator.php(98): Magento\Deploy\Console\InputValidator->checkLanguagesInput()
#1 /var/www/html/setup/src/Magento/Setup/Console/Command/DeployStaticContentCommand.php(114): Magento\Deploy\Console\InputValidator->validate()
#2 /var/www/html/vendor/symfony/console/Command/Command.php(341): Magento\Setup\Console\Command\DeployStaticContentCommand->execute()
#3 /var/www/html/vendor/symfony/console/Application.php(1094): Symfony\Component\Console\Command\Command->run()
#4 /var/www/html/vendor/symfony/console/Application.php(356): Symfony\Component\Console\Application->doRunCommand()
#5 /var/www/html/vendor/magento/framework/Console/Cli.php(137): Symfony\Component\Console\Application->doRun()
#6 /var/www/html/vendor/symfony/console/Application.php(195): Magento\Framework\Console\Cli->doRun()
#7 /var/www/html/bin/magento(23): Symfony\Component\Console\Application->run()
#8 {main} [] []
[2026-07-27T03:21:05.707651+00:00] main.ERROR: Unable to resolve the source file for 'frontend/RevolutionParts/mopar/en_US/requirejs-config.js' [] []
[2026-07-27T03:21:05.707817+00:00] main.CRITICAL: Unable to resolve the source file for 'frontend/RevolutionParts/mopar/en_US/requirejs-config.js' [] []
[2026-07-27T03:21:05.835954+00:00] main.ERROR: Warning: Uninitialized string offset 37 in /var/www/html/vendor/wikimedia/less.php/lib/Less/Parser.php on line 2589 [] []
[2026-07-27T03:21:05.836101+00:00] main.CRITICAL: Warning: Uninitialized string offset 37 in /var/www/html/vendor/wikimedia/less.php/lib/Less/Parser.php on line 2589 [] []
[2026-07-27T03:21:05.977674+00:00] main.ERROR: Warning: Uninitialized string offset 37 in /var/www/html/vendor/wikimedia/less.php/lib/Less/Parser.php on line 2589 [] []
[2026-07-27T03:21:05.977836+00:00] main.CRITICAL: Warning: Uninitialized string offset 37 in /var/www/html/vendor/wikimedia/less.php/lib/Less/Parser.php on line 2589 [] []
[2026-07-27T03:21:22.912437+00:00] main.ERROR: Unable to resolve the source file for 'frontend/RevolutionParts/mopar/en_US/requirejs-config.js' [] []
[2026-07-27T03:21:22.912603+00:00] main.CRITICAL: Unable to resolve the source file for 'frontend/RevolutionParts/mopar/en_US/requirejs-config.js' [] []
[2026-07-27T03:21:23.070196+00:00] main.ERROR: Warning: Uninitialized string offset 37 in /var/www/html/vendor/wikimedia/less.php/lib/Less/Parser.php on line 2589 [] []
[2026-07-27T03:21:23.070185+00:00] main.ERROR: Warning: Uninitialized string offset 37 in /var/www/html/vendor/wikimedia/less.php/lib/Less/Parser.php on line 2589 [] []
[2026-07-27T03:21:23.070311+00:00] main.CRITICAL: Warning: Uninitialized string offset 37 in /var/www/html/vendor/wikimedia/less.php/lib/Less/Parser.php on line 2589 [] []
[2026-07-27T03:21:23.070314+00:00] main.CRITICAL: Warning: Uninitialized string offset 37 in /var/www/html/vendor/wikimedia/less.php/lib/Less/Parser.php on line 2589 [] []
[2026-07-27T03:21:26.039759+00:00] main.INFO: Broken reference: the 'notification.messages' tries to reorder itself towards 'user', but their parents are different: 'header.inner.right' and 'header' respectively. [] []
[2026-07-27T03:21:32.425904+00:00] main.INFO: Broken reference: the 'notification.messages' tries to reorder itself towards 'user', but their parents are different: 'header.inner.right' and 'header' respectively. [] []
[2026-07-27T03:21:34.878797+00:00] main.ERROR: Unable to resolve the source file for 'frontend/RevolutionParts/mopar/en_US/requirejs-config.js' [] []
[2026-07-27T03:21:34.878900+00:00] main.CRITICAL: Unable to resolve the source file for 'frontend/RevolutionParts/mopar/en_US/requirejs-config.js' [] []
[2026-07-27T03:21:35.011043+00:00] main.ERROR: Warning: Uninitialized string offset 37 in /var/www/html/vendor/wikimedia/less.php/lib/Less/Parser.php on line 2589 [] []
[2026-07-27T03:21:35.011056+00:00] main.ERROR: Warning: Uninitialized string offset 37 in /var/www/html/vendor/wikimedia/less.php/lib/Less/Parser.php on line 2589 [] []
[2026-07-27T03:21:35.011163+00:00] main.CRITICAL: Warning: Uninitialized string offset 37 in /var/www/html/vendor/wikimedia/less.php/lib/Less/Parser.php on line 2589 [] []
[2026-07-27T03:21:35.011169+00:00] main.CRITICAL: Warning: Uninitialized string offset 37 in /var/www/html/vendor/wikimedia/less.php/lib/Less/Parser.php on line 2589 [] []
[2026-07-27T03:21:48.724527+00:00] main.INFO: Broken reference: the 'notification.messages' tries to reorder itself towards 'user', but their parents are different: 'header.inner.right' and 'header' respectively. [] []
[2026-07-27T03:21:51.144411+00:00] main.INFO: Broken reference: the 'notification.messages' tries to reorder itself towards 'user', but their parents are different: 'header.inner.right' and 'header' respectively. [] []
[2026-07-27T03:21:52.822450+00:00] main.ERROR: Unable to resolve the source file for 'frontend/RevolutionParts/mopar/en_US/requirejs-config.js' [] []
[2026-07-27T03:21:52.822619+00:00] main.CRITICAL: Unable to resolve the source file for 'frontend/RevolutionParts/mopar/en_US/requirejs-config.js' [] []
[2026-07-27T03:21:52.960754+00:00] main.ERROR: Warning: Uninitialized string offset 37 in /var/www/html/vendor/wikimedia/less.php/lib/Less/Parser.php on line 2589 [] []
[2026-07-27T03:21:52.960896+00:00] main.CRITICAL: Warning: Uninitialized string offset 37 in /var/www/html/vendor/wikimedia/less.php/lib/Less/Parser.php on line 2589 [] []
[2026-07-27T03:21:53.097037+00:00] main.ERROR: Warning: Uninitialized string offset 37 in /var/www/html/vendor/wikimedia/less.php/lib/Less/Parser.php on line 2589 [] []
[2026-07-27T03:21:53.097167+00:00] main.CRITICAL: Warning: Uninitialized string offset 37 in /var/www/html/vendor/wikimedia/less.php/lib/Less/Parser.php on line 2589 [] []
[2026-07-27T03:21:56.244448+00:00] main.INFO: Broken reference: the 'notification.messages' tries to reorder itself towards 'user', but their parents are different: 'header.inner.right' and 'header' respectively. [] []
[2026-07-27T03:22:00.772703+00:00] main.INFO: Broken reference: the 'notification.messages' tries to reorder itself towards 'user', but their parents are different: 'header.inner.right' and 'header' respectively. [] []
[2026-07-27T03:22:03.991821+00:00] main.ERROR: Unable to resolve the source file for 'frontend/RevolutionParts/mopar/en_US/requirejs-config.js' [] []
[2026-07-27T03:22:03.991937+00:00] main.CRITICAL: Unable to resolve the source file for 'frontend/RevolutionParts/mopar/en_US/requirejs-config.js' [] []
[2026-07-27T03:22:04.124136+00:00] main.ERROR: Warning: Uninitialized string offset 37 in /var/www/html/vendor/wikimedia/less.php/lib/Less/Parser.php on line 2589 [] []
[2026-07-27T03:22:04.124260+00:00] main.CRITICAL: Warning: Uninitialized string offset 37 in /var/www/html/vendor/wikimedia/less.php/lib/Less/Parser.php on line 2589 [] []
[2026-07-27T03:22:04.124849+00:00] main.ERROR: Warning: Uninitialized string offset 37 in /var/www/html/vendor/wikimedia/less.php/lib/Less/Parser.php on line 2589 [] []
[2026-07-27T03:22:04.124942+00:00] main.CRITICAL: Warning: Uninitialized string offset 37 in /var/www/html/vendor/wikimedia/less.php/lib/Less/Parser.php on line 2589 [] []
[2026-07-27T03:22:39.948969+00:00] main.ERROR: Unable to resolve the source file for 'frontend/RevolutionParts/mopar/en_US/requirejs-config.js' [] []
[2026-07-27T03:22:39.949091+00:00] main.CRITICAL: Unable to resolve the source file for 'frontend/RevolutionParts/mopar/en_US/requirejs-config.js' [] []
[2026-07-27T03:22:40.025996+00:00] main.ERROR: Warning: Uninitialized string offset 37 in /var/www/html/vendor/wikimedia/less.php/lib/Less/Parser.php on line 2589 [] []
[2026-07-27T03:22:40.026113+00:00] main.CRITICAL: Warning: Uninitialized string offset 37 in /var/www/html/vendor/wikimedia/less.php/lib/Less/Parser.php on line 2589 [] []
[2026-07-27T03:22:40.026565+00:00] main.ERROR: Warning: Uninitialized string offset 37 in /var/www/html/vendor/wikimedia/less.php/lib/Less/Parser.php on line 2589 [] []
[2026-07-27T03:22:40.026682+00:00] main.CRITICAL: Warning: Uninitialized string offset 37 in /var/www/html/vendor/wikimedia/less.php/lib/Less/Parser.php on line 2589 [] []
[2026-07-27T03:22:51.553537+00:00] main.ERROR: Unable to resolve the source file for 'frontend/RevolutionParts/mopar/en_US/requirejs-config.js' [] []
[2026-07-27T03:22:51.553680+00:00] main.CRITICAL: Unable to resolve the source file for 'frontend/RevolutionParts/mopar/en_US/requirejs-config.js' [] []
[2026-07-27T03:22:51.684010+00:00] main.ERROR: Warning: Uninitialized string offset 37 in /var/www/html/vendor/wikimedia/less.php/lib/Less/Parser.php on line 2589 [] []
[2026-07-27T03:22:51.684135+00:00] main.CRITICAL: Warning: Uninitialized string offset 37 in /var/www/html/vendor/wikimedia/less.php/lib/Less/Parser.php on line 2589 [] []
[2026-07-27T03:22:51.812116+00:00] main.ERROR: Warning: Uninitialized string offset 37 in /var/www/html/vendor/wikimedia/less.php/lib/Less/Parser.php on line 2589 [] []
[2026-07-27T03:22:51.812264+00:00] main.CRITICAL: Warning: Uninitialized string offset 37 in /var/www/html/vendor/wikimedia/less.php/lib/Less/Parser.php on line 2589 [] []
[2026-07-27T03:23:08.120592+00:00] main.ERROR: Unable to resolve the source file for 'frontend/RevolutionParts/mopar/en_US/requirejs-config.js' [] []
[2026-07-27T03:23:08.120726+00:00] main.CRITICAL: Unable to resolve the source file for 'frontend/RevolutionParts/mopar/en_US/requirejs-config.js' [] []
[2026-07-27T03:23:08.257497+00:00] main.ERROR: Warning: Uninitialized string offset 37 in /var/www/html/vendor/wikimedia/less.php/lib/Less/Parser.php on line 2589 [] []
[2026-07-27T03:23:08.257646+00:00] main.CRITICAL: Warning: Uninitialized string offset 37 in /var/www/html/vendor/wikimedia/less.php/lib/Less/Parser.php on line 2589 [] []
[2026-07-27T03:23:08.259612+00:00] main.ERROR: Warning: Uninitialized string offset 37 in /var/www/html/vendor/wikimedia/less.php/lib/Less/Parser.php on line 2589 [] []
[2026-07-27T03:23:08.259738+00:00] main.CRITICAL: Warning: Uninitialized string offset 37 in /var/www/html/vendor/wikimedia/less.php/lib/Less/Parser.php on line 2589 [] []
[2026-07-27T03:23:10.437860+00:00] main.ERROR: Unable to resolve the source file for 'frontend/RevolutionParts/mopar/en_US/requirejs-config.js' [] []
[2026-07-27T03:23:10.437982+00:00] main.CRITICAL: Unable to resolve the source file for 'frontend/RevolutionParts/mopar/en_US/requirejs-config.js' [] []
[2026-07-27T03:23:10.565978+00:00] main.ERROR: Warning: Uninitialized string offset 37 in /var/www/html/vendor/wikimedia/less.php/lib/Less/Parser.php on line 2589 [] []
[2026-07-27T03:23:10.566114+00:00] main.CRITICAL: Warning: Uninitialized string offset 37 in /var/www/html/vendor/wikimedia/less.php/lib/Less/Parser.php on line 2589 [] []
[2026-07-27T03:23:10.569532+00:00] main.ERROR: Warning: Uninitialized string offset 37 in /var/www/html/vendor/wikimedia/less.php/lib/Less/Parser.php on line 2589 [] []
[2026-07-27T03:23:10.569680+00:00] main.CRITICAL: Warning: Uninitialized string offset 37 in /var/www/html/vendor/wikimedia/less.php/lib/Less/Parser.php on line 2589 [] []
[2026-07-27T03:24:52.252091+00:00] main.ERROR: Unable to resolve the source file for 'frontend/RevolutionParts/mopar/en_US/requirejs-config.js' [] []
[2026-07-27T03:24:52.252229+00:00] main.CRITICAL: Unable to resolve the source file for 'frontend/RevolutionParts/mopar/en_US/requirejs-config.js' [] []
[2026-07-27T03:24:52.384851+00:00] main.ERROR: Warning: Uninitialized string offset 37 in /var/www/html/vendor/wikimedia/less.php/lib/Less/Parser.php on line 2589 [] []
[2026-07-27T03:24:52.384966+00:00] main.CRITICAL: Warning: Uninitialized string offset 37 in /var/www/html/vendor/wikimedia/less.php/lib/Less/Parser.php on line 2589 [] []
[2026-07-27T03:24:52.518204+00:00] main.ERROR: Warning: Uninitialized string offset 37 in /var/www/html/vendor/wikimedia/less.php/lib/Less/Parser.php on line 2589 [] []
[2026-07-27T03:24:52.518313+00:00] main.CRITICAL: Warning: Uninitialized string offset 37 in /var/www/html/vendor/wikimedia/less.php/lib/Less/Parser.php on line 2589 [] []
[2026-07-27T03:24:56.430964+00:00] main.INFO: Broken reference: the 'catalog.compare.sidebar' element cannot be added as child to 'sidebar.additional', because the latter doesn't exist [] []
[2026-07-27T03:24:56.431073+00:00] main.INFO: Broken reference: the 'sale.reorder.sidebar' element cannot be added as child to 'sidebar.additional', because the latter doesn't exist [] []
[2026-07-27T03:24:56.431159+00:00] main.INFO: Broken reference: the 'wishlist_sidebar' element cannot be added as child to 'sidebar.additional', because the latter doesn't exist [] []
[2026-07-27T03:24:56.664086+00:00] main.ERROR: Warning: Uninitialized string offset 37 in /var/www/html/vendor/wikimedia/less.php/lib/Less/Parser.php on line 2589 [] []
[2026-07-27T03:24:56.664229+00:00] main.CRITICAL: Warning: Uninitialized string offset 37 in /var/www/html/vendor/wikimedia/less.php/lib/Less/Parser.php on line 2589 [] []
[2026-07-27T03:24:56.793050+00:00] main.ERROR: Warning: Uninitialized string offset 37 in /var/www/html/vendor/wikimedia/less.php/lib/Less/Parser.php on line 2589 [] []
[2026-07-27T03:24:56.793178+00:00] main.CRITICAL: Warning: Uninitialized string offset 37 in /var/www/html/vendor/wikimedia/less.php/lib/Less/Parser.php on line 2589 [] []
[2026-07-27T03:24:57.980250+00:00] main.INFO: Broken reference: the 'catalog.compare.sidebar' element cannot be added as child to 'sidebar.additional', because the latter doesn't exist [] []
[2026-07-27T03:24:57.980359+00:00] main.INFO: Broken reference: the 'sale.reorder.sidebar' element cannot be added as child to 'sidebar.additional', because the latter doesn't exist [] []
[2026-07-27T03:24:57.980437+00:00] main.INFO: Broken reference: the 'wishlist_sidebar' element cannot be added as child to 'sidebar.additional', because the latter doesn't exist [] []
[2026-07-27T03:24:59.173936+00:00] main.ERROR: Warning: Uninitialized string offset 37 in /var/www/html/vendor/wikimedia/less.php/lib/Less/Parser.php on line 2589 [] []
[2026-07-27T03:24:59.173936+00:00] main.ERROR: Warning: Uninitialized string offset 37 in /var/www/html/vendor/wikimedia/less.php/lib/Less/Parser.php on line 2589 [] []
[2026-07-27T03:24:59.174081+00:00] main.CRITICAL: Warning: Uninitialized string offset 37 in /var/www/html/vendor/wikimedia/less.php/lib/Less/Parser.php on line 2589 [] []
[2026-07-27T03:24:59.174104+00:00] main.CRITICAL: Warning: Uninitialized string offset 37 in /var/www/html/vendor/wikimedia/less.php/lib/Less/Parser.php on line 2589 [] []
[2026-07-27T03:25:18.299690+00:00] main.ERROR: Warning: Uninitialized string offset 37 in /var/www/html/vendor/wikimedia/less.php/lib/Less/Parser.php on line 2589 [] []
[2026-07-27T03:25:18.299837+00:00] main.CRITICAL: Warning: Uninitialized string offset 37 in /var/www/html/vendor/wikimedia/less.php/lib/Less/Parser.php on line 2589 [] []
[2026-07-27T03:25:18.302697+00:00] main.ERROR: Warning: Uninitialized string offset 37 in /var/www/html/vendor/wikimedia/less.php/lib/Less/Parser.php on line 2589 [] []
[2026-07-27T03:25:18.302893+00:00] main.CRITICAL: Warning: Uninitialized string offset 37 in /var/www/html/vendor/wikimedia/less.php/lib/Less/Parser.php on line 2589 [] []
[2026-07-27T03:25:21.285998+00:00] main.INFO: Broken reference: the 'notification.messages' tries to reorder itself towards 'user', but their parents are different: 'header.inner.right' and 'header' respectively. [] []
[2026-07-27T03:25:25.172133+00:00] main.INFO: Broken reference: the 'notification.messages' tries to reorder itself towards 'user', but their parents are different: 'header.inner.right' and 'header' respectively. [] []
[2026-07-27T03:25:27.129893+00:00] main.INFO: Broken reference: the 'notification.messages' tries to reorder itself towards 'user', but their parents are different: 'header.inner.right' and 'header' respectively. [] []
[2026-07-27T03:25:27.221956+00:00] main.ERROR: Unable to resolve the source file for 'adminhtml/Magento/backend/en_US/jquery/fileUploader/jquery.fileupload-ui.js' [] []
[2026-07-27T03:25:27.222081+00:00] main.CRITICAL: Unable to resolve the source file for 'adminhtml/Magento/backend/en_US/jquery/fileUploader/jquery.fileupload-ui.js' [] []
[2026-07-27T03:25:29.612884+00:00] main.INFO: Broken reference: the 'notification.messages' tries to reorder itself towards 'user', but their parents are different: 'header.inner.right' and 'header' respectively. [] []
[2026-07-27T03:25:31.706914+00:00] main.INFO: Broken reference: the 'notification.messages' tries to reorder itself towards 'user', but their parents are different: 'header.inner.right' and 'header' respectively. [] []
[2026-07-27T03:25:34.735974+00:00] main.INFO: Broken reference: the 'notification.messages' tries to reorder itself towards 'user', but their parents are different: 'header.inner.right' and 'header' respectively. [] []
[2026-07-27T03:25:37.233286+00:00] main.INFO: Broken reference: the 'notification.messages' tries to reorder itself towards 'user', but their parents are different: 'header.inner.right' and 'header' respectively. [] []
[2026-07-27T03:25:42.681022+00:00] main.INFO: Broken reference: the 'notification.messages' tries to reorder itself towards 'user', but their parents are different: 'header.inner.right' and 'header' respectively. [] []
[2026-07-27T03:25:44.320011+00:00] main.ERROR: Warning: Uninitialized string offset 37 in /var/www/html/vendor/wikimedia/less.php/lib/Less/Parser.php on line 2589 [] []
[2026-07-27T03:25:44.320140+00:00] main.CRITICAL: Warning: Uninitialized string offset 37 in /var/www/html/vendor/wikimedia/less.php/lib/Less/Parser.php on line 2589 [] []
[2026-07-27T03:25:44.320399+00:00] main.ERROR: Warning: Uninitialized string offset 37 in /var/www/html/vendor/wikimedia/less.php/lib/Less/Parser.php on line 2589 [] []
[2026-07-27T03:25:44.320519+00:00] main.CRITICAL: Warning: Uninitialized string offset 37 in /var/www/html/vendor/wikimedia/less.php/lib/Less/Parser.php on line 2589 [] []
[2026-07-27T03:25:45.892680+00:00] main.ERROR: Warning: Uninitialized string offset 37 in /var/www/html/vendor/wikimedia/less.php/lib/Less/Parser.php on line 2589 [] []
[2026-07-27T03:25:45.892808+00:00] main.CRITICAL: Warning: Uninitialized string offset 37 in /var/www/html/vendor/wikimedia/less.php/lib/Less/Parser.php on line 2589 [] []
[2026-07-27T03:25:46.026582+00:00] main.ERROR: Warning: Uninitialized string offset 37 in /var/www/html/vendor/wikimedia/less.php/lib/Less/Parser.php on line 2589 [] []
[2026-07-27T03:25:46.026719+00:00] main.CRITICAL: Warning: Uninitialized string offset 37 in /var/www/html/vendor/wikimedia/less.php/lib/Less/Parser.php on line 2589 [] []
[2026-07-27T03:27:09.865478+00:00] main.INFO: Broken reference: the 'notification.messages' tries to reorder itself towards 'user', but their parents are different: 'header.inner.right' and 'header' respectively. [] []
[2026-07-27T03:27:13.486056+00:00] main.ERROR: Unable to resolve the source file for 'frontend/RevolutionParts/mopar/en_US/requirejs-config.js' [] []
[2026-07-27T03:27:13.486277+00:00] main.CRITICAL: Unable to resolve the source file for 'frontend/RevolutionParts/mopar/en_US/requirejs-config.js' [] []
[2026-07-27T03:27:13.614281+00:00] main.ERROR: Warning: Uninitialized string offset 37 in /var/www/html/vendor/wikimedia/less.php/lib/Less/Parser.php on line 2589 [] []
[2026-07-27T03:27:13.614422+00:00] main.CRITICAL: Warning: Uninitialized string offset 37 in /var/www/html/vendor/wikimedia/less.php/lib/Less/Parser.php on line 2589 [] []
[2026-07-27T03:27:13.618159+00:00] main.ERROR: Warning: Uninitialized string offset 37 in /var/www/html/vendor/wikimedia/less.php/lib/Less/Parser.php on line 2589 [] []
[2026-07-27T03:27:13.618271+00:00] main.CRITICAL: Warning: Uninitialized string offset 37 in /var/www/html/vendor/wikimedia/less.php/lib/Less/Parser.php on line 2589 [] []
[2026-07-27T03:27:14.554881+00:00] main.ERROR: Unable to resolve the source file for 'frontend/RevolutionParts/mopar/en_US/requirejs-config.js' [] []
[2026-07-27T03:27:14.555028+00:00] main.CRITICAL: Unable to resolve the source file for 'frontend/RevolutionParts/mopar/en_US/requirejs-config.js' [] []
[2026-07-27T03:27:14.688355+00:00] main.ERROR: Warning: Uninitialized string offset 37 in /var/www/html/vendor/wikimedia/less.php/lib/Less/Parser.php on line 2589 [] []
[2026-07-27T03:27:14.688495+00:00] main.CRITICAL: Warning: Uninitialized string offset 37 in /var/www/html/vendor/wikimedia/less.php/lib/Less/Parser.php on line 2589 [] []
[2026-07-27T03:27:14.688469+00:00] main.ERROR: Warning: Uninitialized string offset 37 in /var/www/html/vendor/wikimedia/less.php/lib/Less/Parser.php on line 2589 [] []
[2026-07-27T03:27:14.688589+00:00] main.CRITICAL: Warning: Uninitialized string offset 37 in /var/www/html/vendor/wikimedia/less.php/lib/Less/Parser.php on line 2589 [] []
[2026-07-27T03:27:14.847941+00:00] main.ERROR: Unable to resolve the source file for 'frontend/RevolutionParts/mopar/en_US/requirejs-config.js' [] []
[2026-07-27T03:27:14.848040+00:00] main.CRITICAL: Unable to resolve the source file for 'frontend/RevolutionParts/mopar/en_US/requirejs-config.js' [] []
[2026-07-27T03:27:14.980535+00:00] main.ERROR: Warning: Uninitialized string offset 37 in /var/www/html/vendor/wikimedia/less.php/lib/Less/Parser.php on line 2589 [] []
[2026-07-27T03:27:14.980664+00:00] main.CRITICAL: Warning: Uninitialized string offset 37 in /var/www/html/vendor/wikimedia/less.php/lib/Less/Parser.php on line 2589 [] []
[2026-07-27T03:27:14.982022+00:00] main.ERROR: Warning: Uninitialized string offset 37 in /var/www/html/vendor/wikimedia/less.php/lib/Less/Parser.php on line 2589 [] []
[2026-07-27T03:27:14.982155+00:00] main.CRITICAL: Warning: Uninitialized string offset 37 in /var/www/html/vendor/wikimedia/less.php/lib/Less/Parser.php on line 2589 [] []
[2026-07-27T03:27:15.003231+00:00] main.ERROR: Unable to resolve the source file for 'frontend/RevolutionParts/mopar/en_US/requirejs-config.js' [] []
[2026-07-27T03:27:15.003323+00:00] main.CRITICAL: Unable to resolve the source file for 'frontend/RevolutionParts/mopar/en_US/requirejs-config.js' [] []
[2026-07-27T03:27:15.130599+00:00] main.ERROR: Warning: Uninitialized string offset 37 in /var/www/html/vendor/wikimedia/less.php/lib/Less/Parser.php on line 2589 [] []
[2026-07-27T03:27:15.130736+00:00] main.CRITICAL: Warning: Uninitialized string offset 37 in /var/www/html/vendor/wikimedia/less.php/lib/Less/Parser.php on line 2589 [] []
[2026-07-27T03:27:15.131236+00:00] main.ERROR: Warning: Uninitialized string offset 37 in /var/www/html/vendor/wikimedia/less.php/lib/Less/Parser.php on line 2589 [] []
[2026-07-27T03:27:15.131345+00:00] main.CRITICAL: Warning: Uninitialized string offset 37 in /var/www/html/vendor/wikimedia/less.php/lib/Less/Parser.php on line 2589 [] []
[2026-07-27T03:27:15.133870+00:00] main.ERROR: Unable to resolve the source file for 'frontend/RevolutionParts/mopar/en_US/requirejs-config.js' [] []
[2026-07-27T03:27:15.133978+00:00] main.CRITICAL: Unable to resolve the source file for 'frontend/RevolutionParts/mopar/en_US/requirejs-config.js' [] []
[2026-07-27T03:27:15.270397+00:00] main.ERROR: Warning: Uninitialized string offset 37 in /var/www/html/vendor/wikimedia/less.php/lib/Less/Parser.php on line 2589 [] []
[2026-07-27T03:27:15.270450+00:00] main.ERROR: Unable to resolve the source file for 'frontend/RevolutionParts/mopar/en_US/requirejs-config.js' [] []
[2026-07-27T03:27:15.270526+00:00] main.CRITICAL: Warning: Uninitialized string offset 37 in /var/www/html/vendor/wikimedia/less.php/lib/Less/Parser.php on line 2589 [] []
[2026-07-27T03:27:15.270553+00:00] main.CRITICAL: Unable to resolve the source file for 'frontend/RevolutionParts/mopar/en_US/requirejs-config.js' [] []
[2026-07-27T03:27:15.407066+00:00] main.ERROR: Warning: Uninitialized string offset 37 in /var/www/html/vendor/wikimedia/less.php/lib/Less/Parser.php on line 2589 [] []
[2026-07-27T03:27:15.407191+00:00] main.CRITICAL: Warning: Uninitialized string offset 37 in /var/www/html/vendor/wikimedia/less.php/lib/Less/Parser.php on line 2589 [] []
[2026-07-27T03:27:15.408672+00:00] main.ERROR: Warning: Uninitialized string offset 37 in /var/www/html/vendor/wikimedia/less.php/lib/Less/Parser.php on line 2589 [] []
[2026-07-27T03:27:15.408804+00:00] main.CRITICAL: Warning: Uninitialized string offset 37 in /var/www/html/vendor/wikimedia/less.php/lib/Less/Parser.php on line 2589 [] []
[2026-07-27T03:27:15.549169+00:00] main.ERROR: Warning: Uninitialized string offset 37 in /var/www/html/vendor/wikimedia/less.php/lib/Less/Parser.php on line 2589 [] []
[2026-07-27T03:27:15.549394+00:00] main.CRITICAL: Warning: Uninitialized string offset 37 in /var/www/html/vendor/wikimedia/less.php/lib/Less/Parser.php on line 2589 [] []
[2026-07-27T03:32:03.545433+00:00] main.ERROR: Unable to resolve the source file for 'frontend/RevolutionParts/mopar/en_US/requirejs-config.js' [] []
[2026-07-27T03:32:03.545566+00:00] main.CRITICAL: Unable to resolve the source file for 'frontend/RevolutionParts/mopar/en_US/requirejs-config.js' [] []
[2026-07-27T03:32:03.680545+00:00] main.ERROR: Warning: Uninitialized string offset 37 in /var/www/html/vendor/wikimedia/less.php/lib/Less/Parser.php on line 2589 [] []
[2026-07-27T03:32:03.680667+00:00] main.CRITICAL: Warning: Uninitialized string offset 37 in /var/www/html/vendor/wikimedia/less.php/lib/Less/Parser.php on line 2589 [] []
[2026-07-27T03:32:03.682033+00:00] main.ERROR: Warning: Uninitialized string offset 37 in /var/www/html/vendor/wikimedia/less.php/lib/Less/Parser.php on line 2589 [] []
[2026-07-27T03:32:03.682165+00:00] main.CRITICAL: Warning: Uninitialized string offset 37 in /var/www/html/vendor/wikimedia/less.php/lib/Less/Parser.php on line 2589 [] []
[2026-07-27T03:32:05.100264+00:00] main.ERROR: Unable to resolve the source file for 'frontend/RevolutionParts/mopar/en_US/requirejs-config.js' [] []
[2026-07-27T03:32:05.100376+00:00] main.CRITICAL: Unable to resolve the source file for 'frontend/RevolutionParts/mopar/en_US/requirejs-config.js' [] []
[2026-07-27T03:32:05.231056+00:00] main.ERROR: Warning: Uninitialized string offset 37 in /var/www/html/vendor/wikimedia/less.php/lib/Less/Parser.php on line 2589 [] []
[2026-07-27T03:32:05.231206+00:00] main.CRITICAL: Warning: Uninitialized string offset 37 in /var/www/html/vendor/wikimedia/less.php/lib/Less/Parser.php on line 2589 [] []
[2026-07-27T03:32:05.359966+00:00] main.ERROR: Warning: Uninitialized string offset 37 in /var/www/html/vendor/wikimedia/less.php/lib/Less/Parser.php on line 2589 [] []
[2026-07-27T03:32:05.360102+00:00] main.CRITICAL: Warning: Uninitialized string offset 37 in /var/www/html/vendor/wikimedia/less.php/lib/Less/Parser.php on line 2589 [] []
[2026-07-27T03:32:06.408952+00:00] main.ERROR: Unable to resolve the source file for 'frontend/RevolutionParts/mopar/en_US/requirejs-config.js' [] []
[2026-07-27T03:32:06.409065+00:00] main.CRITICAL: Unable to resolve the source file for 'frontend/RevolutionParts/mopar/en_US/requirejs-config.js' [] []
[2026-07-27T03:32:06.534122+00:00] main.ERROR: Warning: Uninitialized string offset 37 in /var/www/html/vendor/wikimedia/less.php/lib/Less/Parser.php on line 2589 [] []
[2026-07-27T03:32:06.534239+00:00] main.CRITICAL: Warning: Uninitialized string offset 37 in /var/www/html/vendor/wikimedia/less.php/lib/Less/Parser.php on line 2589 [] []
[2026-07-27T03:32:06.534777+00:00] main.ERROR: Warning: Uninitialized string offset 37 in /var/www/html/vendor/wikimedia/less.php/lib/Less/Parser.php on line 2589 [] []
[2026-07-27T03:32:06.534876+00:00] main.CRITICAL: Warning: Uninitialized string offset 37 in /var/www/html/vendor/wikimedia/less.php/lib/Less/Parser.php on line 2589 [] []
[2026-07-27T03:32:20.517387+00:00] main.ERROR: Unable to resolve the source file for 'frontend/RevolutionParts/mopar/en_US/requirejs-config.js' [] []
[2026-07-27T03:32:20.518533+00:00] main.CRITICAL: Unable to resolve the source file for 'frontend/RevolutionParts/mopar/en_US/requirejs-config.js' [] []
[2026-07-27T03:32:20.645357+00:00] main.ERROR: Warning: Uninitialized string offset 37 in /var/www/html/vendor/wikimedia/less.php/lib/Less/Parser.php on line 2589 [] []
[2026-07-27T03:32:20.645507+00:00] main.CRITICAL: Warning: Uninitialized string offset 37 in /var/www/html/vendor/wikimedia/less.php/lib/Less/Parser.php on line 2589 [] []
[2026-07-27T03:32:20.772852+00:00] main.ERROR: Warning: Uninitialized string offset 37 in /var/www/html/vendor/wikimedia/less.php/lib/Less/Parser.php on line 2589 [] []
[2026-07-27T03:32:20.772994+00:00] main.CRITICAL: Warning: Uninitialized string offset 37 in /var/www/html/vendor/wikimedia/less.php/lib/Less/Parser.php on line 2589 [] []
[2026-07-27T03:32:25.592425+00:00] main.ERROR: Unable to resolve the source file for 'frontend/RevolutionParts/mopar/en_US/requirejs-config.js' [] []
[2026-07-27T03:32:25.592549+00:00] main.CRITICAL: Unable to resolve the source file for 'frontend/RevolutionParts/mopar/en_US/requirejs-config.js' [] []
[2026-07-27T03:32:25.722715+00:00] main.ERROR: Warning: Uninitialized string offset 37 in /var/www/html/vendor/wikimedia/less.php/lib/Less/Parser.php on line 2589 [] []
[2026-07-27T03:32:25.722815+00:00] main.CRITICAL: Warning: Uninitialized string offset 37 in /var/www/html/vendor/wikimedia/less.php/lib/Less/Parser.php on line 2589 [] []
[2026-07-27T03:32:25.723680+00:00] main.ERROR: Warning: Uninitialized string offset 37 in /var/www/html/vendor/wikimedia/less.php/lib/Less/Parser.php on line 2589 [] []
[2026-07-27T03:32:25.723782+00:00] main.CRITICAL: Warning: Uninitialized string offset 37 in /var/www/html/vendor/wikimedia/less.php/lib/Less/Parser.php on line 2589 [] []
[2026-07-27T03:32:51.019640+00:00] main.INFO: Broken reference: the 'catalog.compare.sidebar' element cannot be added as child to 'sidebar.additional', because the latter doesn't exist [] []
[2026-07-27T03:32:51.019794+00:00] main.INFO: Broken reference: the 'sale.reorder.sidebar' element cannot be added as child to 'sidebar.additional', because the latter doesn't exist [] []
[2026-07-27T03:32:51.019878+00:00] main.INFO: Broken reference: the 'wishlist_sidebar' element cannot be added as child to 'sidebar.additional', because the latter doesn't exist [] []
[2026-07-27T03:32:51.308062+00:00] main.ERROR: Warning: Uninitialized string offset 37 in /var/www/html/vendor/wikimedia/less.php/lib/Less/Parser.php on line 2589 [] []
[2026-07-27T03:32:51.308174+00:00] main.CRITICAL: Warning: Uninitialized string offset 37 in /var/www/html/vendor/wikimedia/less.php/lib/Less/Parser.php on line 2589 [] []
[2026-07-27T03:32:51.432900+00:00] main.ERROR: Warning: Uninitialized string offset 37 in /var/www/html/vendor/wikimedia/less.php/lib/Less/Parser.php on line 2589 [] []
[2026-07-27T03:32:51.433006+00:00] main.CRITICAL: Warning: Uninitialized string offset 37 in /var/www/html/vendor/wikimedia/less.php/lib/Less/Parser.php on line 2589 [] []
[2026-07-27T03:32:52.771443+00:00] main.INFO: Broken reference: the 'catalog.compare.sidebar' element cannot be added as child to 'sidebar.additional', because the latter doesn't exist [] []
[2026-07-27T03:32:52.771564+00:00] main.INFO: Broken reference: the 'sale.reorder.sidebar' element cannot be added as child to 'sidebar.additional', because the latter doesn't exist [] []
[2026-07-27T03:32:52.771652+00:00] main.INFO: Broken reference: the 'wishlist_sidebar' element cannot be added as child to 'sidebar.additional', because the latter doesn't exist [] []
[2026-07-27T03:32:54.812921+00:00] main.ERROR: Warning: Uninitialized string offset 37 in /var/www/html/vendor/wikimedia/less.php/lib/Less/Parser.php on line 2589 [] []
[2026-07-27T03:32:54.813113+00:00] main.CRITICAL: Warning: Uninitialized string offset 37 in /var/www/html/vendor/wikimedia/less.php/lib/Less/Parser.php on line 2589 [] []
[2026-07-27T03:32:54.813150+00:00] main.ERROR: Warning: Uninitialized string offset 37 in /var/www/html/vendor/wikimedia/less.php/lib/Less/Parser.php on line 2589 [] []
[2026-07-27T03:32:54.813309+00:00] main.CRITICAL: Warning: Uninitialized string offset 37 in /var/www/html/vendor/wikimedia/less.php/lib/Less/Parser.php on line 2589 [] []
[2026-07-27T03:33:04.729178+00:00] main.INFO: Broken reference: the 'catalog.compare.sidebar' element cannot be added as child to 'sidebar.additional', because the latter doesn't exist [] []
[2026-07-27T03:33:04.729283+00:00] main.INFO: Broken reference: the 'sale.reorder.sidebar' element cannot be added as child to 'sidebar.additional', because the latter doesn't exist [] []
[2026-07-27T03:33:04.729355+00:00] main.INFO: Broken reference: the 'wishlist_sidebar' element cannot be added as child to 'sidebar.additional', because the latter doesn't exist [] []
[2026-07-27T03:33:04.956719+00:00] main.ERROR: Warning: Uninitialized string offset 37 in /var/www/html/vendor/wikimedia/less.php/lib/Less/Parser.php on line 2589 [] []
[2026-07-27T03:33:04.956896+00:00] main.CRITICAL: Warning: Uninitialized string offset 37 in /var/www/html/vendor/wikimedia/less.php/lib/Less/Parser.php on line 2589 [] []
[2026-07-27T03:33:05.081700+00:00] main.ERROR: Warning: Uninitialized string offset 37 in /var/www/html/vendor/wikimedia/less.php/lib/Less/Parser.php on line 2589 [] []
[2026-07-27T03:33:05.081816+00:00] main.CRITICAL: Warning: Uninitialized string offset 37 in /var/www/html/vendor/wikimedia/less.php/lib/Less/Parser.php on line 2589 [] []
[2026-07-27T03:33:06.365743+00:00] main.ERROR: Warning: Uninitialized string offset 37 in /var/www/html/vendor/wikimedia/less.php/lib/Less/Parser.php on line 2589 [] []
[2026-07-27T03:33:06.365867+00:00] main.CRITICAL: Warning: Uninitialized string offset 37 in /var/www/html/vendor/wikimedia/less.php/lib/Less/Parser.php on line 2589 [] []
[2026-07-27T03:33:06.366448+00:00] main.ERROR: Warning: Uninitialized string offset 37 in /var/www/html/vendor/wikimedia/less.php/lib/Less/Parser.php on line 2589 [] []
[2026-07-27T03:33:06.366562+00:00] main.CRITICAL: Warning: Uninitialized string offset 37 in /var/www/html/vendor/wikimedia/less.php/lib/Less/Parser.php on line 2589 [] []
[2026-07-27T03:34:17.609024+00:00] main.ERROR: Warning: Uninitialized string offset 37 in /var/www/html/vendor/wikimedia/less.php/lib/Less/Parser.php on line 2589 [] []
[2026-07-27T03:34:17.609148+00:00] main.CRITICAL: Warning: Uninitialized string offset 37 in /var/www/html/vendor/wikimedia/less.php/lib/Less/Parser.php on line 2589 [] []
[2026-07-27T03:34:17.609591+00:00] main.ERROR: Warning: Uninitialized string offset 37 in /var/www/html/vendor/wikimedia/less.php/lib/Less/Parser.php on line 2589 [] []
[2026-07-27T03:34:17.609688+00:00] main.CRITICAL: Warning: Uninitialized string offset 37 in /var/www/html/vendor/wikimedia/less.php/lib/Less/Parser.php on line 2589 [] []
[2026-07-27T03:41:34.889989+00:00] main.INFO: Broken reference: the 'notification.messages' tries to reorder itself towards 'user', but their parents are different: 'header.inner.right' and 'header' respectively. [] []
[2026-07-27T03:41:38.072366+00:00] main.INFO: Broken reference: the 'notification.messages' tries to reorder itself towards 'user', but their parents are different: 'header.inner.right' and 'header' respectively. [] []
[2026-07-27T03:41:41.032529+00:00] main.INFO: Broken reference: the 'notification.messages' tries to reorder itself towards 'user', but their parents are different: 'header.inner.right' and 'header' respectively. [] []
[2026-07-27T03:41:42.946717+00:00] main.INFO: Broken reference: the 'notification.messages' tries to reorder itself towards 'user', but their parents are different: 'header.inner.right' and 'header' respectively. [] []
[2026-07-27T03:41:48.550611+00:00] main.INFO: Broken reference: the 'notification.messages' tries to reorder itself towards 'user', but their parents are different: 'header.inner.right' and 'header' respectively. [] []
[2026-07-27T03:41:50.488691+00:00] main.ERROR: Unable to resolve the source file for 'frontend/RevolutionParts/mopar/en_US/requirejs-config.js' [] []
[2026-07-27T03:41:50.488807+00:00] main.CRITICAL: Unable to resolve the source file for 'frontend/RevolutionParts/mopar/en_US/requirejs-config.js' [] []
[2026-07-27T03:41:50.605570+00:00] main.ERROR: Warning: Uninitialized string offset 37 in /var/www/html/vendor/wikimedia/less.php/lib/Less/Parser.php on line 2589 [] []
[2026-07-27T03:41:50.605670+00:00] main.CRITICAL: Warning: Uninitialized string offset 37 in /var/www/html/vendor/wikimedia/less.php/lib/Less/Parser.php on line 2589 [] []
[2026-07-27T03:41:50.736252+00:00] main.ERROR: Warning: Uninitialized string offset 37 in /var/www/html/vendor/wikimedia/less.php/lib/Less/Parser.php on line 2589 [] []
[2026-07-27T03:41:50.736364+00:00] main.CRITICAL: Warning: Uninitialized string offset 37 in /var/www/html/vendor/wikimedia/less.php/lib/Less/Parser.php on line 2589 [] []
[2026-07-27T04:25:28.698735+00:00] main.INFO: Broken reference: the 'catalog.compare.sidebar' element cannot be added as child to 'sidebar.additional', because the latter doesn't exist [] []
[2026-07-27T04:25:28.698873+00:00] main.INFO: Broken reference: the 'sale.reorder.sidebar' element cannot be added as child to 'sidebar.additional', because the latter doesn't exist [] []
[2026-07-27T04:25:28.698964+00:00] main.INFO: Broken reference: the 'wishlist_sidebar' element cannot be added as child to 'sidebar.additional', because the latter doesn't exist [] []
[2026-07-27T04:25:28.699008+00:00] main.INFO: Broken reference: the 'paypal.partner.right.logo' element cannot be added as child to 'sidebar.additional', because the latter doesn't exist [] []
[2026-07-27T04:25:28.699043+00:00] main.INFO: Broken reference: the 'bml.right.logo' element cannot be added as child to 'sidebar.additional', because the latter doesn't exist [] []
[2026-07-27T04:25:28.699080+00:00] main.INFO: Broken reference: the 'sidebar.container.paylater' element cannot be added as child to 'sidebar.additional', because the latter doesn't exist [] []
[2026-07-27T04:25:28.982240+00:00] main.ERROR: Warning: Uninitialized string offset 37 in /var/www/html/vendor/wikimedia/less.php/lib/Less/Parser.php on line 2589 [] []
[2026-07-27T04:25:28.982235+00:00] main.ERROR: Warning: Uninitialized string offset 37 in /var/www/html/vendor/wikimedia/less.php/lib/Less/Parser.php on line 2589 [] []
[2026-07-27T04:25:28.982345+00:00] main.CRITICAL: Warning: Uninitialized string offset 37 in /var/www/html/vendor/wikimedia/less.php/lib/Less/Parser.php on line 2589 [] []
[2026-07-27T04:25:28.982349+00:00] main.CRITICAL: Warning: Uninitialized string offset 37 in /var/www/html/vendor/wikimedia/less.php/lib/Less/Parser.php on line 2589 [] []
[2026-07-27T04:25:31.562279+00:00] main.INFO: Broken reference: the 'tracking' element cannot be added as child to 'header', because the latter doesn't exist [] []
[2026-07-27T04:25:31.562391+00:00] main.INFO: Broken reference: the 'notification_area' element cannot be added as child to 'notifications', because the latter doesn't exist [] []
[2026-07-27T04:25:31.562441+00:00] main.INFO: Broken reference: the 'unread_system_messages' element cannot be added as child to 'notifications', because the latter doesn't exist [] []
[2026-07-27T04:25:31.562481+00:00] main.INFO: Broken reference: the 'notification_window' element cannot be added as child to 'notifications', because the latter doesn't exist [] []
[2026-07-27T04:25:31.562528+00:00] main.INFO: Broken reference: the 'notification.messages' element cannot be added as child to 'header', because the latter doesn't exist [] []
[2026-07-27T04:25:31.562567+00:00] main.INFO: Broken reference: the 'global_notices' element cannot be added as child to 'global.notices', because the latter doesn't exist [] []
[2026-07-27T04:25:31.562596+00:00] main.INFO: Broken reference: the 'logo' element cannot be added as child to 'header', because the latter doesn't exist [] []
[2026-07-27T04:25:31.562629+00:00] main.INFO: Broken reference: the 'global.search' element cannot be added as child to 'header', because the latter doesn't exist [] []
[2026-07-27T04:25:31.562670+00:00] main.INFO: Broken reference: the 'user' element cannot be added as child to 'header', because the latter doesn't exist [] []
[2026-07-27T04:25:31.562710+00:00] main.INFO: Broken reference: the 'menu' element cannot be added as child to 'page.menu', because the latter doesn't exist [] []
[2026-07-27T04:25:31.562752+00:00] main.INFO: Broken reference: the 'breadcrumbs' element cannot be added as child to 'page.breadcrumbs', because the latter doesn't exist [] []
[2026-07-27T04:25:31.562792+00:00] main.INFO: Broken reference: the 'formkey' element cannot be added as child to 'page.formkey', because the latter doesn't exist [] []
[2026-07-27T04:25:31.562833+00:00] main.INFO: Broken reference: the 'page.title' element cannot be added as child to 'main.top', because the latter doesn't exist [] []
[2026-07-27T04:25:31.562878+00:00] main.INFO: Broken reference: the 'messages' element cannot be added as child to 'page.messages', because the latter doesn't exist [] []
[2026-07-27T04:25:31.562921+00:00] main.INFO: Broken reference: the 'page.actions.toolbar' element cannot be added as child to 'page.main.actions', because the latter doesn't exist [] []
[2026-07-27T04:25:31.562964+00:00] main.INFO: Broken reference: the 'legal' element cannot be added as child to 'footer', because the latter doesn't exist [] []
[2026-07-27T04:25:31.563029+00:00] main.INFO: Broken reference: the 'header.inner.left' element cannot be added as child to 'header', because the latter doesn't exist [] []
[2026-07-27T04:25:31.563067+00:00] main.INFO: Broken reference: the 'header.inner.right' element cannot be added as child to 'header', because the latter doesn't exist [] []
[2026-07-27T04:25:31.563122+00:00] main.INFO: Broken reference: the 'user' tries to reorder itself towards '', but their parents are different: 'header' and '' respectively. [] []
[2026-07-27T04:25:31.563164+00:00] main.INFO: Broken reference: the 'notification.messages' tries to reorder itself towards 'user', but their parents are different: 'header' and '' respectively. [] []
[2026-07-27T04:25:31.563208+00:00] main.INFO: Broken reference: the 'logo' tries to reorder itself towards '', but their parents are different: 'header' and '' respectively. [] []
[2026-07-27T04:25:31.563247+00:00] main.INFO: Broken reference: the 'global.search' tries to reorder itself towards 'logo', but their parents are different: 'header' and '' respectively. [] []
[2026-07-27T04:25:31.563289+00:00] main.INFO: Broken reference: the 'page.actions.toolbar' tries to reorder itself towards '', but their parents are different: 'page.main.actions' and '' respectively. [] []
[2026-07-27T04:25:31.563342+00:00] main.INFO: Broken reference: the 'header.inner.left' tries to reorder itself towards '', but their parents are different: 'header' and '' respectively. [] []
[2026-07-27T04:25:31.563380+00:00] main.INFO: Broken reference: the 'header.inner.right' tries to reorder itself towards 'header.inner.left', but their parents are different: 'header' and '' respectively. [] []
[2026-07-27T04:25:31.563427+00:00] main.INFO: Broken reference: the 'notification.messages' tries to reorder itself towards 'user', but their parents are different: 'header.inner.right' and '' respectively. [] []
[2026-07-27T04:25:37.288746+00:00] main.INFO: Broken reference: the 'notification.messages' tries to reorder itself towards 'user', but their parents are different: 'header.inner.right' and 'header' respectively. [] []
[2026-07-27T04:26:23.731548+00:00] main.INFO: Broken reference: the 'catalog.compare.sidebar' element cannot be added as child to 'sidebar.additional', because the latter doesn't exist [] []
[2026-07-27T04:26:23.731706+00:00] main.INFO: Broken reference: the 'sale.reorder.sidebar' element cannot be added as child to 'sidebar.additional', because the latter doesn't exist [] []
[2026-07-27T04:26:23.731857+00:00] main.INFO: Broken reference: the 'wishlist_sidebar' element cannot be added as child to 'sidebar.additional', because the latter doesn't exist [] []
[2026-07-27T04:26:23.731911+00:00] main.INFO: Broken reference: the 'paypal.partner.right.logo' element cannot be added as child to 'sidebar.additional', because the latter doesn't exist [] []
[2026-07-27T04:26:23.731944+00:00] main.INFO: Broken reference: the 'bml.right.logo' element cannot be added as child to 'sidebar.additional', because the latter doesn't exist [] []
[2026-07-27T04:26:23.731976+00:00] main.INFO: Broken reference: the 'sidebar.container.paylater' element cannot be added as child to 'sidebar.additional', because the latter doesn't exist [] []
[2026-07-27T04:26:24.005328+00:00] main.ERROR: Warning: Uninitialized string offset 37 in /var/www/html/vendor/wikimedia/less.php/lib/Less/Parser.php on line 2589 [] []
[2026-07-27T04:26:24.005475+00:00] main.CRITICAL: Warning: Uninitialized string offset 37 in /var/www/html/vendor/wikimedia/less.php/lib/Less/Parser.php on line 2589 [] []
[2026-07-27T04:26:24.007815+00:00] main.ERROR: Warning: Uninitialized string offset 37 in /var/www/html/vendor/wikimedia/less.php/lib/Less/Parser.php on line 2589 [] []
[2026-07-27T04:26:24.007944+00:00] main.CRITICAL: Warning: Uninitialized string offset 37 in /var/www/html/vendor/wikimedia/less.php/lib/Less/Parser.php on line 2589 [] []
[2026-07-27T04:30:01.357305+00:00] main.INFO: Broken reference: the 'catalog.compare.sidebar' element cannot be added as child to 'sidebar.additional', because the latter doesn't exist [] []
[2026-07-27T04:30:01.357569+00:00] main.INFO: Broken reference: the 'sale.reorder.sidebar' element cannot be added as child to 'sidebar.additional', because the latter doesn't exist [] []
[2026-07-27T04:30:01.357643+00:00] main.INFO: Broken reference: the 'wishlist_sidebar' element cannot be added as child to 'sidebar.additional', because the latter doesn't exist [] []
[2026-07-27T04:30:01.357677+00:00] main.INFO: Broken reference: the 'paypal.partner.right.logo' element cannot be added as child to 'sidebar.additional', because the latter doesn't exist [] []
[2026-07-27T04:30:01.357704+00:00] main.INFO: Broken reference: the 'bml.right.logo' element cannot be added as child to 'sidebar.additional', because the latter doesn't exist [] []
[2026-07-27T04:30:01.357730+00:00] main.INFO: Broken reference: the 'sidebar.container.paylater' element cannot be added as child to 'sidebar.additional', because the latter doesn't exist [] []
[2026-07-27T04:30:19.743032+00:00] main.INFO: Broken reference: the 'notification.messages' tries to reorder itself towards 'user', but their parents are different: 'header.inner.right' and 'header' respectively. [] []
[2026-07-27T04:31:42.380567+00:00] main.INFO: Broken reference: the 'catalog.compare.sidebar' element cannot be added as child to 'sidebar.additional', because the latter doesn't exist [] []
[2026-07-27T04:31:42.380703+00:00] main.INFO: Broken reference: the 'sale.reorder.sidebar' element cannot be added as child to 'sidebar.additional', because the latter doesn't exist [] []
[2026-07-27T04:31:42.380803+00:00] main.INFO: Broken reference: the 'wishlist_sidebar' element cannot be added as child to 'sidebar.additional', because the latter doesn't exist [] []
[2026-07-27T04:31:42.380847+00:00] main.INFO: Broken reference: the 'paypal.partner.right.logo' element cannot be added as child to 'sidebar.additional', because the latter doesn't exist [] []
[2026-07-27T04:31:42.380882+00:00] main.INFO: Broken reference: the 'bml.right.logo' element cannot be added as child to 'sidebar.additional', because the latter doesn't exist [] []
[2026-07-27T04:31:42.380919+00:00] main.INFO: Broken reference: the 'sidebar.container.paylater' element cannot be added as child to 'sidebar.additional', because the latter doesn't exist [] []
[2026-07-27T04:33:29.609108+00:00] main.INFO: Broken reference: the 'catalog.compare.sidebar' element cannot be added as child to 'sidebar.additional', because the latter doesn't exist [] []
[2026-07-27T04:33:29.609295+00:00] main.INFO: Broken reference: the 'sale.reorder.sidebar' element cannot be added as child to 'sidebar.additional', because the latter doesn't exist [] []
[2026-07-27T04:33:29.609428+00:00] main.INFO: Broken reference: the 'wishlist_sidebar' element cannot be added as child to 'sidebar.additional', because the latter doesn't exist [] []
[2026-07-27T04:33:29.609493+00:00] main.INFO: Broken reference: the 'paypal.partner.right.logo' element cannot be added as child to 'sidebar.additional', because the latter doesn't exist [] []
[2026-07-27T04:33:29.609539+00:00] main.INFO: Broken reference: the 'bml.right.logo' element cannot be added as child to 'sidebar.additional', because the latter doesn't exist [] []
[2026-07-27T04:33:29.609583+00:00] main.INFO: Broken reference: the 'sidebar.container.paylater' element cannot be added as child to 'sidebar.additional', because the latter doesn't exist [] []
[2026-07-27T04:34:26.125174+00:00] main.INFO: Broken reference: the 'notification.messages' tries to reorder itself towards 'user', but their parents are different: 'header.inner.right' and 'header' respectively. [] []
[2026-07-27T04:34:41.496898+00:00] main.INFO: Broken reference: the 'notification.messages' tries to reorder itself towards 'user', but their parents are different: 'header.inner.right' and 'header' respectively. [] []
[2026-07-27T04:35:31.987120+00:00] main.INFO: Broken reference: the 'notification.messages' tries to reorder itself towards 'user', but their parents are different: 'header.inner.right' and 'header' respectively. [] []
[2026-07-27T04:35:38.691800+00:00] main.INFO: Broken reference: the 'notification.messages' tries to reorder itself towards 'user', but their parents are different: 'header.inner.right' and 'header' respectively. [] []
[2026-07-27T04:35:44.948393+00:00] main.INFO: Broken reference: the 'notification.messages' tries to reorder itself towards 'user', but their parents are different: 'header.inner.right' and 'header' respectively. [] []
[2026-07-27T04:37:07.591625+00:00] main.INFO: Broken reference: the 'catalog.compare.sidebar' element cannot be added as child to 'sidebar.additional', because the latter doesn't exist [] []
[2026-07-27T04:37:07.591811+00:00] main.INFO: Broken reference: the 'sale.reorder.sidebar' element cannot be added as child to 'sidebar.additional', because the latter doesn't exist [] []
[2026-07-27T04:37:07.591923+00:00] main.INFO: Broken reference: the 'wishlist_sidebar' element cannot be added as child to 'sidebar.additional', because the latter doesn't exist [] []
[2026-07-27T04:37:07.591968+00:00] main.INFO: Broken reference: the 'paypal.partner.right.logo' element cannot be added as child to 'sidebar.additional', because the latter doesn't exist [] []
[2026-07-27T04:37:07.592012+00:00] main.INFO: Broken reference: the 'bml.right.logo' element cannot be added as child to 'sidebar.additional', because the latter doesn't exist [] []
[2026-07-27T04:37:07.592053+00:00] main.INFO: Broken reference: the 'sidebar.container.paylater' element cannot be added as child to 'sidebar.additional', because the latter doesn't exist [] []
[2026-07-27T04:37:13.621749+00:00] main.INFO: Broken reference: the 'notification.messages' tries to reorder itself towards 'user', but their parents are different: 'header.inner.right' and 'header' respectively. [] []
[2026-07-27T05:15:43.150071+00:00] main.ERROR: Unable to resolve the source file for 'frontend/RevolutionParts/mopar/en_US/Magento_PageBuilder/js/resource/jarallax/jarallax-video.js.map' [] []
[2026-07-27T05:15:43.150072+00:00] main.ERROR: Unable to resolve the source file for 'frontend/RevolutionParts/mopar/en_US/underscore-umd.js.map' [] []
[2026-07-27T05:15:43.150201+00:00] main.ERROR: Unable to resolve the source file for 'frontend/RevolutionParts/mopar/en_US/vimeo/player.js.map' [] []
[2026-07-27T05:15:43.150071+00:00] main.ERROR: Unable to resolve the source file for 'frontend/RevolutionParts/mopar/en_US/less/less.min.js.map' [] []
[2026-07-27T05:15:43.151834+00:00] main.CRITICAL: Unable to resolve the source file for 'frontend/RevolutionParts/mopar/en_US/less/less.min.js.map' [] []
[2026-07-27T05:15:43.151836+00:00] main.CRITICAL: Unable to resolve the source file for 'frontend/RevolutionParts/mopar/en_US/vimeo/player.js.map' [] []
[2026-07-27T05:15:43.151878+00:00] main.CRITICAL: Unable to resolve the source file for 'frontend/RevolutionParts/mopar/en_US/Magento_PageBuilder/js/resource/jarallax/jarallax-video.js.map' [] []
[2026-07-27T05:15:43.151957+00:00] main.CRITICAL: Unable to resolve the source file for 'frontend/RevolutionParts/mopar/en_US/underscore-umd.js.map' [] []
[2026-07-27T05:15:43.189190+00:00] main.ERROR: Unable to resolve the source file for 'frontend/RevolutionParts/mopar/en_US/Magento_PageBuilder/js/resource/jarallax/jarallax.js.map' [] []
[2026-07-27T05:15:43.189351+00:00] main.CRITICAL: Unable to resolve the source file for 'frontend/RevolutionParts/mopar/en_US/Magento_PageBuilder/js/resource/jarallax/jarallax.js.map' [] []
[2026-07-27T05:20:28.760395+00:00] main.ERROR: Unable to resolve the source file for 'frontend/RevolutionParts/mopar/en_US/less/less.min.js.map' [] []
[2026-07-27T05:20:28.760641+00:00] main.CRITICAL: Unable to resolve the source file for 'frontend/RevolutionParts/mopar/en_US/less/less.min.js.map' [] []
[2026-07-27T05:20:29.715551+00:00] main.ERROR: Unable to resolve the source file for 'frontend/RevolutionParts/mopar/en_US/underscore-umd.js.map' [] []
[2026-07-27T05:20:29.715662+00:00] main.CRITICAL: Unable to resolve the source file for 'frontend/RevolutionParts/mopar/en_US/underscore-umd.js.map' [] []
[2026-07-27T05:20:30.030467+00:00] main.ERROR: Unable to resolve the source file for 'frontend/RevolutionParts/mopar/en_US/Magento_PageBuilder/js/resource/jarallax/jarallax.js.map' [] []
[2026-07-27T05:20:30.030680+00:00] main.CRITICAL: Unable to resolve the source file for 'frontend/RevolutionParts/mopar/en_US/Magento_PageBuilder/js/resource/jarallax/jarallax.js.map' [] []
[2026-07-27T05:20:30.080190+00:00] main.ERROR: Unable to resolve the source file for 'frontend/RevolutionParts/mopar/en_US/vimeo/player.js.map' [] []
[2026-07-27T05:20:30.080340+00:00] main.CRITICAL: Unable to resolve the source file for 'frontend/RevolutionParts/mopar/en_US/vimeo/player.js.map' [] []
[2026-07-27T05:20:30.094704+00:00] main.ERROR: Unable to resolve the source file for 'frontend/RevolutionParts/mopar/en_US/Magento_PageBuilder/js/resource/jarallax/jarallax-video.js.map' [] []
[2026-07-27T05:20:30.094838+00:00] main.CRITICAL: Unable to resolve the source file for 'frontend/RevolutionParts/mopar/en_US/Magento_PageBuilder/js/resource/jarallax/jarallax-video.js.map' [] []
[2026-07-27T05:20:31.010532+00:00] main.ERROR: Unable to resolve the source file for 'frontend/RevolutionParts/mopar/en_US/less/less.min.js.map' [] []
[2026-07-27T05:20:31.010970+00:00] main.CRITICAL: Unable to resolve the source file for 'frontend/RevolutionParts/mopar/en_US/less/less.min.js.map' [] []
[2026-07-27T05:20:31.773761+00:00] main.ERROR: Unable to resolve the source file for 'frontend/RevolutionParts/mopar/en_US/underscore-umd.js.map' [] []
[2026-07-27T05:20:31.773871+00:00] main.CRITICAL: Unable to resolve the source file for 'frontend/RevolutionParts/mopar/en_US/underscore-umd.js.map' [] []
[2026-07-27T05:20:32.365659+00:00] main.ERROR: Unable to resolve the source file for 'frontend/RevolutionParts/mopar/en_US/Magento_PageBuilder/js/resource/jarallax/jarallax.js.map' [] []
[2026-07-27T05:20:32.365934+00:00] main.CRITICAL: Unable to resolve the source file for 'frontend/RevolutionParts/mopar/en_US/Magento_PageBuilder/js/resource/jarallax/jarallax.js.map' [] []
[2026-07-27T05:20:32.442942+00:00] main.ERROR: Unable to resolve the source file for 'frontend/RevolutionParts/mopar/en_US/vimeo/player.js.map' [] []
[2026-07-27T05:20:32.443065+00:00] main.CRITICAL: Unable to resolve the source file for 'frontend/RevolutionParts/mopar/en_US/vimeo/player.js.map' [] []
[2026-07-27T05:20:32.461838+00:00] main.ERROR: Unable to resolve the source file for 'frontend/RevolutionParts/mopar/en_US/Magento_PageBuilder/js/resource/jarallax/jarallax-video.js.map' [] []
[2026-07-27T05:20:32.461958+00:00] main.CRITICAL: Unable to resolve the source file for 'frontend/RevolutionParts/mopar/en_US/Magento_PageBuilder/js/resource/jarallax/jarallax-video.js.map' [] []
[2026-07-27T05:53:22.302434+00:00] main.ERROR: Unable to resolve the source file for 'frontend/RevolutionParts/mopar/en_US/less/less.min.js.map' [] []
[2026-07-27T05:53:22.303297+00:00] main.CRITICAL: Unable to resolve the source file for 'frontend/RevolutionParts/mopar/en_US/less/less.min.js.map' [] []
[2026-07-27T05:53:23.209031+00:00] main.ERROR: Unable to resolve the source file for 'frontend/RevolutionParts/mopar/en_US/underscore-umd.js.map' [] []
[2026-07-27T05:53:23.209174+00:00] main.CRITICAL: Unable to resolve the source file for 'frontend/RevolutionParts/mopar/en_US/underscore-umd.js.map' [] []
[2026-07-27T05:53:23.736961+00:00] main.ERROR: Unable to resolve the source file for 'frontend/RevolutionParts/mopar/en_US/Magento_PageBuilder/js/resource/jarallax/jarallax.js.map' [] []
[2026-07-27T05:53:23.737102+00:00] main.CRITICAL: Unable to resolve the source file for 'frontend/RevolutionParts/mopar/en_US/Magento_PageBuilder/js/resource/jarallax/jarallax.js.map' [] []
[2026-07-27T05:53:23.952904+00:00] main.ERROR: Unable to resolve the source file for 'frontend/RevolutionParts/mopar/en_US/vimeo/player.js.map' [] []
[2026-07-27T05:53:23.953062+00:00] main.CRITICAL: Unable to resolve the source file for 'frontend/RevolutionParts/mopar/en_US/vimeo/player.js.map' [] []
[2026-07-27T05:53:23.961182+00:00] main.ERROR: Unable to resolve the source file for 'frontend/RevolutionParts/mopar/en_US/Magento_PageBuilder/js/resource/jarallax/jarallax-video.js.map' [] []
[2026-07-27T05:53:23.961354+00:00] main.CRITICAL: Unable to resolve the source file for 'frontend/RevolutionParts/mopar/en_US/Magento_PageBuilder/js/resource/jarallax/jarallax-video.js.map' [] []
[2026-07-27T06:29:23.024744+00:00] main.INFO: Broken reference: the 'tracking' element cannot be added as child to 'header', because the latter doesn't exist [] []
[2026-07-27T06:29:23.024872+00:00] main.INFO: Broken reference: the 'notification_area' element cannot be added as child to 'notifications', because the latter doesn't exist [] []
[2026-07-27T06:29:23.024907+00:00] main.INFO: Broken reference: the 'unread_system_messages' element cannot be added as child to 'notifications', because the latter doesn't exist [] []
[2026-07-27T06:29:23.024933+00:00] main.INFO: Broken reference: the 'notification_window' element cannot be added as child to 'notifications', because the latter doesn't exist [] []
[2026-07-27T06:29:23.024958+00:00] main.INFO: Broken reference: the 'notification.messages' element cannot be added as child to 'header', because the latter doesn't exist [] []
[2026-07-27T06:29:23.024984+00:00] main.INFO: Broken reference: the 'global_notices' element cannot be added as child to 'global.notices', because the latter doesn't exist [] []
[2026-07-27T06:29:23.025009+00:00] main.INFO: Broken reference: the 'logo' element cannot be added as child to 'header', because the latter doesn't exist [] []
[2026-07-27T06:29:23.025033+00:00] main.INFO: Broken reference: the 'global.search' element cannot be added as child to 'header', because the latter doesn't exist [] []
[2026-07-27T06:29:23.025058+00:00] main.INFO: Broken reference: the 'user' element cannot be added as child to 'header', because the latter doesn't exist [] []
[2026-07-27T06:29:23.025082+00:00] main.INFO: Broken reference: the 'menu' element cannot be added as child to 'page.menu', because the latter doesn't exist [] []
[2026-07-27T06:29:23.025108+00:00] main.INFO: Broken reference: the 'breadcrumbs' element cannot be added as child to 'page.breadcrumbs', because the latter doesn't exist [] []
[2026-07-27T06:29:23.025134+00:00] main.INFO: Broken reference: the 'formkey' element cannot be added as child to 'page.formkey', because the latter doesn't exist [] []
[2026-07-27T06:29:23.025158+00:00] main.INFO: Broken reference: the 'page.title' element cannot be added as child to 'main.top', because the latter doesn't exist [] []
[2026-07-27T06:29:23.025182+00:00] main.INFO: Broken reference: the 'messages' element cannot be added as child to 'page.messages', because the latter doesn't exist [] []
[2026-07-27T06:29:23.025207+00:00] main.INFO: Broken reference: the 'page.actions.toolbar' element cannot be added as child to 'page.main.actions', because the latter doesn't exist [] []
[2026-07-27T06:29:23.025243+00:00] main.INFO: Broken reference: the 'legal' element cannot be added as child to 'footer', because the latter doesn't exist [] []
[2026-07-27T06:29:23.025287+00:00] main.INFO: Broken reference: the 'header.inner.left' element cannot be added as child to 'header', because the latter doesn't exist [] []
[2026-07-27T06:29:23.025312+00:00] main.INFO: Broken reference: the 'header.inner.right' element cannot be added as child to 'header', because the latter doesn't exist [] []
[2026-07-27T06:29:23.025359+00:00] main.INFO: Broken reference: the 'user' tries to reorder itself towards '', but their parents are different: 'header' and '' respectively. [] []
[2026-07-27T06:29:23.025390+00:00] main.INFO: Broken reference: the 'notification.messages' tries to reorder itself towards 'user', but their parents are different: 'header' and '' respectively. [] []
[2026-07-27T06:29:23.025422+00:00] main.INFO: Broken reference: the 'logo' tries to reorder itself towards '', but their parents are different: 'header' and '' respectively. [] []
[2026-07-27T06:29:23.025448+00:00] main.INFO: Broken reference: the 'global.search' tries to reorder itself towards 'logo', but their parents are different: 'header' and '' respectively. [] []
[2026-07-27T06:29:23.025477+00:00] main.INFO: Broken reference: the 'page.actions.toolbar' tries to reorder itself towards '', but their parents are different: 'page.main.actions' and '' respectively. [] []
[2026-07-27T06:29:23.025512+00:00] main.INFO: Broken reference: the 'header.inner.left' tries to reorder itself towards '', but their parents are different: 'header' and '' respectively. [] []
[2026-07-27T06:29:23.025537+00:00] main.INFO: Broken reference: the 'header.inner.right' tries to reorder itself towards 'header.inner.left', but their parents are different: 'header' and '' respectively. [] []
[2026-07-27T06:29:23.025566+00:00] main.INFO: Broken reference: the 'notification.messages' tries to reorder itself towards 'user', but their parents are different: 'header.inner.right' and '' respectively. [] []
[2026-07-27T06:29:29.836378+00:00] main.INFO: Broken reference: the 'notification.messages' tries to reorder itself towards 'user', but their parents are different: 'header.inner.right' and 'header' respectively. [] []
[2026-07-27T06:29:38.461468+00:00] main.INFO: Broken reference: the 'notification.messages' tries to reorder itself towards 'user', but their parents are different: 'header.inner.right' and 'header' respectively. [] []
[2026-07-27T06:29:43.051375+00:00] main.INFO: Broken reference: the 'notification.messages' tries to reorder itself towards 'user', but their parents are different: 'header.inner.right' and 'header' respectively. [] []
[2026-07-27T06:29:49.757714+00:00] main.INFO: Broken reference: the 'notification.messages' tries to reorder itself towards 'user', but their parents are different: 'header.inner.right' and 'header' respectively. [] []
[2026-07-27T06:29:57.082052+00:00] main.INFO: Broken reference: the 'notification.messages' tries to reorder itself towards 'user', but their parents are different: 'header.inner.right' and 'header' respectively. [] []
[2026-07-27T06:30:00.092259+00:00] main.INFO: Broken reference: the 'catalog.compare.sidebar' element cannot be added as child to 'sidebar.additional', because the latter doesn't exist [] []
[2026-07-27T06:30:00.092434+00:00] main.INFO: Broken reference: the 'sale.reorder.sidebar' element cannot be added as child to 'sidebar.additional', because the latter doesn't exist [] []
[2026-07-27T06:30:00.092544+00:00] main.INFO: Broken reference: the 'wishlist_sidebar' element cannot be added as child to 'sidebar.additional', because the latter doesn't exist [] []
[2026-07-27T06:30:00.092601+00:00] main.INFO: Broken reference: the 'paypal.partner.right.logo' element cannot be added as child to 'sidebar.additional', because the latter doesn't exist [] []
[2026-07-27T06:30:00.092644+00:00] main.INFO: Broken reference: the 'bml.right.logo' element cannot be added as child to 'sidebar.additional', because the latter doesn't exist [] []
[2026-07-27T06:30:00.092687+00:00] main.INFO: Broken reference: the 'sidebar.container.paylater' element cannot be added as child to 'sidebar.additional', because the latter doesn't exist [] []
[2026-07-27T06:30:10.142737+00:00] main.INFO: Broken reference: the 'notification.messages' tries to reorder itself towards 'user', but their parents are different: 'header.inner.right' and 'header' respectively. [] []
[2026-07-27T06:30:12.888341+00:00] main.INFO: Broken reference: the 'catalog.compare.sidebar' element cannot be added as child to 'sidebar.additional', because the latter doesn't exist [] []
[2026-07-27T06:30:12.888577+00:00] main.INFO: Broken reference: the 'sale.reorder.sidebar' element cannot be added as child to 'sidebar.additional', because the latter doesn't exist [] []
[2026-07-27T06:30:12.888711+00:00] main.INFO: Broken reference: the 'wishlist_sidebar' element cannot be added as child to 'sidebar.additional', because the latter doesn't exist [] []
[2026-07-27T06:30:12.888787+00:00] main.INFO: Broken reference: the 'paypal.partner.right.logo' element cannot be added as child to 'sidebar.additional', because the latter doesn't exist [] []
[2026-07-27T06:30:12.888847+00:00] main.INFO: Broken reference: the 'bml.right.logo' element cannot be added as child to 'sidebar.additional', because the latter doesn't exist [] []
[2026-07-27T06:30:12.888908+00:00] main.INFO: Broken reference: the 'sidebar.container.paylater' element cannot be added as child to 'sidebar.additional', because the latter doesn't exist [] []
[2026-07-27T06:30:20.162516+00:00] main.INFO: Broken reference: the 'notification.messages' tries to reorder itself towards 'user', but their parents are different: 'header.inner.right' and 'header' respectively. [] []
[2026-07-27T06:30:50.835508+00:00] main.INFO: Broken reference: the 'notification.messages' tries to reorder itself towards 'user', but their parents are different: 'header.inner.right' and 'header' respectively. [] []
[2026-07-27T06:31:11.050279+00:00] main.INFO: Broken reference: the 'notification.messages' tries to reorder itself towards 'user', but their parents are different: 'header.inner.right' and 'header' respectively. [] []
[2026-07-27T06:31:22.175925+00:00] main.INFO: Broken reference: the 'notification.messages' tries to reorder itself towards 'user', but their parents are different: 'header.inner.right' and 'header' respectively. [] []
[2026-07-27T06:31:29.570993+00:00] main.INFO: Broken reference: the 'notification.messages' tries to reorder itself towards 'user', but their parents are different: 'header.inner.right' and 'header' respectively. [] []
[2026-07-27T06:31:38.666318+00:00] main.INFO: Broken reference: the 'notification.messages' tries to reorder itself towards 'user', but their parents are different: 'header.inner.right' and 'header' respectively. [] []
[2026-07-27T06:31:40.998592+00:00] main.INFO: Broken reference: the 'notification.messages' tries to reorder itself towards 'user', but their parents are different: 'header.inner.right' and 'header' respectively. [] []
[2026-07-27T06:31:50.072827+00:00] main.INFO: Broken reference: the 'notification.messages' tries to reorder itself towards 'user', but their parents are different: 'header.inner.right' and 'header' respectively. [] []
[2026-07-27T06:31:54.848896+00:00] main.INFO: Broken reference: the 'notification.messages' tries to reorder itself towards 'user', but their parents are different: 'header.inner.right' and 'header' respectively. [] []
[2026-07-27T06:31:57.542417+00:00] main.INFO: Broken reference: the 'notification.messages' tries to reorder itself towards 'user', but their parents are different: 'header.inner.right' and 'header' respectively. [] []
[2026-07-27T06:32:38.571545+00:00] main.INFO: Broken reference: the 'notification.messages' tries to reorder itself towards 'user', but their parents are different: 'header.inner.right' and 'header' respectively. [] []
[2026-07-27T06:32:48.600281+00:00] main.INFO: Broken reference: the 'notification.messages' tries to reorder itself towards 'user', but their parents are different: 'header.inner.right' and 'header' respectively. [] []
[2026-07-28T02:19:12.358838+00:00] main.ERROR: Unable to get content for 'frontend/RevolutionParts/mopar/en_US/css/source/_theme-slider.less' after 3 attempts. [] []
[2026-07-28T02:27:40.597380+00:00] main.INFO: Broken reference: the 'tracking' element cannot be added as child to 'header', because the latter doesn't exist [] []
[2026-07-28T02:27:40.597517+00:00] main.INFO: Broken reference: the 'notification_area' element cannot be added as child to 'notifications', because the latter doesn't exist [] []
[2026-07-28T02:27:40.597564+00:00] main.INFO: Broken reference: the 'unread_system_messages' element cannot be added as child to 'notifications', because the latter doesn't exist [] []
[2026-07-28T02:27:40.597601+00:00] main.INFO: Broken reference: the 'notification_window' element cannot be added as child to 'notifications', because the latter doesn't exist [] []
[2026-07-28T02:27:40.597636+00:00] main.INFO: Broken reference: the 'notification.messages' element cannot be added as child to 'header', because the latter doesn't exist [] []
[2026-07-28T02:27:40.597674+00:00] main.INFO: Broken reference: the 'global_notices' element cannot be added as child to 'global.notices', because the latter doesn't exist [] []
[2026-07-28T02:27:40.597710+00:00] main.INFO: Broken reference: the 'logo' element cannot be added as child to 'header', because the latter doesn't exist [] []
[2026-07-28T02:27:40.597745+00:00] main.INFO: Broken reference: the 'global.search' element cannot be added as child to 'header', because the latter doesn't exist [] []
[2026-07-28T02:27:40.597779+00:00] main.INFO: Broken reference: the 'user' element cannot be added as child to 'header', because the latter doesn't exist [] []
[2026-07-28T02:27:40.597813+00:00] main.INFO: Broken reference: the 'menu' element cannot be added as child to 'page.menu', because the latter doesn't exist [] []
[2026-07-28T02:27:40.597845+00:00] main.INFO: Broken reference: the 'breadcrumbs' element cannot be added as child to 'page.breadcrumbs', because the latter doesn't exist [] []
[2026-07-28T02:27:40.597878+00:00] main.INFO: Broken reference: the 'formkey' element cannot be added as child to 'page.formkey', because the latter doesn't exist [] []
[2026-07-28T02:27:40.597911+00:00] main.INFO: Broken reference: the 'page.title' element cannot be added as child to 'main.top', because the latter doesn't exist [] []
[2026-07-28T02:27:40.597944+00:00] main.INFO: Broken reference: the 'messages' element cannot be added as child to 'page.messages', because the latter doesn't exist [] []
[2026-07-28T02:27:40.597983+00:00] main.INFO: Broken reference: the 'page.actions.toolbar' element cannot be added as child to 'page.main.actions', because the latter doesn't exist [] []
[2026-07-28T02:27:40.598019+00:00] main.INFO: Broken reference: the 'legal' element cannot be added as child to 'footer', because the latter doesn't exist [] []
[2026-07-28T02:27:40.598076+00:00] main.INFO: Broken reference: the 'header.inner.left' element cannot be added as child to 'header', because the latter doesn't exist [] []
[2026-07-28T02:27:40.598112+00:00] main.INFO: Broken reference: the 'header.inner.right' element cannot be added as child to 'header', because the latter doesn't exist [] []
[2026-07-28T02:27:40.598162+00:00] main.INFO: Broken reference: the 'user' tries to reorder itself towards '', but their parents are different: 'header' and '' respectively. [] []
[2026-07-28T02:27:40.598198+00:00] main.INFO: Broken reference: the 'notification.messages' tries to reorder itself towards 'user', but their parents are different: 'header' and '' respectively. [] []
[2026-07-28T02:27:40.598232+00:00] main.INFO: Broken reference: the 'logo' tries to reorder itself towards '', but their parents are different: 'header' and '' respectively. [] []
[2026-07-28T02:27:40.598266+00:00] main.INFO: Broken reference: the 'global.search' tries to reorder itself towards 'logo', but their parents are different: 'header' and '' respectively. [] []
[2026-07-28T02:27:40.598299+00:00] main.INFO: Broken reference: the 'page.actions.toolbar' tries to reorder itself towards '', but their parents are different: 'page.main.actions' and '' respectively. [] []
[2026-07-28T02:27:40.598343+00:00] main.INFO: Broken reference: the 'header.inner.left' tries to reorder itself towards '', but their parents are different: 'header' and '' respectively. [] []
[2026-07-28T02:27:40.598376+00:00] main.INFO: Broken reference: the 'header.inner.right' tries to reorder itself towards 'header.inner.left', but their parents are different: 'header' and '' respectively. [] []
[2026-07-28T02:27:40.598413+00:00] main.INFO: Broken reference: the 'notification.messages' tries to reorder itself towards 'user', but their parents are different: 'header.inner.right' and '' respectively. [] []
[2026-07-28T02:27:48.589761+00:00] main.INFO: Broken reference: the 'notification.messages' tries to reorder itself towards 'user', but their parents are different: 'header.inner.right' and 'header' respectively. [] []
[2026-07-28T02:29:05.118377+00:00] main.INFO: Broken reference: the 'notification.messages' tries to reorder itself towards 'user', but their parents are different: 'header.inner.right' and 'header' respectively. [] []
[2026-07-28T02:29:08.420873+00:00] main.INFO: Broken reference: the 'notification.messages' tries to reorder itself towards 'user', but their parents are different: 'header.inner.right' and 'header' respectively. [] []
[2026-07-28T02:29:15.400066+00:00] main.INFO: Broken reference: the 'notification.messages' tries to reorder itself towards 'user', but their parents are different: 'header.inner.right' and 'header' respectively. [] []
[2026-07-28T02:29:29.470365+00:00] main.ERROR: Unable to resolve the source file for 'frontend/RevolutionParts/mopar/en_US/less/less.min.js.map' [] []
[2026-07-28T02:29:29.470365+00:00] main.ERROR: Unable to resolve the source file for 'frontend/RevolutionParts/mopar/en_US/underscore-umd.js.map' [] []
[2026-07-28T02:29:29.470493+00:00] main.CRITICAL: Unable to resolve the source file for 'frontend/RevolutionParts/mopar/en_US/less/less.min.js.map' [] []
[2026-07-28T02:29:29.470495+00:00] main.CRITICAL: Unable to resolve the source file for 'frontend/RevolutionParts/mopar/en_US/underscore-umd.js.map' [] []
[2026-07-28T02:29:29.479668+00:00] main.ERROR: Unable to resolve the source file for 'frontend/RevolutionParts/mopar/en_US/Magento_PageBuilder/js/resource/jarallax/jarallax.js.map' [] []
[2026-07-28T02:29:29.479828+00:00] main.CRITICAL: Unable to resolve the source file for 'frontend/RevolutionParts/mopar/en_US/Magento_PageBuilder/js/resource/jarallax/jarallax.js.map' [] []
[2026-07-28T02:29:29.504318+00:00] main.ERROR: Unable to resolve the source file for 'frontend/RevolutionParts/mopar/en_US/Magento_PageBuilder/js/resource/jarallax/jarallax-video.js.map' [] []
[2026-07-28T02:29:29.504481+00:00] main.CRITICAL: Unable to resolve the source file for 'frontend/RevolutionParts/mopar/en_US/Magento_PageBuilder/js/resource/jarallax/jarallax-video.js.map' [] []
[2026-07-28T02:29:29.504488+00:00] main.ERROR: Unable to resolve the source file for 'frontend/RevolutionParts/mopar/en_US/vimeo/player.js.map' [] []
[2026-07-28T02:29:29.504632+00:00] main.CRITICAL: Unable to resolve the source file for 'frontend/RevolutionParts/mopar/en_US/vimeo/player.js.map' [] []
[2026-07-28T02:29:40.734488+00:00] main.INFO: Broken reference: the 'notification.messages' tries to reorder itself towards 'user', but their parents are different: 'header.inner.right' and 'header' respectively. [] []
[2026-07-28T02:30:08.336477+00:00] main.INFO: Broken reference: the 'notification.messages' tries to reorder itself towards 'user', but their parents are different: 'header.inner.right' and 'header' respectively. [] []
[2026-07-28T02:30:27.396418+00:00] main.INFO: Broken reference: the 'notification.messages' tries to reorder itself towards 'user', but their parents are different: 'header.inner.right' and 'header' respectively. [] []
[2026-07-28T02:30:31.755269+00:00] main.ERROR: Unable to resolve the source file for 'frontend/RevolutionParts/mopar/en_US/less/less.min.js.map' [] []
[2026-07-28T02:30:31.755852+00:00] main.CRITICAL: Unable to resolve the source file for 'frontend/RevolutionParts/mopar/en_US/less/less.min.js.map' [] []
[2026-07-28T02:30:32.501398+00:00] main.ERROR: Unable to resolve the source file for 'frontend/RevolutionParts/mopar/en_US/underscore-umd.js.map' [] []
[2026-07-28T02:30:32.501514+00:00] main.CRITICAL: Unable to resolve the source file for 'frontend/RevolutionParts/mopar/en_US/underscore-umd.js.map' [] []
[2026-07-28T02:30:33.138678+00:00] main.ERROR: Unable to resolve the source file for 'frontend/RevolutionParts/mopar/en_US/Magento_PageBuilder/js/resource/jarallax/jarallax.js.map' [] []
[2026-07-28T02:30:33.138858+00:00] main.CRITICAL: Unable to resolve the source file for 'frontend/RevolutionParts/mopar/en_US/Magento_PageBuilder/js/resource/jarallax/jarallax.js.map' [] []
[2026-07-28T02:30:33.258379+00:00] main.ERROR: Unable to resolve the source file for 'frontend/RevolutionParts/mopar/en_US/vimeo/player.js.map' [] []
[2026-07-28T02:30:33.258491+00:00] main.CRITICAL: Unable to resolve the source file for 'frontend/RevolutionParts/mopar/en_US/vimeo/player.js.map' [] []
[2026-07-28T02:30:33.275435+00:00] main.ERROR: Unable to resolve the source file for 'frontend/RevolutionParts/mopar/en_US/Magento_PageBuilder/js/resource/jarallax/jarallax-video.js.map' [] []
[2026-07-28T02:30:33.275559+00:00] main.CRITICAL: Unable to resolve the source file for 'frontend/RevolutionParts/mopar/en_US/Magento_PageBuilder/js/resource/jarallax/jarallax-video.js.map' [] []
[2026-07-28T02:30:38.803327+00:00] main.INFO: Broken reference: the 'notification.messages' tries to reorder itself towards 'user', but their parents are different: 'header.inner.right' and 'header' respectively. [] []
[2026-07-28T02:31:02.258227+00:00] main.INFO: Broken reference: the 'notification.messages' tries to reorder itself towards 'user', but their parents are different: 'header.inner.right' and 'header' respectively. [] []
[2026-07-28T02:31:04.243705+00:00] main.ERROR: Unable to resolve the source file for 'frontend/RevolutionParts/mopar/en_US/less/less.min.js.map' [] []
[2026-07-28T02:31:04.243919+00:00] main.CRITICAL: Unable to resolve the source file for 'frontend/RevolutionParts/mopar/en_US/less/less.min.js.map' [] []
[2026-07-28T02:31:05.206312+00:00] main.ERROR: Unable to resolve the source file for 'frontend/RevolutionParts/mopar/en_US/underscore-umd.js.map' [] []
[2026-07-28T02:31:05.206434+00:00] main.CRITICAL: Unable to resolve the source file for 'frontend/RevolutionParts/mopar/en_US/underscore-umd.js.map' [] []
[2026-07-28T02:31:05.671392+00:00] main.ERROR: Unable to resolve the source file for 'frontend/RevolutionParts/mopar/en_US/Magento_PageBuilder/js/resource/jarallax/jarallax.js.map' [] []
[2026-07-28T02:31:05.671527+00:00] main.CRITICAL: Unable to resolve the source file for 'frontend/RevolutionParts/mopar/en_US/Magento_PageBuilder/js/resource/jarallax/jarallax.js.map' [] []
[2026-07-28T02:31:05.817900+00:00] main.ERROR: Unable to resolve the source file for 'frontend/RevolutionParts/mopar/en_US/vimeo/player.js.map' [] []
[2026-07-28T02:31:05.818079+00:00] main.CRITICAL: Unable to resolve the source file for 'frontend/RevolutionParts/mopar/en_US/vimeo/player.js.map' [] []
[2026-07-28T02:31:05.856814+00:00] main.ERROR: Unable to resolve the source file for 'frontend/RevolutionParts/mopar/en_US/Magento_PageBuilder/js/resource/jarallax/jarallax-video.js.map' [] []
[2026-07-28T02:31:05.856962+00:00] main.CRITICAL: Unable to resolve the source file for 'frontend/RevolutionParts/mopar/en_US/Magento_PageBuilder/js/resource/jarallax/jarallax-video.js.map' [] []
[2026-07-28T02:33:29.347785+00:00] main.INFO: Broken reference: the 'notification.messages' tries to reorder itself towards 'user', but their parents are different: 'header.inner.right' and 'header' respectively. [] []
[2026-07-28T02:33:52.765590+00:00] main.INFO: Broken reference: the 'notification.messages' tries to reorder itself towards 'user', but their parents are different: 'header.inner.right' and 'header' respectively. [] []
[2026-07-28T02:34:01.020089+00:00] main.INFO: Broken reference: the 'notification.messages' tries to reorder itself towards 'user', but their parents are different: 'header.inner.right' and 'header' respectively. [] []
[2026-07-28T02:35:28.365921+00:00] main.INFO: Broken reference: the 'notification.messages' tries to reorder itself towards 'user', but their parents are different: 'header.inner.right' and 'header' respectively. [] []
[2026-07-28T02:36:04.532259+00:00] main.INFO: Broken reference: the 'notification.messages' tries to reorder itself towards 'user', but their parents are different: 'header.inner.right' and 'header' respectively. [] []
[2026-07-28T02:37:55.517511+00:00] main.INFO: Broken reference: the 'notification.messages' tries to reorder itself towards 'user', but their parents are different: 'header.inner.right' and 'header' respectively. [] []
[2026-07-28T02:38:06.188918+00:00] main.INFO: Broken reference: the 'notification.messages' tries to reorder itself towards 'user', but their parents are different: 'header.inner.right' and 'header' respectively. [] []
[2026-07-28T02:38:12.359910+00:00] main.INFO: Broken reference: the 'notification.messages' tries to reorder itself towards 'user', but their parents are different: 'header.inner.right' and 'header' respectively. [] []
[2026-07-28T02:38:32.539790+00:00] main.INFO: Broken reference: the 'notification.messages' tries to reorder itself towards 'user', but their parents are different: 'header.inner.right' and 'header' respectively. [] []
[2026-07-28T02:38:41.342924+00:00] main.INFO: Broken reference: the 'notification.messages' tries to reorder itself towards 'user', but their parents are different: 'header.inner.right' and 'header' respectively. [] []
[2026-07-28T02:38:57.612487+00:00] main.INFO: Broken reference: the 'notification.messages' tries to reorder itself towards 'user', but their parents are different: 'header.inner.right' and 'header' respectively. [] []
[2026-07-28T02:39:08.492135+00:00] main.INFO: Broken reference: the 'notification.messages' tries to reorder itself towards 'user', but their parents are different: 'header.inner.right' and 'header' respectively. [] []
[2026-07-28T02:39:11.591020+00:00] main.INFO: Broken reference: the 'notification.messages' tries to reorder itself towards 'user', but their parents are different: 'header.inner.right' and 'header' respectively. [] []
[2026-07-28T02:39:17.489995+00:00] main.INFO: Broken reference: the 'notification.messages' tries to reorder itself towards 'user', but their parents are different: 'header.inner.right' and 'header' respectively. [] []
[2026-07-28T02:39:33.670817+00:00] main.INFO: Broken reference: the 'notification.messages' tries to reorder itself towards 'user', but their parents are different: 'header.inner.right' and 'header' respectively. [] []
[2026-07-28T02:39:42.224577+00:00] main.INFO: Broken reference: the 'notification.messages' tries to reorder itself towards 'user', but their parents are different: 'header.inner.right' and 'header' respectively. [] []
[2026-07-28T02:40:21.350382+00:00] main.INFO: Broken reference: the 'notification.messages' tries to reorder itself towards 'user', but their parents are different: 'header.inner.right' and 'header' respectively. [] []
[2026-07-28T02:40:31.642097+00:00] main.INFO: Broken reference: the 'notification.messages' tries to reorder itself towards 'user', but their parents are different: 'header.inner.right' and 'header' respectively. [] []
[2026-07-28T02:40:39.307351+00:00] main.INFO: Broken reference: the 'notification.messages' tries to reorder itself towards 'user', but their parents are different: 'header.inner.right' and 'header' respectively. [] []
[2026-07-28T02:40:45.564013+00:00] main.INFO: Broken reference: the 'notification.messages' tries to reorder itself towards 'user', but their parents are different: 'header.inner.right' and 'header' respectively. [] []
[2026-07-28T02:41:45.927624+00:00] main.INFO: Broken reference: the 'notification.messages' tries to reorder itself towards 'user', but their parents are different: 'header.inner.right' and 'header' respectively. [] []
[2026-07-28T02:42:00.631140+00:00] main.INFO: Broken reference: the 'notification.messages' tries to reorder itself towards 'user', but their parents are different: 'header.inner.right' and 'header' respectively. [] []
[2026-07-28T02:42:00.756213+00:00] main.INFO: Broken reference: the 'notification.messages' tries to reorder itself towards 'user', but their parents are different: 'header.inner.right' and 'header' respectively. [] []
[2026-07-28T02:42:54.448376+00:00] main.INFO: Broken reference: the 'notification.messages' tries to reorder itself towards 'user', but their parents are different: 'header.inner.right' and 'header' respectively. [] []
[2026-07-28T02:43:20.773138+00:00] main.INFO: Broken reference: the 'notification.messages' tries to reorder itself towards 'user', but their parents are different: 'header.inner.right' and 'header' respectively. [] []
[2026-07-28T02:43:26.797984+00:00] main.INFO: Broken reference: the 'notification.messages' tries to reorder itself towards 'user', but their parents are different: 'header.inner.right' and 'header' respectively. [] []
[2026-07-28T02:43:41.795514+00:00] main.INFO: Broken reference: the 'notification.messages' tries to reorder itself towards 'user', but their parents are different: 'header.inner.right' and 'header' respectively. [] []
[2026-07-28T02:43:53.427664+00:00] main.INFO: Broken reference: the 'notification.messages' tries to reorder itself towards 'user', but their parents are different: 'header.inner.right' and 'header' respectively. [] []
[2026-07-28T02:44:08.026219+00:00] main.INFO: Broken reference: the 'notification.messages' tries to reorder itself towards 'user', but their parents are different: 'header.inner.right' and 'header' respectively. [] []
[2026-07-28T02:44:24.288685+00:00] main.INFO: Broken reference: the 'notification.messages' tries to reorder itself towards 'user', but their parents are different: 'header.inner.right' and 'header' respectively. [] []
[2026-07-28T02:52:10.357245+00:00] main.INFO: Broken reference: the 'notification.messages' tries to reorder itself towards 'user', but their parents are different: 'header.inner.right' and 'header' respectively. [] []
[2026-07-28T02:52:32.261669+00:00] main.INFO: Broken reference: the 'notification.messages' tries to reorder itself towards 'user', but their parents are different: 'header.inner.right' and 'header' respectively. [] []
[2026-07-28T02:52:39.748812+00:00] main.INFO: Broken reference: the 'notification.messages' tries to reorder itself towards 'user', but their parents are different: 'header.inner.right' and 'header' respectively. [] []
[2026-07-28T02:52:52.078703+00:00] main.INFO: Broken reference: the 'notification.messages' tries to reorder itself towards 'user', but their parents are different: 'header.inner.right' and 'header' respectively. [] []
[2026-07-28T02:53:11.460084+00:00] main.INFO: Broken reference: the 'notification.messages' tries to reorder itself towards 'user', but their parents are different: 'header.inner.right' and 'header' respectively. [] []
[2026-07-28T02:53:12.718063+00:00] main.CRITICAL: Failed to retrieve Adobe Stock search files results: Client error: `GET https://stock.adobe.io/Rest/Media/1/Search/Files?locale=en_US&search_parameters%5Blimit%5D=20&search_parameters%5Boffset%5D=0&search_parameters%5Bgallery_id%5D=Kqy5H45lnKzkC5I8JGFXYVwr2ltNwMe7&search_parameters%5Bfilters%5D%5Bcontent_type:photo%5D=1&search_parameters%5Bfilters%5D%5Bcontent_type:illustration%5D=1&search_parameters%5Bfilters%5D%5Bpremium%5D=all&result_columns%5B0%5D=id&result_columns%5B1%5D=nb_results&result_columns%5B2%5D=comp_url&result_columns%5B3%5D=thumbnail_240_url&result_columns%5B4%5D=width&result_columns%5B5%5D=height&result_columns%5B6%5D=thumbnail_500_url&result_columns%5B7%5D=title&result_columns%5B8%5D=creator_id&result_columns%5B9%5D=creator_name&result_columns%5B10%5D=creation_date&result_columns%5B11%5D=country_name&result_columns%5B12%5D=category&result_columns%5B13%5D=keywords&result_columns%5B14%5D=media_type_id&result_columns%5B15%5D=content_type&result_columns%5B16%5D=details_url&result_columns%5B17%5D=premium_level_id` resulted in a `403 Forbidden` response:
{"title":"ErrMissingAPIKey","status":403,"error_code":403000,"message":"API key is missing"}
 [] []
[2026-07-28T02:53:15.466197+00:00] main.CRITICAL: Failed to retrieve Adobe Stock search files results: Client error: `GET https://stock.adobe.io/Rest/Media/1/Search/Files?locale=en_US&search_parameters%5Blimit%5D=32&search_parameters%5Boffset%5D=0&search_parameters%5Bgallery_id%5D=Kqy5H45lnKzkC5I8JGFXYVwr2ltNwMe7&search_parameters%5Bfilters%5D%5Bcontent_type:photo%5D=1&search_parameters%5Bfilters%5D%5Bcontent_type:illustration%5D=1&search_parameters%5Border%5D=relevance&search_parameters%5Bfilters%5D%5Bpremium%5D=all&result_columns%5B0%5D=id&result_columns%5B1%5D=nb_results&result_columns%5B2%5D=comp_url&result_columns%5B3%5D=thumbnail_240_url&result_columns%5B4%5D=width&result_columns%5B5%5D=height&result_columns%5B6%5D=thumbnail_500_url&result_columns%5B7%5D=title&result_columns%5B8%5D=creator_id&result_columns%5B9%5D=creator_name&result_columns%5B10%5D=creation_date&result_columns%5B11%5D=country_name&result_columns%5B12%5D=category&result_columns%5B13%5D=keywords&result_columns%5B14%5D=media_type_id&result_columns%5B15%5D=content_type&result_columns%5B16%5D=details_url&result_columns%5B17%5D=premium_level_id` resulted in a `403 Forbidden` response:
{"title":"ErrMissingAPIKey","status":403,"error_code":403000,"message":"API key is missing"}
 [] []
[2026-07-28T21:59:40.556127+00:00] main.INFO: Broken reference: the 'catalog.compare.sidebar' element cannot be added as child to 'sidebar.additional', because the latter doesn't exist [] []
[2026-07-28T21:59:40.556343+00:00] main.INFO: Broken reference: the 'sale.reorder.sidebar' element cannot be added as child to 'sidebar.additional', because the latter doesn't exist [] []
[2026-07-28T21:59:40.556430+00:00] main.INFO: Broken reference: the 'wishlist_sidebar' element cannot be added as child to 'sidebar.additional', because the latter doesn't exist [] []
[2026-07-28T21:59:40.556466+00:00] main.INFO: Broken reference: the 'paypal.partner.right.logo' element cannot be added as child to 'sidebar.additional', because the latter doesn't exist [] []
[2026-07-28T21:59:40.556492+00:00] main.INFO: Broken reference: the 'bml.right.logo' element cannot be added as child to 'sidebar.additional', because the latter doesn't exist [] []
[2026-07-28T21:59:40.556523+00:00] main.INFO: Broken reference: the 'sidebar.container.paylater' element cannot be added as child to 'sidebar.additional', because the latter doesn't exist [] []
[2026-07-28T21:59:41.937472+00:00] main.ERROR: Unable to get content for 'frontend/RevolutionParts/mopar/en_US/css/source/_theme-slider.less' after 3 attempts. [] []
[2026-07-28T21:59:47.465040+00:00] main.INFO: Broken reference: the 'catalog.compare.sidebar' element cannot be added as child to 'sidebar.additional', because the latter doesn't exist [] []
[2026-07-28T21:59:47.465201+00:00] main.INFO: Broken reference: the 'sale.reorder.sidebar' element cannot be added as child to 'sidebar.additional', because the latter doesn't exist [] []
[2026-07-28T21:59:47.465295+00:00] main.INFO: Broken reference: the 'wishlist_sidebar' element cannot be added as child to 'sidebar.additional', because the latter doesn't exist [] []
[2026-07-28T21:59:47.465342+00:00] main.INFO: Broken reference: the 'paypal.partner.right.logo' element cannot be added as child to 'sidebar.additional', because the latter doesn't exist [] []
[2026-07-28T21:59:47.465375+00:00] main.INFO: Broken reference: the 'bml.right.logo' element cannot be added as child to 'sidebar.additional', because the latter doesn't exist [] []
[2026-07-28T21:59:47.465415+00:00] main.INFO: Broken reference: the 'sidebar.container.paylater' element cannot be added as child to 'sidebar.additional', because the latter doesn't exist [] []
[2026-07-28T21:59:48.454427+00:00] main.ERROR: Unable to get content for 'frontend/RevolutionParts/mopar/en_US/css/source/_theme-slider.less' after 3 attempts. [] []
[2026-07-28T22:00:33.097322+00:00] main.INFO: Broken reference: the 'catalog.compare.sidebar' element cannot be added as child to 'sidebar.additional', because the latter doesn't exist [] []
[2026-07-28T22:00:33.097476+00:00] main.INFO: Broken reference: the 'sale.reorder.sidebar' element cannot be added as child to 'sidebar.additional', because the latter doesn't exist [] []
[2026-07-28T22:00:33.097599+00:00] main.INFO: Broken reference: the 'wishlist_sidebar' element cannot be added as child to 'sidebar.additional', because the latter doesn't exist [] []
[2026-07-28T22:00:33.097653+00:00] main.INFO: Broken reference: the 'paypal.partner.right.logo' element cannot be added as child to 'sidebar.additional', because the latter doesn't exist [] []
[2026-07-28T22:00:33.097687+00:00] main.INFO: Broken reference: the 'bml.right.logo' element cannot be added as child to 'sidebar.additional', because the latter doesn't exist [] []
[2026-07-28T22:00:33.097722+00:00] main.INFO: Broken reference: the 'sidebar.container.paylater' element cannot be added as child to 'sidebar.additional', because the latter doesn't exist [] []
[2026-07-28T22:00:33.806637+00:00] main.ERROR: Unable to get content for 'frontend/RevolutionParts/mopar/en_US/css/source/_theme-slider.less' after 3 attempts. [] []
[2026-07-28T22:07:35.628790+00:00] main.INFO: Broken reference: the 'catalog.compare.sidebar' element cannot be added as child to 'sidebar.additional', because the latter doesn't exist [] []
[2026-07-28T22:07:35.629403+00:00] main.INFO: Broken reference: the 'sale.reorder.sidebar' element cannot be added as child to 'sidebar.additional', because the latter doesn't exist [] []
[2026-07-28T22:07:35.629475+00:00] main.INFO: Broken reference: the 'wishlist_sidebar' element cannot be added as child to 'sidebar.additional', because the latter doesn't exist [] []
[2026-07-28T22:07:35.629509+00:00] main.INFO: Broken reference: the 'paypal.partner.right.logo' element cannot be added as child to 'sidebar.additional', because the latter doesn't exist [] []
[2026-07-28T22:07:35.629536+00:00] main.INFO: Broken reference: the 'bml.right.logo' element cannot be added as child to 'sidebar.additional', because the latter doesn't exist [] []
[2026-07-28T22:07:35.629561+00:00] main.INFO: Broken reference: the 'sidebar.container.paylater' element cannot be added as child to 'sidebar.additional', because the latter doesn't exist [] []
[2026-07-28T22:07:36.636440+00:00] main.ERROR: Unable to get content for 'frontend/RevolutionParts/mopar/en_US/css/source/_theme-slider.less' after 3 attempts. [] []
[2026-07-28T22:31:21.564464+00:00] main.INFO: Broken reference: the 'catalog.compare.sidebar' element cannot be added as child to 'sidebar.additional', because the latter doesn't exist [] []
[2026-07-28T22:31:21.565157+00:00] main.INFO: Broken reference: the 'sale.reorder.sidebar' element cannot be added as child to 'sidebar.additional', because the latter doesn't exist [] []
[2026-07-28T22:31:21.565244+00:00] main.INFO: Broken reference: the 'wishlist_sidebar' element cannot be added as child to 'sidebar.additional', because the latter doesn't exist [] []
[2026-07-28T22:31:21.565282+00:00] main.INFO: Broken reference: the 'paypal.partner.right.logo' element cannot be added as child to 'sidebar.additional', because the latter doesn't exist [] []
[2026-07-28T22:31:21.565312+00:00] main.INFO: Broken reference: the 'bml.right.logo' element cannot be added as child to 'sidebar.additional', because the latter doesn't exist [] []
[2026-07-28T22:31:21.565340+00:00] main.INFO: Broken reference: the 'sidebar.container.paylater' element cannot be added as child to 'sidebar.additional', because the latter doesn't exist [] []
[2026-07-28T22:31:23.387703+00:00] main.ERROR: Unable to get content for 'frontend/RevolutionParts/mopar/en_US/css/source/_theme-slider.less' after 3 attempts. [] []
[2026-07-29T00:04:58.183317+00:00] main.INFO: Broken reference: the 'catalog.compare.sidebar' element cannot be added as child to 'sidebar.additional', because the latter doesn't exist [] []
[2026-07-29T00:04:58.183461+00:00] main.INFO: Broken reference: the 'sale.reorder.sidebar' element cannot be added as child to 'sidebar.additional', because the latter doesn't exist [] []
[2026-07-29T00:04:58.183553+00:00] main.INFO: Broken reference: the 'wishlist_sidebar' element cannot be added as child to 'sidebar.additional', because the latter doesn't exist [] []
[2026-07-29T00:04:58.183604+00:00] main.INFO: Broken reference: the 'paypal.partner.right.logo' element cannot be added as child to 'sidebar.additional', because the latter doesn't exist [] []
[2026-07-29T00:04:58.183640+00:00] main.INFO: Broken reference: the 'bml.right.logo' element cannot be added as child to 'sidebar.additional', because the latter doesn't exist [] []
[2026-07-29T00:04:58.183678+00:00] main.INFO: Broken reference: the 'sidebar.container.paylater' element cannot be added as child to 'sidebar.additional', because the latter doesn't exist [] []
[2026-07-29T00:04:58.199765+00:00] main.INFO: Broken reference: the 'catalog.compare.sidebar' element cannot be added as child to 'sidebar.additional', because the latter doesn't exist [] []
[2026-07-29T00:04:58.199900+00:00] main.INFO: Broken reference: the 'sale.reorder.sidebar' element cannot be added as child to 'sidebar.additional', because the latter doesn't exist [] []
[2026-07-29T00:04:58.200001+00:00] main.INFO: Broken reference: the 'wishlist_sidebar' element cannot be added as child to 'sidebar.additional', because the latter doesn't exist [] []
[2026-07-29T00:04:58.200067+00:00] main.INFO: Broken reference: the 'paypal.partner.right.logo' element cannot be added as child to 'sidebar.additional', because the latter doesn't exist [] []
[2026-07-29T00:04:58.200105+00:00] main.INFO: Broken reference: the 'bml.right.logo' element cannot be added as child to 'sidebar.additional', because the latter doesn't exist [] []
[2026-07-29T00:04:58.200141+00:00] main.INFO: Broken reference: the 'sidebar.container.paylater' element cannot be added as child to 'sidebar.additional', because the latter doesn't exist [] []
[2026-07-29T00:04:58.921605+00:00] main.INFO: Broken reference: the 'catalog.compare.sidebar' element cannot be added as child to 'sidebar.additional', because the latter doesn't exist [] []
[2026-07-29T00:04:58.921720+00:00] main.INFO: Broken reference: the 'sale.reorder.sidebar' element cannot be added as child to 'sidebar.additional', because the latter doesn't exist [] []
[2026-07-29T00:04:58.921805+00:00] main.INFO: Broken reference: the 'wishlist_sidebar' element cannot be added as child to 'sidebar.additional', because the latter doesn't exist [] []
[2026-07-29T00:04:58.921858+00:00] main.INFO: Broken reference: the 'paypal.partner.right.logo' element cannot be added as child to 'sidebar.additional', because the latter doesn't exist [] []
[2026-07-29T00:04:58.921905+00:00] main.INFO: Broken reference: the 'bml.right.logo' element cannot be added as child to 'sidebar.additional', because the latter doesn't exist [] []
[2026-07-29T00:04:58.921970+00:00] main.INFO: Broken reference: the 'sidebar.container.paylater' element cannot be added as child to 'sidebar.additional', because the latter doesn't exist [] []
[2026-07-29T00:04:59.082185+00:00] main.ERROR: Unable to get content for 'frontend/RevolutionParts/mopar/en_US/css/source/_extend.less' after 3 attempts. [] []
[2026-07-29T00:04:59.529258+00:00] main.ERROR: Unable to get content for 'frontend/RevolutionParts/mopar/en_US/css/source/_extend.less' after 3 attempts. [] []
[2026-07-29T00:05:00.156215+00:00] main.ERROR: Unable to get content for 'frontend/RevolutionParts/mopar/en_US/css/source/_extend.less' after 3 attempts. [] []
[2026-07-29T00:05:24.242102+00:00] main.INFO: Broken reference: the 'catalog.compare.sidebar' element cannot be added as child to 'sidebar.additional', because the latter doesn't exist [] []
[2026-07-29T00:05:24.242367+00:00] main.INFO: Broken reference: the 'sale.reorder.sidebar' element cannot be added as child to 'sidebar.additional', because the latter doesn't exist [] []
[2026-07-29T00:05:24.242464+00:00] main.INFO: Broken reference: the 'wishlist_sidebar' element cannot be added as child to 'sidebar.additional', because the latter doesn't exist [] []
[2026-07-29T00:05:24.242510+00:00] main.INFO: Broken reference: the 'paypal.partner.right.logo' element cannot be added as child to 'sidebar.additional', because the latter doesn't exist [] []
[2026-07-29T00:05:24.242544+00:00] main.INFO: Broken reference: the 'bml.right.logo' element cannot be added as child to 'sidebar.additional', because the latter doesn't exist [] []
[2026-07-29T00:05:24.242590+00:00] main.INFO: Broken reference: the 'sidebar.container.paylater' element cannot be added as child to 'sidebar.additional', because the latter doesn't exist [] []
[2026-07-29T00:05:25.310418+00:00] main.ERROR: Unable to get content for 'frontend/RevolutionParts/mopar/en_US/css/source/_extend.less' after 3 attempts. [] []
[2026-07-29T00:07:21.673862+00:00] main.INFO: Broken reference: the 'catalog.compare.sidebar' element cannot be added as child to 'sidebar.additional', because the latter doesn't exist [] []
[2026-07-29T00:07:21.674041+00:00] main.INFO: Broken reference: the 'sale.reorder.sidebar' element cannot be added as child to 'sidebar.additional', because the latter doesn't exist [] []
[2026-07-29T00:07:21.674144+00:00] main.INFO: Broken reference: the 'wishlist_sidebar' element cannot be added as child to 'sidebar.additional', because the latter doesn't exist [] []
[2026-07-29T00:07:21.674194+00:00] main.INFO: Broken reference: the 'paypal.partner.right.logo' element cannot be added as child to 'sidebar.additional', because the latter doesn't exist [] []
[2026-07-29T00:07:21.674229+00:00] main.INFO: Broken reference: the 'bml.right.logo' element cannot be added as child to 'sidebar.additional', because the latter doesn't exist [] []
[2026-07-29T00:07:21.674264+00:00] main.INFO: Broken reference: the 'sidebar.container.paylater' element cannot be added as child to 'sidebar.additional', because the latter doesn't exist [] []
[2026-07-29T00:07:22.907783+00:00] main.ERROR: Unable to get content for 'frontend/RevolutionParts/mopar/en_US/css/source/_extend.less' after 3 attempts. [] []
[2026-07-29T00:07:55.998926+00:00] main.INFO: Broken reference: the 'tracking' element cannot be added as child to 'header', because the latter doesn't exist [] []
[2026-07-29T00:07:55.999041+00:00] main.INFO: Broken reference: the 'notification_area' element cannot be added as child to 'notifications', because the latter doesn't exist [] []
[2026-07-29T00:07:55.999085+00:00] main.INFO: Broken reference: the 'unread_system_messages' element cannot be added as child to 'notifications', because the latter doesn't exist [] []
[2026-07-29T00:07:55.999127+00:00] main.INFO: Broken reference: the 'notification_window' element cannot be added as child to 'notifications', because the latter doesn't exist [] []
[2026-07-29T00:07:55.999170+00:00] main.INFO: Broken reference: the 'notification.messages' element cannot be added as child to 'header', because the latter doesn't exist [] []
[2026-07-29T00:07:55.999212+00:00] main.INFO: Broken reference: the 'global_notices' element cannot be added as child to 'global.notices', because the latter doesn't exist [] []
[2026-07-29T00:07:55.999253+00:00] main.INFO: Broken reference: the 'logo' element cannot be added as child to 'header', because the latter doesn't exist [] []
[2026-07-29T00:07:55.999289+00:00] main.INFO: Broken reference: the 'global.search' element cannot be added as child to 'header', because the latter doesn't exist [] []
[2026-07-29T00:07:55.999325+00:00] main.INFO: Broken reference: the 'user' element cannot be added as child to 'header', because the latter doesn't exist [] []
[2026-07-29T00:07:55.999360+00:00] main.INFO: Broken reference: the 'menu' element cannot be added as child to 'page.menu', because the latter doesn't exist [] []
[2026-07-29T00:07:55.999395+00:00] main.INFO: Broken reference: the 'breadcrumbs' element cannot be added as child to 'page.breadcrumbs', because the latter doesn't exist [] []
[2026-07-29T00:07:55.999430+00:00] main.INFO: Broken reference: the 'formkey' element cannot be added as child to 'page.formkey', because the latter doesn't exist [] []
[2026-07-29T00:07:55.999465+00:00] main.INFO: Broken reference: the 'page.title' element cannot be added as child to 'main.top', because the latter doesn't exist [] []
[2026-07-29T00:07:55.999501+00:00] main.INFO: Broken reference: the 'messages' element cannot be added as child to 'page.messages', because the latter doesn't exist [] []
[2026-07-29T00:07:55.999535+00:00] main.INFO: Broken reference: the 'page.actions.toolbar' element cannot be added as child to 'page.main.actions', because the latter doesn't exist [] []
[2026-07-29T00:07:55.999571+00:00] main.INFO: Broken reference: the 'legal' element cannot be added as child to 'footer', because the latter doesn't exist [] []
[2026-07-29T00:07:55.999643+00:00] main.INFO: Broken reference: the 'header.inner.left' element cannot be added as child to 'header', because the latter doesn't exist [] []
[2026-07-29T00:07:55.999694+00:00] main.INFO: Broken reference: the 'header.inner.right' element cannot be added as child to 'header', because the latter doesn't exist [] []
[2026-07-29T00:07:55.999744+00:00] main.INFO: Broken reference: the 'user' tries to reorder itself towards '', but their parents are different: 'header' and '' respectively. [] []
[2026-07-29T00:07:55.999779+00:00] main.INFO: Broken reference: the 'notification.messages' tries to reorder itself towards 'user', but their parents are different: 'header' and '' respectively. [] []
[2026-07-29T00:07:55.999814+00:00] main.INFO: Broken reference: the 'logo' tries to reorder itself towards '', but their parents are different: 'header' and '' respectively. [] []
[2026-07-29T00:07:55.999849+00:00] main.INFO: Broken reference: the 'global.search' tries to reorder itself towards 'logo', but their parents are different: 'header' and '' respectively. [] []
[2026-07-29T00:07:55.999883+00:00] main.INFO: Broken reference: the 'page.actions.toolbar' tries to reorder itself towards '', but their parents are different: 'page.main.actions' and '' respectively. [] []
[2026-07-29T00:07:55.999927+00:00] main.INFO: Broken reference: the 'header.inner.left' tries to reorder itself towards '', but their parents are different: 'header' and '' respectively. [] []
[2026-07-29T00:07:55.999961+00:00] main.INFO: Broken reference: the 'header.inner.right' tries to reorder itself towards 'header.inner.left', but their parents are different: 'header' and '' respectively. [] []
[2026-07-29T00:07:55.999999+00:00] main.INFO: Broken reference: the 'notification.messages' tries to reorder itself towards 'user', but their parents are different: 'header.inner.right' and '' respectively. [] []
[2026-07-29T00:08:13.450844+00:00] main.INFO: Broken reference: the 'notification.messages' tries to reorder itself towards 'user', but their parents are different: 'header.inner.right' and 'header' respectively. [] []
[2026-07-29T00:08:21.429867+00:00] main.INFO: Broken reference: the 'notification.messages' tries to reorder itself towards 'user', but their parents are different: 'header.inner.right' and 'header' respectively. [] []
[2026-07-29T00:08:24.825531+00:00] main.INFO: Broken reference: the 'notification.messages' tries to reorder itself towards 'user', but their parents are different: 'header.inner.right' and 'header' respectively. [] []
[2026-07-29T00:08:31.978661+00:00] main.INFO: Broken reference: the 'notification.messages' tries to reorder itself towards 'user', but their parents are different: 'header.inner.right' and 'header' respectively. [] []
[2026-07-29T00:08:38.028580+00:00] main.INFO: Broken reference: the 'notification.messages' tries to reorder itself towards 'user', but their parents are different: 'header.inner.right' and 'header' respectively. [] []
[2026-07-29T00:08:43.870889+00:00] main.INFO: Broken reference: the 'catalog.compare.sidebar' element cannot be added as child to 'sidebar.additional', because the latter doesn't exist [] []
[2026-07-29T00:08:43.870999+00:00] main.INFO: Broken reference: the 'sale.reorder.sidebar' element cannot be added as child to 'sidebar.additional', because the latter doesn't exist [] []
[2026-07-29T00:08:43.871087+00:00] main.INFO: Broken reference: the 'wishlist_sidebar' element cannot be added as child to 'sidebar.additional', because the latter doesn't exist [] []
[2026-07-29T00:08:43.871132+00:00] main.INFO: Broken reference: the 'paypal.partner.right.logo' element cannot be added as child to 'sidebar.additional', because the latter doesn't exist [] []
[2026-07-29T00:08:43.871165+00:00] main.INFO: Broken reference: the 'bml.right.logo' element cannot be added as child to 'sidebar.additional', because the latter doesn't exist [] []
[2026-07-29T00:08:43.871197+00:00] main.INFO: Broken reference: the 'sidebar.container.paylater' element cannot be added as child to 'sidebar.additional', because the latter doesn't exist [] []
[2026-07-29T00:08:44.923122+00:00] main.ERROR: Unable to get content for 'frontend/RevolutionParts/mopar/en_US/css/source/_extend.less' after 3 attempts. [] []
[2026-07-29T00:09:56.297154+00:00] main.INFO: Broken reference: the 'catalog.compare.sidebar' element cannot be added as child to 'sidebar.additional', because the latter doesn't exist [] []
[2026-07-29T00:09:56.297303+00:00] main.INFO: Broken reference: the 'sale.reorder.sidebar' element cannot be added as child to 'sidebar.additional', because the latter doesn't exist [] []
[2026-07-29T00:09:56.297387+00:00] main.INFO: Broken reference: the 'wishlist_sidebar' element cannot be added as child to 'sidebar.additional', because the latter doesn't exist [] []
[2026-07-29T00:09:56.297427+00:00] main.INFO: Broken reference: the 'paypal.partner.right.logo' element cannot be added as child to 'sidebar.additional', because the latter doesn't exist [] []
[2026-07-29T00:09:56.297458+00:00] main.INFO: Broken reference: the 'bml.right.logo' element cannot be added as child to 'sidebar.additional', because the latter doesn't exist [] []
[2026-07-29T00:09:56.297489+00:00] main.INFO: Broken reference: the 'sidebar.container.paylater' element cannot be added as child to 'sidebar.additional', because the latter doesn't exist [] []
[2026-07-29T00:09:56.927256+00:00] main.ERROR: Unable to get content for 'frontend/RevolutionParts/mopar/en_US/css/source/_extend.less' after 3 attempts. [] []
[2026-07-29T00:10:13.063656+00:00] main.INFO: Broken reference: the 'notification.messages' tries to reorder itself towards 'user', but their parents are different: 'header.inner.right' and 'header' respectively. [] []
[2026-07-29T00:10:16.414635+00:00] main.INFO: Broken reference: the 'notification.messages' tries to reorder itself towards 'user', but their parents are different: 'header.inner.right' and 'header' respectively. [] []
[2026-07-29T00:10:22.523392+00:00] main.INFO: Broken reference: the 'notification.messages' tries to reorder itself towards 'user', but their parents are different: 'header.inner.right' and 'header' respectively. [] []
[2026-07-29T00:10:29.371617+00:00] main.INFO: Broken reference: the 'notification.messages' tries to reorder itself towards 'user', but their parents are different: 'header.inner.right' and 'header' respectively. [] []
[2026-07-29T00:10:41.017857+00:00] main.INFO: Broken reference: the 'notification.messages' tries to reorder itself towards 'user', but their parents are different: 'header.inner.right' and 'header' respectively. [] []
[2026-07-29T00:10:42.876147+00:00] main.INFO: Broken reference: the 'notification.messages' tries to reorder itself towards 'user', but their parents are different: 'header.inner.right' and 'header' respectively. [] []
[2026-07-29T00:10:49.095405+00:00] main.INFO: Broken reference: the 'catalog.compare.sidebar' element cannot be added as child to 'sidebar.additional', because the latter doesn't exist [] []
[2026-07-29T00:10:49.095533+00:00] main.INFO: Broken reference: the 'sale.reorder.sidebar' element cannot be added as child to 'sidebar.additional', because the latter doesn't exist [] []
[2026-07-29T00:10:49.095629+00:00] main.INFO: Broken reference: the 'wishlist_sidebar' element cannot be added as child to 'sidebar.additional', because the latter doesn't exist [] []
[2026-07-29T00:10:49.095673+00:00] main.INFO: Broken reference: the 'paypal.partner.right.logo' element cannot be added as child to 'sidebar.additional', because the latter doesn't exist [] []
[2026-07-29T00:10:49.095709+00:00] main.INFO: Broken reference: the 'bml.right.logo' element cannot be added as child to 'sidebar.additional', because the latter doesn't exist [] []
[2026-07-29T00:10:49.095748+00:00] main.INFO: Broken reference: the 'sidebar.container.paylater' element cannot be added as child to 'sidebar.additional', because the latter doesn't exist [] []
[2026-07-29T00:10:59.069824+00:00] main.INFO: Broken reference: the 'notification.messages' tries to reorder itself towards 'user', but their parents are different: 'header.inner.right' and 'header' respectively. [] []
[2026-07-29T00:11:00.798347+00:00] main.INFO: Broken reference: the 'notification.messages' tries to reorder itself towards 'user', but their parents are different: 'header.inner.right' and 'header' respectively. [] []
[2026-07-29T00:11:14.715904+00:00] main.INFO: Broken reference: the 'notification.messages' tries to reorder itself towards 'user', but their parents are different: 'header.inner.right' and 'header' respectively. [] []
[2026-07-29T00:11:38.055644+00:00] main.INFO: Broken reference: the 'notification.messages' tries to reorder itself towards 'user', but their parents are different: 'header.inner.right' and 'header' respectively. [] []
[2026-07-29T00:11:48.030772+00:00] main.INFO: Broken reference: the 'notification.messages' tries to reorder itself towards 'user', but their parents are different: 'header.inner.right' and 'header' respectively. [] []
[2026-07-29T00:11:52.041432+00:00] main.INFO: Broken reference: the 'notification.messages' tries to reorder itself towards 'user', but their parents are different: 'header.inner.right' and 'header' respectively. [] []
[2026-07-29T00:12:25.973836+00:00] main.INFO: Broken reference: the 'catalog.compare.sidebar' element cannot be added as child to 'sidebar.additional', because the latter doesn't exist [] []
[2026-07-29T00:12:25.973954+00:00] main.INFO: Broken reference: the 'sale.reorder.sidebar' element cannot be added as child to 'sidebar.additional', because the latter doesn't exist [] []
[2026-07-29T00:12:25.974045+00:00] main.INFO: Broken reference: the 'wishlist_sidebar' element cannot be added as child to 'sidebar.additional', because the latter doesn't exist [] []
[2026-07-29T00:12:34.388532+00:00] main.INFO: Broken reference: the 'catalog.compare.sidebar' element cannot be added as child to 'sidebar.additional', because the latter doesn't exist [] []
[2026-07-29T00:12:34.388662+00:00] main.INFO: Broken reference: the 'sale.reorder.sidebar' element cannot be added as child to 'sidebar.additional', because the latter doesn't exist [] []
[2026-07-29T00:12:34.388760+00:00] main.INFO: Broken reference: the 'wishlist_sidebar' element cannot be added as child to 'sidebar.additional', because the latter doesn't exist [] []
[2026-07-29T00:13:06.944529+00:00] main.INFO: Broken reference: the 'notification.messages' tries to reorder itself towards 'user', but their parents are different: 'header.inner.right' and 'header' respectively. [] []
[2026-07-29T00:16:22.605574+00:00] main.INFO: Broken reference: the 'notification.messages' tries to reorder itself towards 'user', but their parents are different: 'header.inner.right' and 'header' respectively. [] []
[2026-07-29T00:23:17.519815+00:00] main.INFO: Broken reference: the 'notification.messages' tries to reorder itself towards 'user', but their parents are different: 'header.inner.right' and 'header' respectively. [] []
[2026-07-29T00:25:14.177469+00:00] main.INFO: Broken reference: the 'catalog.compare.sidebar' element cannot be added as child to 'sidebar.additional', because the latter doesn't exist [] []
[2026-07-29T00:25:14.177656+00:00] main.INFO: Broken reference: the 'sale.reorder.sidebar' element cannot be added as child to 'sidebar.additional', because the latter doesn't exist [] []
[2026-07-29T00:25:14.177764+00:00] main.INFO: Broken reference: the 'wishlist_sidebar' element cannot be added as child to 'sidebar.additional', because the latter doesn't exist [] []
[2026-07-29T00:25:14.234017+00:00] main.ERROR: Braintree\Configuration::merchantId needs to be set (or accessToken needs to be passed to Braintree\Gateway). [] []
[2026-07-29T00:25:34.094448+00:00] main.INFO: Broken reference: the 'catalog.compare.sidebar' element cannot be added as child to 'sidebar.additional', because the latter doesn't exist [] []
[2026-07-29T00:25:34.094570+00:00] main.INFO: Broken reference: the 'sale.reorder.sidebar' element cannot be added as child to 'sidebar.additional', because the latter doesn't exist [] []
[2026-07-29T00:25:34.094644+00:00] main.INFO: Broken reference: the 'wishlist_sidebar' element cannot be added as child to 'sidebar.additional', because the latter doesn't exist [] []
[2026-07-29T00:25:34.094677+00:00] main.INFO: Broken reference: the 'paypal.partner.right.logo' element cannot be added as child to 'sidebar.additional', because the latter doesn't exist [] []
[2026-07-29T00:25:34.094702+00:00] main.INFO: Broken reference: the 'bml.right.logo' element cannot be added as child to 'sidebar.additional', because the latter doesn't exist [] []
[2026-07-29T00:25:34.094727+00:00] main.INFO: Broken reference: the 'sidebar.container.paylater' element cannot be added as child to 'sidebar.additional', because the latter doesn't exist [] []
